class,sensor_1,sensor_2,correlation
normal,AI0_Vibration,AI0_Vibration,1.0
normal,AI0_Vibration,AI1_Vibration,0.2874429656065719
normal,AI0_Vibration,AI2_Current,0.006099638188540328
normal,AI1_Vibration,AI0_Vibration,0.2874429656065719
normal,AI1_Vibration,AI1_Vibration,1.0
normal,AI1_Vibration,AI2_Current,0.002273710392484306
normal,AI2_Current,AI0_Vibration,0.006099638188540328
normal,AI2_Current,AI1_Vibration,0.002273710392484306
normal,AI2_Current,AI2_Current,1.0
anomaly,AI0_Vibration,AI0_Vibration,1.0
anomaly,AI0_Vibration,AI1_Vibration,-0.4342098159701606
anomaly,AI0_Vibration,AI2_Current,-0.011952430614122883
anomaly,AI1_Vibration,AI0_Vibration,-0.4342098159701606
anomaly,AI1_Vibration,AI1_Vibration,1.0
anomaly,AI1_Vibration,AI2_Current,0.02344804938524176
anomaly,AI2_Current,AI0_Vibration,-0.011952430614122883
anomaly,AI2_Current,AI1_Vibration,0.02344804938524176
anomaly,AI2_Current,AI2_Current,1.0
