family,model,window_samples,window_seconds,experiment,removed,feature_count,features,precision_mean,precision_std,recall_mean,recall_std,f1_mean,f1_std,pr_auc_mean,pr_auc_std,tn,fp,fn,tp,fit_seconds,full_f1,full_pr_auc,f1_drop,pr_auc_drop
tabular,Isolation Forest,5,0.5,group_ablation,G1,17,"AI0_AI1_RMS_diff,AI0_AI1_RMS_ratio,AI0_AI1_corr,Current_RMS,Current_RMS_to_AI0_RMS_ratio,Current_RMS_to_AI1_RMS_ratio,AI0_current_residual,AI1_current_residual,AI0_RMS_slope,AI1_RMS_slope,Current_RMS_slope,dCurrent_RMS_x_dAI0_RMS,dCurrent_RMS_x_dAI1_RMS,AI0_kurtosis,AI1_kurtosis,AI0_crest_factor,AI1_crest_factor",1.0,0.0,0.7,0.2981423969999719,0.7933333333333333,0.21653842358548953,0.9095238095238095,0.20231091224998093,452,0,4,9,4.422687118873,0.7533333333333333,0.908,-0.040000000000000036,-0.0015238095238094829
tabular,Isolation Forest,5,0.5,group_ablation,G2,16,"AI0_RMS,AI1_RMS,Current_RMS,Current_RMS_to_AI0_RMS_ratio,Current_RMS_to_AI1_RMS_ratio,AI0_current_residual,AI1_current_residual,AI0_RMS_slope,AI1_RMS_slope,Current_RMS_slope,dCurrent_RMS_x_dAI0_RMS,dCurrent_RMS_x_dAI1_RMS,AI0_kurtosis,AI1_kurtosis,AI0_crest_factor,AI1_crest_factor",0.7333333333333333,0.4346134936801766,0.5,0.37267799624996495,0.5533333333333333,0.33299983316645804,0.8904761904761905,0.20157402155982418,451,1,7,6,4.3745813593268394,0.7533333333333333,0.908,0.19999999999999996,0.017523809523809497
tabular,Isolation Forest,5,0.5,group_ablation,G3,14,"AI0_RMS,AI1_RMS,AI0_AI1_RMS_diff,AI0_AI1_RMS_ratio,AI0_AI1_corr,AI0_RMS_slope,AI1_RMS_slope,Current_RMS_slope,dCurrent_RMS_x_dAI0_RMS,dCurrent_RMS_x_dAI1_RMS,AI0_kurtosis,AI1_kurtosis,AI0_crest_factor,AI1_crest_factor",0.7333333333333333,0.4346134936801766,0.5333333333333333,0.38005847503304596,0.5800000000000001,0.3492849839314596,0.8428571428571429,0.35138211074996695,451,1,6,7,4.292575091123581,0.7533333333333333,0.908,0.17333333333333323,0.06514285714285717
tabular,Isolation Forest,5,0.5,group_ablation,G4,14,"AI0_RMS,AI1_RMS,AI0_AI1_RMS_diff,AI0_AI1_RMS_ratio,AI0_AI1_corr,Current_RMS,Current_RMS_to_AI0_RMS_ratio,Current_RMS_to_AI1_RMS_ratio,AI0_current_residual,AI1_current_residual,AI0_kurtosis,AI1_kurtosis,AI0_crest_factor,AI1_crest_factor",1.0,0.0,0.6333333333333333,0.3415650255319866,0.7333333333333333,0.25276251480171835,0.925,0.16770509831248423,452,0,5,8,4.356508459895849,0.7533333333333333,0.908,0.020000000000000018,-0.017000000000000015
tabular,Isolation Forest,5,0.5,group_ablation,G5,15,"AI0_RMS,AI1_RMS,AI0_AI1_RMS_diff,AI0_AI1_RMS_ratio,AI0_AI1_corr,Current_RMS,Current_RMS_to_AI0_RMS_ratio,Current_RMS_to_AI1_RMS_ratio,AI0_current_residual,AI1_current_residual,AI0_RMS_slope,AI1_RMS_slope,Current_RMS_slope,dCurrent_RMS_x_dAI0_RMS,dCurrent_RMS_x_dAI1_RMS",0.9333333333333333,0.149071198499986,0.6333333333333333,0.24720661623652207,0.7133333333333334,0.13249737942901196,0.9064516129032258,0.2091805527338513,451,1,5,8,4.390090602450073,0.7533333333333333,0.908,0.039999999999999925,0.0015483870967741842
tabular,Isolation Forest,10,1.0,group_ablation,G1,17,"AI0_AI1_RMS_diff,AI0_AI1_RMS_ratio,AI0_AI1_corr,Current_RMS,Current_RMS_to_AI0_RMS_ratio,Current_RMS_to_AI1_RMS_ratio,AI0_current_residual,AI1_current_residual,AI0_RMS_slope,AI1_RMS_slope,Current_RMS_slope,dCurrent_RMS_x_dAI0_RMS,dCurrent_RMS_x_dAI1_RMS,AI0_kurtosis,AI1_kurtosis,AI0_crest_factor,AI1_crest_factor",1.0,0.0,0.6333333333333333,0.24720661623652207,0.7533333333333333,0.1849924923401548,0.9199999999999999,0.1788854381999832,452,0,5,8,4.144963106140494,0.7533333333333333,0.925,0.0,0.0050000000000001155
tabular,Isolation Forest,10,1.0,group_ablation,G2,16,"AI0_RMS,AI1_RMS,Current_RMS,Current_RMS_to_AI0_RMS_ratio,Current_RMS_to_AI1_RMS_ratio,AI0_current_residual,AI1_current_residual,AI0_RMS_slope,AI1_RMS_slope,Current_RMS_slope,dCurrent_RMS_x_dAI0_RMS,dCurrent_RMS_x_dAI1_RMS,AI0_kurtosis,AI1_kurtosis,AI0_crest_factor,AI1_crest_factor",1.0,0.0,0.6333333333333333,0.24720661623652207,0.7533333333333333,0.1849924923401548,0.9333333333333332,0.14907119849998599,452,0,5,8,4.408817590214312,0.7533333333333333,0.925,0.0,-0.008333333333333193
tabular,Isolation Forest,10,1.0,group_ablation,G3,14,"AI0_RMS,AI1_RMS,AI0_AI1_RMS_diff,AI0_AI1_RMS_ratio,AI0_AI1_corr,AI0_RMS_slope,AI1_RMS_slope,Current_RMS_slope,dCurrent_RMS_x_dAI0_RMS,dCurrent_RMS_x_dAI1_RMS,AI0_kurtosis,AI1_kurtosis,AI0_crest_factor,AI1_crest_factor",0.8,0.4472135954999579,0.5333333333333333,0.38005847503304596,0.62,0.3898717737923586,0.9181818181818182,0.18295101634089186,452,0,6,7,4.306197074241936,0.7533333333333333,0.925,0.1333333333333333,0.006818181818181834
tabular,Isolation Forest,10,1.0,group_ablation,G4,14,"AI0_RMS,AI1_RMS,AI0_AI1_RMS_diff,AI0_AI1_RMS_ratio,AI0_AI1_corr,Current_RMS,Current_RMS_to_AI0_RMS_ratio,Current_RMS_to_AI1_RMS_ratio,AI0_current_residual,AI1_current_residual,AI0_kurtosis,AI1_kurtosis,AI0_crest_factor,AI1_crest_factor",1.0,0.0,0.7,0.18257418583505539,0.8133333333333332,0.11925695879998878,0.9666666666666666,0.07453559924999302,452,0,4,9,4.354253285564482,0.7533333333333333,0.925,-0.05999999999999994,-0.04166666666666652
tabular,Isolation Forest,10,1.0,group_ablation,G5,15,"AI0_RMS,AI1_RMS,AI0_AI1_RMS_diff,AI0_AI1_RMS_ratio,AI0_AI1_corr,Current_RMS,Current_RMS_to_AI0_RMS_ratio,Current_RMS_to_AI1_RMS_ratio,AI0_current_residual,AI1_current_residual,AI0_RMS_slope,AI1_RMS_slope,Current_RMS_slope,dCurrent_RMS_x_dAI0_RMS,dCurrent_RMS_x_dAI1_RMS",1.0,0.0,0.6333333333333333,0.24720661623652207,0.7533333333333333,0.1849924923401548,0.9095238095238095,0.20231091224998093,452,0,5,8,4.3185816379264,0.7533333333333333,0.925,0.0,0.015476190476190532
tabular,Isolation Forest,15,1.5,group_ablation,G1,17,"AI0_AI1_RMS_diff,AI0_AI1_RMS_ratio,AI0_AI1_corr,Current_RMS,Current_RMS_to_AI0_RMS_ratio,Current_RMS_to_AI1_RMS_ratio,AI0_current_residual,AI1_current_residual,AI0_RMS_slope,AI1_RMS_slope,Current_RMS_slope,dCurrent_RMS_x_dAI0_RMS,dCurrent_RMS_x_dAI1_RMS,AI0_kurtosis,AI1_kurtosis,AI0_crest_factor,AI1_crest_factor",1.0,0.0,0.7,0.2981423969999719,0.7933333333333333,0.21653842358548953,1.0,0.0,452,0,4,9,4.072961331345141,0.7533333333333333,0.9666666666666666,-0.040000000000000036,-0.03333333333333344
tabular,Isolation Forest,15,1.5,group_ablation,G2,16,"AI0_RMS,AI1_RMS,Current_RMS,Current_RMS_to_AI0_RMS_ratio,Current_RMS_to_AI1_RMS_ratio,AI0_current_residual,AI1_current_residual,AI0_RMS_slope,AI1_RMS_slope,Current_RMS_slope,dCurrent_RMS_x_dAI0_RMS,dCurrent_RMS_x_dAI1_RMS,AI0_kurtosis,AI1_kurtosis,AI0_crest_factor,AI1_crest_factor",1.0,0.0,0.7,0.29814239699997197,0.7933333333333333,0.21653842358548953,1.0,0.0,452,0,4,9,4.1064086919650435,0.7533333333333333,0.9666666666666666,-0.040000000000000036,-0.03333333333333344
tabular,Isolation Forest,15,1.5,group_ablation,G3,14,"AI0_RMS,AI1_RMS,AI0_AI1_RMS_diff,AI0_AI1_RMS_ratio,AI0_AI1_corr,AI0_RMS_slope,AI1_RMS_slope,Current_RMS_slope,dCurrent_RMS_x_dAI0_RMS,dCurrent_RMS_x_dAI1_RMS,AI0_kurtosis,AI1_kurtosis,AI0_crest_factor,AI1_crest_factor",0.75,0.4330127018922193,0.5666666666666667,0.3651483716701107,0.6247619047619047,0.3561955691003357,1.0,0.0,451,1,5,8,4.143555201590061,0.7533333333333333,0.9666666666666666,0.12857142857142856,-0.03333333333333344
tabular,Isolation Forest,15,1.5,group_ablation,G4,14,"AI0_RMS,AI1_RMS,AI0_AI1_RMS_diff,AI0_AI1_RMS_ratio,AI0_AI1_corr,Current_RMS,Current_RMS_to_AI0_RMS_ratio,Current_RMS_to_AI1_RMS_ratio,AI0_current_residual,AI1_current_residual,AI0_kurtosis,AI1_kurtosis,AI0_crest_factor,AI1_crest_factor",1.0,0.0,0.7666666666666666,0.32489314482696546,0.8333333333333333,0.23570226039551587,0.95,0.11180339887498948,452,0,3,10,4.193182533606887,0.7533333333333333,0.9666666666666666,-0.07999999999999996,0.016666666666666607
tabular,Isolation Forest,15,1.5,group_ablation,G5,15,"AI0_RMS,AI1_RMS,AI0_AI1_RMS_diff,AI0_AI1_RMS_ratio,AI0_AI1_corr,Current_RMS,Current_RMS_to_AI0_RMS_ratio,Current_RMS_to_AI1_RMS_ratio,AI0_current_residual,AI1_current_residual,AI0_RMS_slope,AI1_RMS_slope,Current_RMS_slope,dCurrent_RMS_x_dAI0_RMS,dCurrent_RMS_x_dAI1_RMS",1.0,0.0,0.6333333333333333,0.24720661623652207,0.7533333333333333,0.1849924923401548,0.9666666666666666,0.07453559924999302,452,0,5,8,4.127916416153312,0.7533333333333333,0.9666666666666666,0.0,0.0
tabular,Isolation Forest,20,2.0,group_ablation,G1,17,"AI0_AI1_RMS_diff,AI0_AI1_RMS_ratio,AI0_AI1_corr,Current_RMS,Current_RMS_to_AI0_RMS_ratio,Current_RMS_to_AI1_RMS_ratio,AI0_current_residual,AI1_current_residual,AI0_RMS_slope,AI1_RMS_slope,Current_RMS_slope,dCurrent_RMS_x_dAI0_RMS,dCurrent_RMS_x_dAI1_RMS,AI0_kurtosis,AI1_kurtosis,AI0_crest_factor,AI1_crest_factor",0.8,0.4472135954999579,0.4333333333333333,0.27888667551135854,0.5533333333333333,0.33299983316645804,1.0,0.0,452,0,7,6,4.044205476529896,0.72,1.0,0.16666666666666663,0.0
tabular,Isolation Forest,20,2.0,group_ablation,G2,16,"AI0_RMS,AI1_RMS,Current_RMS,Current_RMS_to_AI0_RMS_ratio,Current_RMS_to_AI1_RMS_ratio,AI0_current_residual,AI1_current_residual,AI0_RMS_slope,AI1_RMS_slope,Current_RMS_slope,dCurrent_RMS_x_dAI0_RMS,dCurrent_RMS_x_dAI1_RMS,AI0_kurtosis,AI1_kurtosis,AI0_crest_factor,AI1_crest_factor",1.0,0.0,0.7,0.29814239699997197,0.7933333333333333,0.21653842358548953,1.0,0.0,452,0,4,9,4.013716331683099,0.72,1.0,-0.07333333333333336,0.0
tabular,Isolation Forest,20,2.0,group_ablation,G3,14,"AI0_RMS,AI1_RMS,AI0_AI1_RMS_diff,AI0_AI1_RMS_ratio,AI0_AI1_corr,AI0_RMS_slope,AI1_RMS_slope,Current_RMS_slope,dCurrent_RMS_x_dAI0_RMS,dCurrent_RMS_x_dAI1_RMS,AI0_kurtosis,AI1_kurtosis,AI0_crest_factor,AI1_crest_factor",0.8,0.4472135954999579,0.5,0.37267799624996495,0.5933333333333334,0.3788872596902086,1.0,0.0,452,0,6,7,4.006849708035588,0.72,1.0,0.1266666666666666,0.0
tabular,Isolation Forest,20,2.0,group_ablation,G4,14,"AI0_RMS,AI1_RMS,AI0_AI1_RMS_diff,AI0_AI1_RMS_ratio,AI0_AI1_corr,Current_RMS,Current_RMS_to_AI0_RMS_ratio,Current_RMS_to_AI1_RMS_ratio,AI0_current_residual,AI1_current_residual,AI0_kurtosis,AI1_kurtosis,AI0_crest_factor,AI1_crest_factor",0.8,0.4472135954999579,0.6666666666666666,0.408248290463863,0.72,0.4147288270665544,0.9666666666666666,0.07453559924999302,452,0,4,9,3.9728866703808308,0.72,1.0,0.0,0.03333333333333344
tabular,Isolation Forest,20,2.0,group_ablation,G5,15,"AI0_RMS,AI1_RMS,AI0_AI1_RMS_diff,AI0_AI1_RMS_ratio,AI0_AI1_corr,Current_RMS,Current_RMS_to_AI0_RMS_ratio,Current_RMS_to_AI1_RMS_ratio,AI0_current_residual,AI1_current_residual,AI0_RMS_slope,AI1_RMS_slope,Current_RMS_slope,dCurrent_RMS_x_dAI0_RMS,dCurrent_RMS_x_dAI1_RMS",0.8,0.4472135954999579,0.6,0.3651483716701107,0.68,0.3898717737923586,0.925,0.16770509831248423,452,0,5,8,4.0182815147563815,0.72,1.0,0.039999999999999925,0.07499999999999996
tabular,LightGBM,5,0.5,group_ablation,G1,17,"AI0_AI1_RMS_diff,AI0_AI1_RMS_ratio,AI0_AI1_corr,Current_RMS,Current_RMS_to_AI0_RMS_ratio,Current_RMS_to_AI1_RMS_ratio,AI0_current_residual,AI1_current_residual,AI0_RMS_slope,AI1_RMS_slope,Current_RMS_slope,dCurrent_RMS_x_dAI0_RMS,dCurrent_RMS_x_dAI1_RMS,AI0_kurtosis,AI1_kurtosis,AI0_crest_factor,AI1_crest_factor",0.8,0.4472135954999579,0.5333333333333333,0.38005847503304596,0.62,0.3898717737923586,0.9166666666666666,0.1863389981249825,452,0,6,7,0.37046690564602613,0.52,0.9166666666666666,-0.09999999999999998,0.0
tabular,LightGBM,5,0.5,group_ablation,G2,16,"AI0_RMS,AI1_RMS,Current_RMS,Current_RMS_to_AI0_RMS_ratio,Current_RMS_to_AI1_RMS_ratio,AI0_current_residual,AI1_current_residual,AI0_RMS_slope,AI1_RMS_slope,Current_RMS_slope,dCurrent_RMS_x_dAI0_RMS,dCurrent_RMS_x_dAI1_RMS,AI0_kurtosis,AI1_kurtosis,AI0_crest_factor,AI1_crest_factor",0.6,0.5477225575051661,0.4666666666666666,0.4472135954999579,0.52,0.48166378315169184,0.9166666666666666,0.1863389981249825,452,0,7,6,0.35568874701857567,0.52,0.9166666666666666,0.0,0.0
tabular,LightGBM,5,0.5,group_ablation,G3,14,"AI0_RMS,AI1_RMS,AI0_AI1_RMS_diff,AI0_AI1_RMS_ratio,AI0_AI1_corr,AI0_RMS_slope,AI1_RMS_slope,Current_RMS_slope,dCurrent_RMS_x_dAI0_RMS,dCurrent_RMS_x_dAI1_RMS,AI0_kurtosis,AI1_kurtosis,AI0_crest_factor,AI1_crest_factor",0.8,0.4472135954999579,0.6666666666666666,0.408248290463863,0.72,0.4147288270665544,0.9666666666666666,0.07453559924999302,452,0,4,9,0.3420541137456894,0.52,0.9166666666666666,-0.19999999999999996,-0.04999999999999993
tabular,LightGBM,5,0.5,group_ablation,G4,14,"AI0_RMS,AI1_RMS,AI0_AI1_RMS_diff,AI0_AI1_RMS_ratio,AI0_AI1_corr,Current_RMS,Current_RMS_to_AI0_RMS_ratio,Current_RMS_to_AI1_RMS_ratio,AI0_current_residual,AI1_current_residual,AI0_kurtosis,AI1_kurtosis,AI0_crest_factor,AI1_crest_factor",0.6,0.5477225575051661,0.4666666666666666,0.4472135954999579,0.52,0.48166378315169184,0.9166666666666666,0.1863389981249825,452,0,7,6,0.3321996871381998,0.52,0.9166666666666666,0.0,0.0
tabular,LightGBM,5,0.5,group_ablation,G5,15,"AI0_RMS,AI1_RMS,AI0_AI1_RMS_diff,AI0_AI1_RMS_ratio,AI0_AI1_corr,Current_RMS,Current_RMS_to_AI0_RMS_ratio,Current_RMS_to_AI1_RMS_ratio,AI0_current_residual,AI1_current_residual,AI0_RMS_slope,AI1_RMS_slope,Current_RMS_slope,dCurrent_RMS_x_dAI0_RMS,dCurrent_RMS_x_dAI1_RMS",0.6,0.5477225575051661,0.5333333333333333,0.5055250296034367,0.5599999999999999,0.5176871642217914,0.8699999999999999,0.2906888370749727,452,0,6,7,0.3473783480003476,0.52,0.9166666666666666,-0.039999999999999925,0.046666666666666745
tabular,LightGBM,10,1.0,group_ablation,G1,17,"AI0_AI1_RMS_diff,AI0_AI1_RMS_ratio,AI0_AI1_corr,Current_RMS,Current_RMS_to_AI0_RMS_ratio,Current_RMS_to_AI1_RMS_ratio,AI0_current_residual,AI1_current_residual,AI0_RMS_slope,AI1_RMS_slope,Current_RMS_slope,dCurrent_RMS_x_dAI0_RMS,dCurrent_RMS_x_dAI1_RMS,AI0_kurtosis,AI1_kurtosis,AI0_crest_factor,AI1_crest_factor",0.8,0.4472135954999579,0.6666666666666666,0.4714045207910317,0.7,0.4472135954999579,0.8833333333333332,0.2608745973749755,452,0,4,9,0.28652481734752655,0.5599999999999999,0.9,-0.14,0.01666666666666683
tabular,LightGBM,10,1.0,group_ablation,G2,16,"AI0_RMS,AI1_RMS,Current_RMS,Current_RMS_to_AI0_RMS_ratio,Current_RMS_to_AI1_RMS_ratio,AI0_current_residual,AI1_current_residual,AI0_RMS_slope,AI1_RMS_slope,Current_RMS_slope,dCurrent_RMS_x_dAI0_RMS,dCurrent_RMS_x_dAI1_RMS,AI0_kurtosis,AI1_kurtosis,AI0_crest_factor,AI1_crest_factor",0.8,0.4472135954999579,0.6,0.4346134936801766,0.6599999999999999,0.4219004621945798,0.9,0.22360679774997896,452,0,5,8,0.268555523827672,0.5599999999999999,0.9,-0.09999999999999998,0.0
tabular,LightGBM,10,1.0,group_ablation,G3,14,"AI0_RMS,AI1_RMS,AI0_AI1_RMS_diff,AI0_AI1_RMS_ratio,AI0_AI1_corr,AI0_RMS_slope,AI1_RMS_slope,Current_RMS_slope,dCurrent_RMS_x_dAI0_RMS,dCurrent_RMS_x_dAI1_RMS,AI0_kurtosis,AI1_kurtosis,AI0_crest_factor,AI1_crest_factor",0.6,0.5477225575051661,0.36666666666666664,0.4149966532662911,0.4333333333333333,0.4346134936801766,0.89,0.24596747752497689,452,0,8,5,0.2807385865598917,0.5599999999999999,0.9,0.12666666666666665,0.010000000000000009
tabular,LightGBM,10,1.0,group_ablation,G4,14,"AI0_RMS,AI1_RMS,AI0_AI1_RMS_diff,AI0_AI1_RMS_ratio,AI0_AI1_corr,Current_RMS,Current_RMS_to_AI0_RMS_ratio,Current_RMS_to_AI1_RMS_ratio,AI0_current_residual,AI1_current_residual,AI0_kurtosis,AI1_kurtosis,AI0_crest_factor,AI1_crest_factor",0.8,0.4472135954999579,0.6,0.4346134936801766,0.6599999999999999,0.4219004621945798,0.9,0.22360679774997896,452,0,5,8,0.2710215272381902,0.5599999999999999,0.9,-0.09999999999999998,0.0
tabular,LightGBM,10,1.0,group_ablation,G5,15,"AI0_RMS,AI1_RMS,AI0_AI1_RMS_diff,AI0_AI1_RMS_ratio,AI0_AI1_corr,Current_RMS,Current_RMS_to_AI0_RMS_ratio,Current_RMS_to_AI1_RMS_ratio,AI0_current_residual,AI1_current_residual,AI0_RMS_slope,AI1_RMS_slope,Current_RMS_slope,dCurrent_RMS_x_dAI0_RMS,dCurrent_RMS_x_dAI1_RMS",0.8,0.4472135954999579,0.6666666666666666,0.4714045207910317,0.7,0.4472135954999579,0.8733333333333334,0.2832352771499733,452,0,4,9,0.27902261447161436,0.5599999999999999,0.9,-0.14,0.026666666666666616
tabular,LightGBM,15,1.5,group_ablation,G1,17,"AI0_AI1_RMS_diff,AI0_AI1_RMS_ratio,AI0_AI1_corr,Current_RMS,Current_RMS_to_AI0_RMS_ratio,Current_RMS_to_AI1_RMS_ratio,AI0_current_residual,AI1_current_residual,AI0_RMS_slope,AI1_RMS_slope,Current_RMS_slope,dCurrent_RMS_x_dAI0_RMS,dCurrent_RMS_x_dAI1_RMS,AI0_kurtosis,AI1_kurtosis,AI0_crest_factor,AI1_crest_factor",0.8,0.4472135954999579,0.8,0.4472135954999579,0.8,0.4472135954999579,0.9,0.22360679774997896,452,0,2,11,0.2443443825468421,0.6333333333333333,0.8833333333333332,-0.16666666666666674,-0.01666666666666683
tabular,LightGBM,15,1.5,group_ablation,G2,16,"AI0_RMS,AI1_RMS,Current_RMS,Current_RMS_to_AI0_RMS_ratio,Current_RMS_to_AI1_RMS_ratio,AI0_current_residual,AI1_current_residual,AI0_RMS_slope,AI1_RMS_slope,Current_RMS_slope,dCurrent_RMS_x_dAI0_RMS,dCurrent_RMS_x_dAI1_RMS,AI0_kurtosis,AI1_kurtosis,AI0_crest_factor,AI1_crest_factor",0.6,0.5477225575051661,0.5,0.5,0.5333333333333333,0.5055250296034367,0.9,0.22360679774997896,452,0,6,7,0.22485564928501844,0.6333333333333333,0.8833333333333332,0.09999999999999998,-0.01666666666666683
tabular,LightGBM,15,1.5,group_ablation,G3,14,"AI0_RMS,AI1_RMS,AI0_AI1_RMS_diff,AI0_AI1_RMS_ratio,AI0_AI1_corr,AI0_RMS_slope,AI1_RMS_slope,Current_RMS_slope,dCurrent_RMS_x_dAI0_RMS,dCurrent_RMS_x_dAI1_RMS,AI0_kurtosis,AI1_kurtosis,AI0_crest_factor,AI1_crest_factor",0.6,0.5477225575051661,0.5,0.5,0.5333333333333333,0.5055250296034367,0.865,0.3018691769624716,452,0,6,7,0.2469156077131629,0.6333333333333333,0.8833333333333332,0.09999999999999998,0.0183333333333332
tabular,LightGBM,15,1.5,group_ablation,G4,14,"AI0_RMS,AI1_RMS,AI0_AI1_RMS_diff,AI0_AI1_RMS_ratio,AI0_AI1_corr,Current_RMS,Current_RMS_to_AI0_RMS_ratio,Current_RMS_to_AI1_RMS_ratio,AI0_current_residual,AI1_current_residual,AI0_kurtosis,AI1_kurtosis,AI0_crest_factor,AI1_crest_factor",0.8,0.4472135954999579,0.6666666666666666,0.408248290463863,0.72,0.4147288270665544,0.8360730593607306,0.3665517826129792,451,1,4,9,0.23891966044902802,0.6333333333333333,0.8833333333333332,-0.08666666666666667,0.04726027397260257
tabular,LightGBM,15,1.5,group_ablation,G5,15,"AI0_RMS,AI1_RMS,AI0_AI1_RMS_diff,AI0_AI1_RMS_ratio,AI0_AI1_corr,Current_RMS,Current_RMS_to_AI0_RMS_ratio,Current_RMS_to_AI1_RMS_ratio,AI0_current_residual,AI1_current_residual,AI0_RMS_slope,AI1_RMS_slope,Current_RMS_slope,dCurrent_RMS_x_dAI0_RMS,dCurrent_RMS_x_dAI1_RMS",0.8,0.4472135954999579,0.5666666666666667,0.4346134936801766,0.6333333333333333,0.4149966532662911,0.8833333333333332,0.2608745973749755,452,0,5,8,0.23642676323652267,0.6333333333333333,0.8833333333333332,0.0,0.0
tabular,LightGBM,20,2.0,group_ablation,G1,17,"AI0_AI1_RMS_diff,AI0_AI1_RMS_ratio,AI0_AI1_corr,Current_RMS,Current_RMS_to_AI0_RMS_ratio,Current_RMS_to_AI1_RMS_ratio,AI0_current_residual,AI1_current_residual,AI0_RMS_slope,AI1_RMS_slope,Current_RMS_slope,dCurrent_RMS_x_dAI0_RMS,dCurrent_RMS_x_dAI1_RMS,AI0_kurtosis,AI1_kurtosis,AI0_crest_factor,AI1_crest_factor",0.8,0.4472135954999579,0.6,0.4346134936801766,0.6599999999999999,0.4219004621945798,0.9285714285714285,0.159719141249985,452,0,5,8,0.250583752989769,0.62,0.8785714285714284,-0.039999999999999925,-0.050000000000000044
tabular,LightGBM,20,2.0,group_ablation,G2,16,"AI0_RMS,AI1_RMS,Current_RMS,Current_RMS_to_AI0_RMS_ratio,Current_RMS_to_AI1_RMS_ratio,AI0_current_residual,AI1_current_residual,AI0_RMS_slope,AI1_RMS_slope,Current_RMS_slope,dCurrent_RMS_x_dAI0_RMS,dCurrent_RMS_x_dAI1_RMS,AI0_kurtosis,AI1_kurtosis,AI0_crest_factor,AI1_crest_factor",0.75,0.4330127018922193,0.5333333333333333,0.4472135954999579,0.5714285714285714,0.3879564461142934,0.8785714285714284,0.27152254012497445,450,2,6,7,0.23929028492420912,0.62,0.8785714285714284,0.0485714285714286,0.0
tabular,LightGBM,20,2.0,group_ablation,G3,14,"AI0_RMS,AI1_RMS,AI0_AI1_RMS_diff,AI0_AI1_RMS_ratio,AI0_AI1_corr,AI0_RMS_slope,AI1_RMS_slope,Current_RMS_slope,dCurrent_RMS_x_dAI0_RMS,dCurrent_RMS_x_dAI1_RMS,AI0_kurtosis,AI1_kurtosis,AI0_crest_factor,AI1_crest_factor",0.8,0.4472135954999579,0.5666666666666667,0.3651483716701107,0.6533333333333333,0.38412960775701155,0.9333333333333332,0.14907119849998599,452,0,5,8,0.24026177264750004,0.62,0.8785714285714284,-0.033333333333333326,-0.05476190476190479
tabular,LightGBM,20,2.0,group_ablation,G4,14,"AI0_RMS,AI1_RMS,AI0_AI1_RMS_diff,AI0_AI1_RMS_ratio,AI0_AI1_corr,Current_RMS,Current_RMS_to_AI0_RMS_ratio,Current_RMS_to_AI1_RMS_ratio,AI0_current_residual,AI1_current_residual,AI0_kurtosis,AI1_kurtosis,AI0_crest_factor,AI1_crest_factor",0.8,0.4472135954999579,0.4666666666666666,0.38005847503304596,0.5599999999999999,0.3781534080237808,0.9199999999999999,0.1788854381999832,452,0,7,6,0.25705895107239485,0.62,0.8785714285714284,0.06000000000000005,-0.04142857142857148
tabular,LightGBM,20,2.0,group_ablation,G5,15,"AI0_RMS,AI1_RMS,AI0_AI1_RMS_diff,AI0_AI1_RMS_ratio,AI0_AI1_corr,Current_RMS,Current_RMS_to_AI0_RMS_ratio,Current_RMS_to_AI1_RMS_ratio,AI0_current_residual,AI1_current_residual,AI0_RMS_slope,AI1_RMS_slope,Current_RMS_slope,dCurrent_RMS_x_dAI0_RMS,dCurrent_RMS_x_dAI1_RMS",0.8,0.4472135954999579,0.6,0.3651483716701107,0.68,0.3898717737923586,0.8785714285714284,0.27152254012497445,451,1,5,8,0.2572526019066572,0.62,0.8785714285714284,-0.06000000000000005,0.0
tabular,Logistic Regression,5,0.5,group_ablation,G1,17,"AI0_AI1_RMS_diff,AI0_AI1_RMS_ratio,AI0_AI1_corr,Current_RMS,Current_RMS_to_AI0_RMS_ratio,Current_RMS_to_AI1_RMS_ratio,AI0_current_residual,AI1_current_residual,AI0_RMS_slope,AI1_RMS_slope,Current_RMS_slope,dCurrent_RMS_x_dAI0_RMS,dCurrent_RMS_x_dAI1_RMS,AI0_kurtosis,AI1_kurtosis,AI0_crest_factor,AI1_crest_factor",0.8,0.4472135954999579,0.5,0.28867513459481287,0.6133333333333334,0.3476907949441413,0.8699999999999999,0.2906888370749727,452,0,6,7,0.043931446969509125,0.6133333333333334,0.8699999999999999,0.0,0.0
tabular,Logistic Regression,5,0.5,group_ablation,G2,16,"AI0_RMS,AI1_RMS,Current_RMS,Current_RMS_to_AI0_RMS_ratio,Current_RMS_to_AI1_RMS_ratio,AI0_current_residual,AI1_current_residual,AI0_RMS_slope,AI1_RMS_slope,Current_RMS_slope,dCurrent_RMS_x_dAI0_RMS,dCurrent_RMS_x_dAI1_RMS,AI0_kurtosis,AI1_kurtosis,AI0_crest_factor,AI1_crest_factor",0.8,0.4472135954999579,0.5666666666666667,0.3651483716701107,0.6533333333333333,0.38412960775701155,0.9285714285714285,0.159719141249985,452,0,5,8,0.04151769168674946,0.6133333333333334,0.8699999999999999,-0.039999999999999925,-0.05857142857142861
tabular,Logistic Regression,5,0.5,group_ablation,G3,14,"AI0_RMS,AI1_RMS,AI0_AI1_RMS_diff,AI0_AI1_RMS_ratio,AI0_AI1_corr,AI0_RMS_slope,AI1_RMS_slope,Current_RMS_slope,dCurrent_RMS_x_dAI0_RMS,dCurrent_RMS_x_dAI1_RMS,AI0_kurtosis,AI1_kurtosis,AI0_crest_factor,AI1_crest_factor",0.8,0.4472135954999579,0.5666666666666667,0.3651483716701107,0.6533333333333333,0.38412960775701155,0.9666666666666666,0.07453559924999302,452,0,5,8,0.03985030483454466,0.6133333333333334,0.8699999999999999,-0.039999999999999925,-0.09666666666666668
tabular,Logistic Regression,5,0.5,group_ablation,G4,14,"AI0_RMS,AI1_RMS,AI0_AI1_RMS_diff,AI0_AI1_RMS_ratio,AI0_AI1_corr,Current_RMS,Current_RMS_to_AI0_RMS_ratio,Current_RMS_to_AI1_RMS_ratio,AI0_current_residual,AI1_current_residual,AI0_kurtosis,AI1_kurtosis,AI0_crest_factor,AI1_crest_factor",0.8,0.4472135954999579,0.5,0.28867513459481287,0.6133333333333334,0.3476907949441413,0.8642857142857142,0.30346636837497143,452,0,6,7,0.0436402540653944,0.6133333333333334,0.8699999999999999,0.0,0.005714285714285672
tabular,Logistic Regression,5,0.5,group_ablation,G5,15,"AI0_RMS,AI1_RMS,AI0_AI1_RMS_diff,AI0_AI1_RMS_ratio,AI0_AI1_corr,Current_RMS,Current_RMS_to_AI0_RMS_ratio,Current_RMS_to_AI1_RMS_ratio,AI0_current_residual,AI1_current_residual,AI0_RMS_slope,AI1_RMS_slope,Current_RMS_slope,dCurrent_RMS_x_dAI0_RMS,dCurrent_RMS_x_dAI1_RMS",0.8,0.4472135954999579,0.5,0.37267799624996495,0.5933333333333334,0.3788872596902086,0.7709219858156028,0.37883436961770206,451,1,6,7,0.043802483938634396,0.6133333333333334,0.8699999999999999,0.020000000000000018,0.0990780141843971
tabular,Logistic Regression,10,1.0,group_ablation,G1,17,"AI0_AI1_RMS_diff,AI0_AI1_RMS_ratio,AI0_AI1_corr,Current_RMS,Current_RMS_to_AI0_RMS_ratio,Current_RMS_to_AI1_RMS_ratio,AI0_current_residual,AI1_current_residual,AI0_RMS_slope,AI1_RMS_slope,Current_RMS_slope,dCurrent_RMS_x_dAI0_RMS,dCurrent_RMS_x_dAI1_RMS,AI0_kurtosis,AI1_kurtosis,AI0_crest_factor,AI1_crest_factor",0.8,0.4472135954999579,0.5666666666666667,0.3651483716701107,0.6533333333333333,0.38412960775701155,0.8295454545454545,0.3811479507101914,452,0,5,8,0.04790662042796612,0.6533333333333333,0.8295454545454545,0.0,0.0
tabular,Logistic Regression,10,1.0,group_ablation,G2,16,"AI0_RMS,AI1_RMS,Current_RMS,Current_RMS_to_AI0_RMS_ratio,Current_RMS_to_AI1_RMS_ratio,AI0_current_residual,AI1_current_residual,AI0_RMS_slope,AI1_RMS_slope,Current_RMS_slope,dCurrent_RMS_x_dAI0_RMS,dCurrent_RMS_x_dAI1_RMS,AI0_kurtosis,AI1_kurtosis,AI0_crest_factor,AI1_crest_factor",0.8,0.4472135954999579,0.6333333333333333,0.4149966532662911,0.6933333333333334,0.4125799585804214,0.826896551724138,0.38707107748444636,452,0,4,9,0.0428198017179966,0.6533333333333333,0.8295454545454545,-0.040000000000000036,0.002648902821316468
tabular,Logistic Regression,10,1.0,group_ablation,G3,14,"AI0_RMS,AI1_RMS,AI0_AI1_RMS_diff,AI0_AI1_RMS_ratio,AI0_AI1_corr,AI0_RMS_slope,AI1_RMS_slope,Current_RMS_slope,dCurrent_RMS_x_dAI0_RMS,dCurrent_RMS_x_dAI1_RMS,AI0_kurtosis,AI1_kurtosis,AI0_crest_factor,AI1_crest_factor",0.8,0.4472135954999579,0.5666666666666667,0.3651483716701107,0.6533333333333333,0.38412960775701155,0.9285714285714285,0.159719141249985,452,0,5,8,0.04035239573568106,0.6533333333333333,0.8295454545454545,0.0,-0.09902597402597402
tabular,Logistic Regression,10,1.0,group_ablation,G4,14,"AI0_RMS,AI1_RMS,AI0_AI1_RMS_diff,AI0_AI1_RMS_ratio,AI0_AI1_corr,Current_RMS,Current_RMS_to_AI0_RMS_ratio,Current_RMS_to_AI1_RMS_ratio,AI0_current_residual,AI1_current_residual,AI0_kurtosis,AI1_kurtosis,AI0_crest_factor,AI1_crest_factor",0.8,0.4472135954999579,0.5,0.28867513459481287,0.6133333333333334,0.3476907949441413,0.833,0.37342335224246487,452,0,6,7,0.04591254238039255,0.6533333333333333,0.8295454545454545,0.039999999999999925,-0.003454545454545488
tabular,Logistic Regression,10,1.0,group_ablation,G5,15,"AI0_RMS,AI1_RMS,AI0_AI1_RMS_diff,AI0_AI1_RMS_ratio,AI0_AI1_corr,Current_RMS,Current_RMS_to_AI0_RMS_ratio,Current_RMS_to_AI1_RMS_ratio,AI0_current_residual,AI1_current_residual,AI0_RMS_slope,AI1_RMS_slope,Current_RMS_slope,dCurrent_RMS_x_dAI0_RMS,dCurrent_RMS_x_dAI1_RMS",0.6,0.5477225575051661,0.4333333333333333,0.4346134936801766,0.49333333333333335,0.4657133119086129,0.780718954248366,0.4036615805622647,452,0,7,6,0.048359439708292484,0.6533333333333333,0.8295454545454545,0.15999999999999998,0.04882650029708846
tabular,Logistic Regression,15,1.5,group_ablation,G1,17,"AI0_AI1_RMS_diff,AI0_AI1_RMS_ratio,AI0_AI1_corr,Current_RMS,Current_RMS_to_AI0_RMS_ratio,Current_RMS_to_AI1_RMS_ratio,AI0_current_residual,AI1_current_residual,AI0_RMS_slope,AI1_RMS_slope,Current_RMS_slope,dCurrent_RMS_x_dAI0_RMS,dCurrent_RMS_x_dAI1_RMS,AI0_kurtosis,AI1_kurtosis,AI0_crest_factor,AI1_crest_factor",0.8,0.4472135954999579,0.6666666666666666,0.4714045207910317,0.7,0.4472135954999579,0.8583333333333332,0.3167762968124702,452,0,4,9,0.1014467803761363,0.6333333333333333,0.8583333333333332,-0.06666666666666665,0.0
tabular,Logistic Regression,15,1.5,group_ablation,G2,16,"AI0_RMS,AI1_RMS,Current_RMS,Current_RMS_to_AI0_RMS_ratio,Current_RMS_to_AI1_RMS_ratio,AI0_current_residual,AI1_current_residual,AI0_RMS_slope,AI1_RMS_slope,Current_RMS_slope,dCurrent_RMS_x_dAI0_RMS,dCurrent_RMS_x_dAI1_RMS,AI0_kurtosis,AI1_kurtosis,AI0_crest_factor,AI1_crest_factor",0.8,0.4472135954999579,0.5666666666666667,0.4346134936801766,0.6333333333333333,0.4149966532662911,0.875,0.2795084971874737,452,0,5,8,0.09612844232469797,0.6333333333333333,0.8583333333333332,0.0,-0.01666666666666683
tabular,Logistic Regression,15,1.5,group_ablation,G3,14,"AI0_RMS,AI1_RMS,AI0_AI1_RMS_diff,AI0_AI1_RMS_ratio,AI0_AI1_corr,AI0_RMS_slope,AI1_RMS_slope,Current_RMS_slope,dCurrent_RMS_x_dAI0_RMS,dCurrent_RMS_x_dAI1_RMS,AI0_kurtosis,AI1_kurtosis,AI0_crest_factor,AI1_crest_factor",1.0,0.0,0.6666666666666666,0.20412414523193148,0.7866666666666667,0.13662601021279466,0.9333333333333332,0.14907119849998599,452,0,4,9,0.10220122244209051,0.6333333333333333,0.8583333333333332,-0.15333333333333343,-0.07500000000000007
tabular,Logistic Regression,15,1.5,group_ablation,G4,14,"AI0_RMS,AI1_RMS,AI0_AI1_RMS_diff,AI0_AI1_RMS_ratio,AI0_AI1_corr,Current_RMS,Current_RMS_to_AI0_RMS_ratio,Current_RMS_to_AI1_RMS_ratio,AI0_current_residual,AI1_current_residual,AI0_kurtosis,AI1_kurtosis,AI0_crest_factor,AI1_crest_factor",0.8,0.4472135954999579,0.36666666666666664,0.2472066162365221,0.49333333333333335,0.3031318011837242,0.8666666666666666,0.29814239699997197,452,0,8,5,0.037620401941239834,0.6333333333333333,0.8583333333333332,0.13999999999999996,-0.008333333333333415
tabular,Logistic Regression,15,1.5,group_ablation,G5,15,"AI0_RMS,AI1_RMS,AI0_AI1_RMS_diff,AI0_AI1_RMS_ratio,AI0_AI1_corr,Current_RMS,Current_RMS_to_AI0_RMS_ratio,Current_RMS_to_AI1_RMS_ratio,AI0_current_residual,AI1_current_residual,AI0_RMS_slope,AI1_RMS_slope,Current_RMS_slope,dCurrent_RMS_x_dAI0_RMS,dCurrent_RMS_x_dAI1_RMS",0.5,0.5,0.26666666666666666,0.27888667551135854,0.34,0.3435112807463534,0.7566993464052287,0.3540148731258233,450,2,9,4,0.0991770513355732,0.6333333333333333,0.8583333333333332,0.2933333333333333,0.10163398692810444
tabular,Logistic Regression,20,2.0,group_ablation,G1,17,"AI0_AI1_RMS_diff,AI0_AI1_RMS_ratio,AI0_AI1_corr,Current_RMS,Current_RMS_to_AI0_RMS_ratio,Current_RMS_to_AI1_RMS_ratio,AI0_current_residual,AI1_current_residual,AI0_RMS_slope,AI1_RMS_slope,Current_RMS_slope,dCurrent_RMS_x_dAI0_RMS,dCurrent_RMS_x_dAI1_RMS,AI0_kurtosis,AI1_kurtosis,AI0_crest_factor,AI1_crest_factor",0.8,0.4472135954999579,0.5666666666666667,0.4346134936801766,0.6333333333333333,0.4149966532662911,1.0,0.0,452,0,5,8,0.04798887111246586,0.6333333333333333,1.0,0.0,0.0
tabular,Logistic Regression,20,2.0,group_ablation,G2,16,"AI0_RMS,AI1_RMS,Current_RMS,Current_RMS_to_AI0_RMS_ratio,Current_RMS_to_AI1_RMS_ratio,AI0_current_residual,AI1_current_residual,AI0_RMS_slope,AI1_RMS_slope,Current_RMS_slope,dCurrent_RMS_x_dAI0_RMS,dCurrent_RMS_x_dAI1_RMS,AI0_kurtosis,AI1_kurtosis,AI0_crest_factor,AI1_crest_factor",0.8,0.4472135954999579,0.6666666666666666,0.4714045207910317,0.7,0.4472135954999579,0.9666666666666666,0.07453559924999302,452,0,4,9,0.04608418606221676,0.6333333333333333,1.0,-0.06666666666666665,0.03333333333333344
tabular,Logistic Regression,20,2.0,group_ablation,G3,14,"AI0_RMS,AI1_RMS,AI0_AI1_RMS_diff,AI0_AI1_RMS_ratio,AI0_AI1_corr,AI0_RMS_slope,AI1_RMS_slope,Current_RMS_slope,dCurrent_RMS_x_dAI0_RMS,dCurrent_RMS_x_dAI1_RMS,AI0_kurtosis,AI1_kurtosis,AI0_crest_factor,AI1_crest_factor",0.8,0.4472135954999579,0.5666666666666667,0.4346134936801766,0.6333333333333333,0.4149966532662911,1.0,0.0,452,0,5,8,0.056656907312572,0.6333333333333333,1.0,0.0,0.0
tabular,Logistic Regression,20,2.0,group_ablation,G4,14,"AI0_RMS,AI1_RMS,AI0_AI1_RMS_diff,AI0_AI1_RMS_ratio,AI0_AI1_corr,Current_RMS,Current_RMS_to_AI0_RMS_ratio,Current_RMS_to_AI1_RMS_ratio,AI0_current_residual,AI1_current_residual,AI0_kurtosis,AI1_kurtosis,AI0_crest_factor,AI1_crest_factor",0.8,0.4472135954999579,0.5666666666666667,0.3651483716701107,0.6533333333333333,0.38412960775701155,0.9400000000000001,0.1341640786499874,452,0,5,8,0.031748185865581036,0.6333333333333333,1.0,-0.020000000000000018,0.05999999999999994
tabular,Logistic Regression,20,2.0,group_ablation,G5,15,"AI0_RMS,AI1_RMS,AI0_AI1_RMS_diff,AI0_AI1_RMS_ratio,AI0_AI1_corr,Current_RMS,Current_RMS_to_AI0_RMS_ratio,Current_RMS_to_AI1_RMS_ratio,AI0_current_residual,AI1_current_residual,AI0_RMS_slope,AI1_RMS_slope,Current_RMS_slope,dCurrent_RMS_x_dAI0_RMS,dCurrent_RMS_x_dAI1_RMS",0.8,0.4472135954999579,0.5,0.37267799624996495,0.5933333333333334,0.3788872596902086,0.8194835680751174,0.35888095966814065,451,1,6,7,0.052635081112384796,0.6333333333333333,1.0,0.039999999999999925,0.18051643192488265
tabular,Mahalanobis distance,5,0.5,group_ablation,G1,17,"AI0_AI1_RMS_diff,AI0_AI1_RMS_ratio,AI0_AI1_corr,Current_RMS,Current_RMS_to_AI0_RMS_ratio,Current_RMS_to_AI1_RMS_ratio,AI0_current_residual,AI1_current_residual,AI0_RMS_slope,AI1_RMS_slope,Current_RMS_slope,dCurrent_RMS_x_dAI0_RMS,dCurrent_RMS_x_dAI1_RMS,AI0_kurtosis,AI1_kurtosis,AI0_crest_factor,AI1_crest_factor",0.8,0.4472135954999579,0.6666666666666666,0.4714045207910317,0.7,0.4472135954999579,0.9083333333333332,0.20497289793748072,452,0,4,9,0.013245382346212864,0.7,0.9083333333333332,0.0,0.0
tabular,Mahalanobis distance,5,0.5,group_ablation,G2,16,"AI0_RMS,AI1_RMS,Current_RMS,Current_RMS_to_AI0_RMS_ratio,Current_RMS_to_AI1_RMS_ratio,AI0_current_residual,AI1_current_residual,AI0_RMS_slope,AI1_RMS_slope,Current_RMS_slope,dCurrent_RMS_x_dAI0_RMS,dCurrent_RMS_x_dAI1_RMS,AI0_kurtosis,AI1_kurtosis,AI0_crest_factor,AI1_crest_factor",0.8,0.4472135954999579,0.6666666666666666,0.4714045207910317,0.7,0.4472135954999579,0.9071428571428571,0.20763488362498048,452,0,4,9,0.012332726269960403,0.7,0.9083333333333332,0.0,0.0011904761904760752
tabular,Mahalanobis distance,5,0.5,group_ablation,G3,14,"AI0_RMS,AI1_RMS,AI0_AI1_RMS_diff,AI0_AI1_RMS_ratio,AI0_AI1_corr,AI0_RMS_slope,AI1_RMS_slope,Current_RMS_slope,dCurrent_RMS_x_dAI0_RMS,dCurrent_RMS_x_dAI1_RMS,AI0_kurtosis,AI1_kurtosis,AI0_crest_factor,AI1_crest_factor",0.8,0.4472135954999579,0.6666666666666666,0.4714045207910317,0.7,0.4472135954999579,0.9083333333333332,0.20497289793748072,452,0,4,9,0.012667397037148476,0.7,0.9083333333333332,0.0,0.0
tabular,Mahalanobis distance,5,0.5,group_ablation,G4,14,"AI0_RMS,AI1_RMS,AI0_AI1_RMS_diff,AI0_AI1_RMS_ratio,AI0_AI1_corr,Current_RMS,Current_RMS_to_AI0_RMS_ratio,Current_RMS_to_AI1_RMS_ratio,AI0_current_residual,AI1_current_residual,AI0_kurtosis,AI1_kurtosis,AI0_crest_factor,AI1_crest_factor",0.8,0.4472135954999579,0.6666666666666666,0.4714045207910317,0.7,0.4472135954999579,0.9285714285714285,0.159719141249985,452,0,4,9,0.012275573797523975,0.7,0.9083333333333332,0.0,-0.020238095238095277
tabular,Mahalanobis distance,5,0.5,group_ablation,G5,15,"AI0_RMS,AI1_RMS,AI0_AI1_RMS_diff,AI0_AI1_RMS_ratio,AI0_AI1_corr,Current_RMS,Current_RMS_to_AI0_RMS_ratio,Current_RMS_to_AI1_RMS_ratio,AI0_current_residual,AI1_current_residual,AI0_RMS_slope,AI1_RMS_slope,Current_RMS_slope,dCurrent_RMS_x_dAI0_RMS,dCurrent_RMS_x_dAI1_RMS",0.8,0.4472135954999579,0.6666666666666666,0.4714045207910317,0.7,0.4472135954999579,0.906060606060606,0.21005487061361663,452,0,4,9,0.01326329167932272,0.7,0.9083333333333332,0.0,0.002272727272727204
tabular,Mahalanobis distance,10,1.0,group_ablation,G1,17,"AI0_AI1_RMS_diff,AI0_AI1_RMS_ratio,AI0_AI1_corr,Current_RMS,Current_RMS_to_AI0_RMS_ratio,Current_RMS_to_AI1_RMS_ratio,AI0_current_residual,AI1_current_residual,AI0_RMS_slope,AI1_RMS_slope,Current_RMS_slope,dCurrent_RMS_x_dAI0_RMS,dCurrent_RMS_x_dAI1_RMS,AI0_kurtosis,AI1_kurtosis,AI0_crest_factor,AI1_crest_factor",0.8,0.4472135954999579,0.6666666666666666,0.4714045207910317,0.7,0.4472135954999579,0.9400000000000001,0.1341640786499874,452,0,4,9,0.011660244315862656,0.7,0.9400000000000001,0.0,0.0
tabular,Mahalanobis distance,10,1.0,group_ablation,G2,16,"AI0_RMS,AI1_RMS,Current_RMS,Current_RMS_to_AI0_RMS_ratio,Current_RMS_to_AI1_RMS_ratio,AI0_current_residual,AI1_current_residual,AI0_RMS_slope,AI1_RMS_slope,Current_RMS_slope,dCurrent_RMS_x_dAI0_RMS,dCurrent_RMS_x_dAI1_RMS,AI0_kurtosis,AI1_kurtosis,AI0_crest_factor,AI1_crest_factor",0.8,0.4472135954999579,0.6666666666666666,0.4714045207910317,0.7,0.4472135954999579,0.9400000000000001,0.1341640786499874,452,0,4,9,0.010882731527090073,0.7,0.9400000000000001,0.0,0.0
tabular,Mahalanobis distance,10,1.0,group_ablation,G3,14,"AI0_RMS,AI1_RMS,AI0_AI1_RMS_diff,AI0_AI1_RMS_ratio,AI0_AI1_corr,AI0_RMS_slope,AI1_RMS_slope,Current_RMS_slope,dCurrent_RMS_x_dAI0_RMS,dCurrent_RMS_x_dAI1_RMS,AI0_kurtosis,AI1_kurtosis,AI0_crest_factor,AI1_crest_factor",1.0,0.0,0.6333333333333333,0.3415650255319866,0.7333333333333333,0.25276251480171835,0.9181818181818182,0.18295101634089186,452,0,5,8,0.010922735556960106,0.7,0.9400000000000001,-0.033333333333333326,0.021818181818181848
tabular,Mahalanobis distance,10,1.0,group_ablation,G4,14,"AI0_RMS,AI1_RMS,AI0_AI1_RMS_diff,AI0_AI1_RMS_ratio,AI0_AI1_corr,Current_RMS,Current_RMS_to_AI0_RMS_ratio,Current_RMS_to_AI1_RMS_ratio,AI0_current_residual,AI1_current_residual,AI0_kurtosis,AI1_kurtosis,AI0_crest_factor,AI1_crest_factor",0.8,0.4472135954999579,0.5666666666666667,0.4346134936801766,0.6333333333333333,0.4149966532662911,0.95,0.11180339887498948,452,0,5,8,0.010941378772258759,0.7,0.9400000000000001,0.06666666666666665,-0.009999999999999898
tabular,Mahalanobis distance,10,1.0,group_ablation,G5,15,"AI0_RMS,AI1_RMS,AI0_AI1_RMS_diff,AI0_AI1_RMS_ratio,AI0_AI1_corr,Current_RMS,Current_RMS_to_AI0_RMS_ratio,Current_RMS_to_AI1_RMS_ratio,AI0_current_residual,AI1_current_residual,AI0_RMS_slope,AI1_RMS_slope,Current_RMS_slope,dCurrent_RMS_x_dAI0_RMS,dCurrent_RMS_x_dAI1_RMS",0.8,0.4472135954999579,0.6666666666666666,0.4714045207910317,0.7,0.4472135954999579,0.9199999999999999,0.1788854381999832,452,0,4,9,0.012010294012725353,0.7,0.9400000000000001,0.0,0.02000000000000013
tabular,Mahalanobis distance,15,1.5,group_ablation,G1,17,"AI0_AI1_RMS_diff,AI0_AI1_RMS_ratio,AI0_AI1_corr,Current_RMS,Current_RMS_to_AI0_RMS_ratio,Current_RMS_to_AI1_RMS_ratio,AI0_current_residual,AI1_current_residual,AI0_RMS_slope,AI1_RMS_slope,Current_RMS_slope,dCurrent_RMS_x_dAI0_RMS,dCurrent_RMS_x_dAI1_RMS,AI0_kurtosis,AI1_kurtosis,AI0_crest_factor,AI1_crest_factor",1.0,0.0,0.8333333333333333,0.23570226039551584,0.8933333333333333,0.1534781924429512,1.0,0.0,452,0,2,11,0.010172523558139801,0.8933333333333333,1.0,0.0,0.0
tabular,Mahalanobis distance,15,1.5,group_ablation,G2,16,"AI0_RMS,AI1_RMS,Current_RMS,Current_RMS_to_AI0_RMS_ratio,Current_RMS_to_AI1_RMS_ratio,AI0_current_residual,AI1_current_residual,AI0_RMS_slope,AI1_RMS_slope,Current_RMS_slope,dCurrent_RMS_x_dAI0_RMS,dCurrent_RMS_x_dAI1_RMS,AI0_kurtosis,AI1_kurtosis,AI0_crest_factor,AI1_crest_factor",1.0,0.0,0.8333333333333333,0.23570226039551584,0.8933333333333333,0.1534781924429512,1.0,0.0,452,0,2,11,0.010826465673744678,0.8933333333333333,1.0,0.0,0.0
tabular,Mahalanobis distance,15,1.5,group_ablation,G3,14,"AI0_RMS,AI1_RMS,AI0_AI1_RMS_diff,AI0_AI1_RMS_ratio,AI0_AI1_corr,AI0_RMS_slope,AI1_RMS_slope,Current_RMS_slope,dCurrent_RMS_x_dAI0_RMS,dCurrent_RMS_x_dAI1_RMS,AI0_kurtosis,AI1_kurtosis,AI0_crest_factor,AI1_crest_factor",1.0,0.0,0.8333333333333333,0.23570226039551584,0.8933333333333333,0.1534781924429512,1.0,0.0,452,0,2,11,0.0097346855327487,0.8933333333333333,1.0,0.0,0.0
tabular,Mahalanobis distance,15,1.5,group_ablation,G4,14,"AI0_RMS,AI1_RMS,AI0_AI1_RMS_diff,AI0_AI1_RMS_ratio,AI0_AI1_corr,Current_RMS,Current_RMS_to_AI0_RMS_ratio,Current_RMS_to_AI1_RMS_ratio,AI0_current_residual,AI1_current_residual,AI0_kurtosis,AI1_kurtosis,AI0_crest_factor,AI1_crest_factor",0.6,0.5477225575051661,0.4666666666666667,0.5055250296034367,0.5,0.5,0.9666666666666666,0.07453559924999302,452,0,6,7,0.010939002968370914,0.8933333333333333,1.0,0.3933333333333333,0.03333333333333344
tabular,Mahalanobis distance,15,1.5,group_ablation,G5,15,"AI0_RMS,AI1_RMS,AI0_AI1_RMS_diff,AI0_AI1_RMS_ratio,AI0_AI1_corr,Current_RMS,Current_RMS_to_AI0_RMS_ratio,Current_RMS_to_AI1_RMS_ratio,AI0_current_residual,AI1_current_residual,AI0_RMS_slope,AI1_RMS_slope,Current_RMS_slope,dCurrent_RMS_x_dAI0_RMS,dCurrent_RMS_x_dAI1_RMS",1.0,0.0,0.8333333333333333,0.23570226039551584,0.8933333333333333,0.1534781924429512,1.0,0.0,452,0,2,11,0.010909038595855236,0.8933333333333333,1.0,0.0,0.0
tabular,Mahalanobis distance,20,2.0,group_ablation,G1,17,"AI0_AI1_RMS_diff,AI0_AI1_RMS_ratio,AI0_AI1_corr,Current_RMS,Current_RMS_to_AI0_RMS_ratio,Current_RMS_to_AI1_RMS_ratio,AI0_current_residual,AI1_current_residual,AI0_RMS_slope,AI1_RMS_slope,Current_RMS_slope,dCurrent_RMS_x_dAI0_RMS,dCurrent_RMS_x_dAI1_RMS,AI0_kurtosis,AI1_kurtosis,AI0_crest_factor,AI1_crest_factor",1.0,0.0,0.7666666666666666,0.32489314482696546,0.8333333333333333,0.23570226039551584,1.0,0.0,452,0,3,10,0.009542976506054401,0.8333333333333333,1.0,0.0,0.0
tabular,Mahalanobis distance,20,2.0,group_ablation,G2,16,"AI0_RMS,AI1_RMS,Current_RMS,Current_RMS_to_AI0_RMS_ratio,Current_RMS_to_AI1_RMS_ratio,AI0_current_residual,AI1_current_residual,AI0_RMS_slope,AI1_RMS_slope,Current_RMS_slope,dCurrent_RMS_x_dAI0_RMS,dCurrent_RMS_x_dAI1_RMS,AI0_kurtosis,AI1_kurtosis,AI0_crest_factor,AI1_crest_factor",1.0,0.0,0.7666666666666666,0.32489314482696546,0.8333333333333333,0.23570226039551584,1.0,0.0,452,0,3,10,0.009339800104498863,0.8333333333333333,1.0,0.0,0.0
tabular,Mahalanobis distance,20,2.0,group_ablation,G3,14,"AI0_RMS,AI1_RMS,AI0_AI1_RMS_diff,AI0_AI1_RMS_ratio,AI0_AI1_corr,AI0_RMS_slope,AI1_RMS_slope,Current_RMS_slope,dCurrent_RMS_x_dAI0_RMS,dCurrent_RMS_x_dAI1_RMS,AI0_kurtosis,AI1_kurtosis,AI0_crest_factor,AI1_crest_factor",1.0,0.0,0.7666666666666666,0.32489314482696546,0.8333333333333333,0.23570226039551584,1.0,0.0,452,0,3,10,0.008794702589511871,0.8333333333333333,1.0,0.0,0.0
tabular,Mahalanobis distance,20,2.0,group_ablation,G4,14,"AI0_RMS,AI1_RMS,AI0_AI1_RMS_diff,AI0_AI1_RMS_ratio,AI0_AI1_corr,Current_RMS,Current_RMS_to_AI0_RMS_ratio,Current_RMS_to_AI1_RMS_ratio,AI0_current_residual,AI1_current_residual,AI0_kurtosis,AI1_kurtosis,AI0_crest_factor,AI1_crest_factor",0.6,0.5477225575051661,0.4666666666666667,0.5055250296034367,0.5,0.5,1.0,0.0,452,0,6,7,0.009499852545559406,0.8333333333333333,1.0,0.33333333333333326,0.0
tabular,Mahalanobis distance,20,2.0,group_ablation,G5,15,"AI0_RMS,AI1_RMS,AI0_AI1_RMS_diff,AI0_AI1_RMS_ratio,AI0_AI1_corr,Current_RMS,Current_RMS_to_AI0_RMS_ratio,Current_RMS_to_AI1_RMS_ratio,AI0_current_residual,AI1_current_residual,AI0_RMS_slope,AI1_RMS_slope,Current_RMS_slope,dCurrent_RMS_x_dAI0_RMS,dCurrent_RMS_x_dAI1_RMS",1.0,0.0,0.7666666666666666,0.32489314482696546,0.8333333333333333,0.23570226039551584,0.9666666666666666,0.07453559924999302,452,0,3,10,0.009041001088917255,0.8333333333333333,1.0,0.0,0.03333333333333344
tabular,One-Class SVM,5,0.5,group_ablation,G1,17,"AI0_AI1_RMS_diff,AI0_AI1_RMS_ratio,AI0_AI1_corr,Current_RMS,Current_RMS_to_AI0_RMS_ratio,Current_RMS_to_AI1_RMS_ratio,AI0_current_residual,AI1_current_residual,AI0_RMS_slope,AI1_RMS_slope,Current_RMS_slope,dCurrent_RMS_x_dAI0_RMS,dCurrent_RMS_x_dAI1_RMS,AI0_kurtosis,AI1_kurtosis,AI0_crest_factor,AI1_crest_factor",1.0,0.0,0.7,0.18257418583505539,0.8133333333333332,0.11925695879998878,0.9166666666666666,0.18633899812498245,452,0,4,9,0.30835907254368067,0.8133333333333332,0.9285714285714285,0.0,0.011904761904761862
tabular,One-Class SVM,5,0.5,group_ablation,G2,16,"AI0_RMS,AI1_RMS,Current_RMS,Current_RMS_to_AI0_RMS_ratio,Current_RMS_to_AI1_RMS_ratio,AI0_current_residual,AI1_current_residual,AI0_RMS_slope,AI1_RMS_slope,Current_RMS_slope,dCurrent_RMS_x_dAI0_RMS,dCurrent_RMS_x_dAI1_RMS,AI0_kurtosis,AI1_kurtosis,AI0_crest_factor,AI1_crest_factor",1.0,0.0,0.7,0.29814239699997197,0.7933333333333333,0.21653842358548953,0.909090909090909,0.20327890704543544,452,0,4,9,0.2751879123970866,0.8133333333333332,0.9285714285714285,0.019999999999999907,0.019480519480519543
tabular,One-Class SVM,5,0.5,group_ablation,G3,14,"AI0_RMS,AI1_RMS,AI0_AI1_RMS_diff,AI0_AI1_RMS_ratio,AI0_AI1_corr,AI0_RMS_slope,AI1_RMS_slope,Current_RMS_slope,dCurrent_RMS_x_dAI0_RMS,dCurrent_RMS_x_dAI1_RMS,AI0_kurtosis,AI1_kurtosis,AI0_crest_factor,AI1_crest_factor",0.8,0.4472135954999579,0.4666666666666666,0.38005847503304596,0.5599999999999999,0.3781534080237808,0.9199999999999999,0.1788854381999832,452,0,7,6,0.32202628813683987,0.8133333333333332,0.9285714285714285,0.2533333333333333,0.008571428571428563
tabular,One-Class SVM,5,0.5,group_ablation,G4,14,"AI0_RMS,AI1_RMS,AI0_AI1_RMS_diff,AI0_AI1_RMS_ratio,AI0_AI1_corr,Current_RMS,Current_RMS_to_AI0_RMS_ratio,Current_RMS_to_AI1_RMS_ratio,AI0_current_residual,AI1_current_residual,AI0_kurtosis,AI1_kurtosis,AI0_crest_factor,AI1_crest_factor",1.0,0.0,0.7,0.18257418583505539,0.8133333333333332,0.11925695879998878,0.9666666666666666,0.07453559924999302,452,0,4,9,0.2771117491647601,0.8133333333333332,0.9285714285714285,0.0,-0.03809523809523807
tabular,One-Class SVM,5,0.5,group_ablation,G5,15,"AI0_RMS,AI1_RMS,AI0_AI1_RMS_diff,AI0_AI1_RMS_ratio,AI0_AI1_corr,Current_RMS,Current_RMS_to_AI0_RMS_ratio,Current_RMS_to_AI1_RMS_ratio,AI0_current_residual,AI1_current_residual,AI0_RMS_slope,AI1_RMS_slope,Current_RMS_slope,dCurrent_RMS_x_dAI0_RMS,dCurrent_RMS_x_dAI1_RMS",1.0,0.0,0.7,0.2981423969999719,0.7933333333333333,0.21653842358548953,0.9054054054054055,0.2115199438175477,452,0,4,9,0.3020316753536463,0.8133333333333332,0.9285714285714285,0.019999999999999907,0.02316602316602301
tabular,One-Class SVM,10,1.0,group_ablation,G1,17,"AI0_AI1_RMS_diff,AI0_AI1_RMS_ratio,AI0_AI1_corr,Current_RMS,Current_RMS_to_AI0_RMS_ratio,Current_RMS_to_AI1_RMS_ratio,AI0_current_residual,AI1_current_residual,AI0_RMS_slope,AI1_RMS_slope,Current_RMS_slope,dCurrent_RMS_x_dAI0_RMS,dCurrent_RMS_x_dAI1_RMS,AI0_kurtosis,AI1_kurtosis,AI0_crest_factor,AI1_crest_factor",1.0,0.0,0.7,0.2981423969999719,0.7933333333333333,0.21653842358548953,0.9400000000000001,0.1341640786499874,452,0,4,9,0.17020806204527617,0.7933333333333333,0.95,0.0,0.009999999999999898
tabular,One-Class SVM,10,1.0,group_ablation,G2,16,"AI0_RMS,AI1_RMS,Current_RMS,Current_RMS_to_AI0_RMS_ratio,Current_RMS_to_AI1_RMS_ratio,AI0_current_residual,AI1_current_residual,AI0_RMS_slope,AI1_RMS_slope,Current_RMS_slope,dCurrent_RMS_x_dAI0_RMS,dCurrent_RMS_x_dAI1_RMS,AI0_kurtosis,AI1_kurtosis,AI0_crest_factor,AI1_crest_factor",0.95,0.1118033988749895,0.8333333333333333,0.23570226039551584,0.8647619047619047,0.1414854783699344,0.9666666666666666,0.07453559924999302,451,1,2,11,0.18088133540004492,0.7933333333333333,0.95,-0.0714285714285714,-0.016666666666666607
tabular,One-Class SVM,10,1.0,group_ablation,G3,14,"AI0_RMS,AI1_RMS,AI0_AI1_RMS_diff,AI0_AI1_RMS_ratio,AI0_AI1_corr,AI0_RMS_slope,AI1_RMS_slope,Current_RMS_slope,dCurrent_RMS_x_dAI0_RMS,dCurrent_RMS_x_dAI1_RMS,AI0_kurtosis,AI1_kurtosis,AI0_crest_factor,AI1_crest_factor",0.8,0.4472135954999579,0.6,0.4346134936801766,0.6599999999999999,0.4219004621945798,0.9333333333333332,0.14907119849998599,452,0,5,8,0.2046159878373146,0.7933333333333333,0.95,0.13333333333333341,0.01666666666666672
tabular,One-Class SVM,10,1.0,group_ablation,G4,14,"AI0_RMS,AI1_RMS,AI0_AI1_RMS_diff,AI0_AI1_RMS_ratio,AI0_AI1_corr,Current_RMS,Current_RMS_to_AI0_RMS_ratio,Current_RMS_to_AI1_RMS_ratio,AI0_current_residual,AI1_current_residual,AI0_kurtosis,AI1_kurtosis,AI0_crest_factor,AI1_crest_factor",0.8,0.4472135954999579,0.6666666666666666,0.4714045207910317,0.7,0.4472135954999579,0.9666666666666666,0.07453559924999302,452,0,4,9,0.18198893498629332,0.7933333333333333,0.95,0.09333333333333338,-0.016666666666666607
tabular,One-Class SVM,10,1.0,group_ablation,G5,15,"AI0_RMS,AI1_RMS,AI0_AI1_RMS_diff,AI0_AI1_RMS_ratio,AI0_AI1_corr,Current_RMS,Current_RMS_to_AI0_RMS_ratio,Current_RMS_to_AI1_RMS_ratio,AI0_current_residual,AI1_current_residual,AI0_RMS_slope,AI1_RMS_slope,Current_RMS_slope,dCurrent_RMS_x_dAI0_RMS,dCurrent_RMS_x_dAI1_RMS",1.0,0.0,0.7666666666666666,0.22360679774997896,0.8533333333333333,0.14452988925785867,0.9222222222222222,0.17391639824998362,452,0,3,10,0.18806624691933393,0.7933333333333333,0.95,-0.05999999999999994,0.02777777777777779
tabular,One-Class SVM,15,1.5,group_ablation,G1,17,"AI0_AI1_RMS_diff,AI0_AI1_RMS_ratio,AI0_AI1_corr,Current_RMS,Current_RMS_to_AI0_RMS_ratio,Current_RMS_to_AI1_RMS_ratio,AI0_current_residual,AI1_current_residual,AI0_RMS_slope,AI1_RMS_slope,Current_RMS_slope,dCurrent_RMS_x_dAI0_RMS,dCurrent_RMS_x_dAI1_RMS,AI0_kurtosis,AI1_kurtosis,AI0_crest_factor,AI1_crest_factor",1.0,0.0,0.7666666666666666,0.32489314482696546,0.8333333333333333,0.23570226039551587,1.0,0.0,452,0,3,10,0.08870059531182051,0.9,1.0,0.06666666666666676,0.0
tabular,One-Class SVM,15,1.5,group_ablation,G2,16,"AI0_RMS,AI1_RMS,Current_RMS,Current_RMS_to_AI0_RMS_ratio,Current_RMS_to_AI1_RMS_ratio,AI0_current_residual,AI1_current_residual,AI0_RMS_slope,AI1_RMS_slope,Current_RMS_slope,dCurrent_RMS_x_dAI0_RMS,dCurrent_RMS_x_dAI1_RMS,AI0_kurtosis,AI1_kurtosis,AI0_crest_factor,AI1_crest_factor",1.0,0.0,0.7666666666666666,0.32489314482696546,0.8333333333333333,0.23570226039551587,1.0,0.0,452,0,3,10,0.10602332465350628,0.9,1.0,0.06666666666666676,0.0
tabular,One-Class SVM,15,1.5,group_ablation,G3,14,"AI0_RMS,AI1_RMS,AI0_AI1_RMS_diff,AI0_AI1_RMS_ratio,AI0_AI1_corr,AI0_RMS_slope,AI1_RMS_slope,Current_RMS_slope,dCurrent_RMS_x_dAI0_RMS,dCurrent_RMS_x_dAI1_RMS,AI0_kurtosis,AI1_kurtosis,AI0_crest_factor,AI1_crest_factor",1.0,0.0,0.7,0.18257418583505536,0.8133333333333332,0.11925695879998878,1.0,0.0,452,0,4,9,0.09216820448637009,0.9,1.0,0.08666666666666678,0.0
tabular,One-Class SVM,15,1.5,group_ablation,G4,14,"AI0_RMS,AI1_RMS,AI0_AI1_RMS_diff,AI0_AI1_RMS_ratio,AI0_AI1_corr,Current_RMS,Current_RMS_to_AI0_RMS_ratio,Current_RMS_to_AI1_RMS_ratio,AI0_current_residual,AI1_current_residual,AI0_kurtosis,AI1_kurtosis,AI0_crest_factor,AI1_crest_factor",0.8,0.4472135954999579,0.6,0.4346134936801766,0.6599999999999999,0.4219004621945798,0.9666666666666666,0.07453559924999302,452,0,5,8,0.09884395822882652,0.9,1.0,0.2400000000000001,0.03333333333333344
tabular,One-Class SVM,15,1.5,group_ablation,G5,15,"AI0_RMS,AI1_RMS,AI0_AI1_RMS_diff,AI0_AI1_RMS_ratio,AI0_AI1_corr,Current_RMS,Current_RMS_to_AI0_RMS_ratio,Current_RMS_to_AI1_RMS_ratio,AI0_current_residual,AI1_current_residual,AI0_RMS_slope,AI1_RMS_slope,Current_RMS_slope,dCurrent_RMS_x_dAI0_RMS,dCurrent_RMS_x_dAI1_RMS",1.0,0.0,0.6666666666666667,0.3118047822311618,0.7666666666666666,0.22360679774997902,1.0,0.0,452,0,4,9,0.10126593615859747,0.9,1.0,0.13333333333333341,0.0
tabular,One-Class SVM,20,2.0,group_ablation,G1,17,"AI0_AI1_RMS_diff,AI0_AI1_RMS_ratio,AI0_AI1_corr,Current_RMS,Current_RMS_to_AI0_RMS_ratio,Current_RMS_to_AI1_RMS_ratio,AI0_current_residual,AI1_current_residual,AI0_RMS_slope,AI1_RMS_slope,Current_RMS_slope,dCurrent_RMS_x_dAI0_RMS,dCurrent_RMS_x_dAI1_RMS,AI0_kurtosis,AI1_kurtosis,AI0_crest_factor,AI1_crest_factor",0.8,0.4472135954999579,0.5,0.3726779962499649,0.5933333333333334,0.3788872596902086,1.0,0.0,452,0,6,7,0.05485806707292795,0.5933333333333334,1.0,0.0,0.0
tabular,One-Class SVM,20,2.0,group_ablation,G2,16,"AI0_RMS,AI1_RMS,Current_RMS,Current_RMS_to_AI0_RMS_ratio,Current_RMS_to_AI1_RMS_ratio,AI0_current_residual,AI1_current_residual,AI0_RMS_slope,AI1_RMS_slope,Current_RMS_slope,dCurrent_RMS_x_dAI0_RMS,dCurrent_RMS_x_dAI1_RMS,AI0_kurtosis,AI1_kurtosis,AI0_crest_factor,AI1_crest_factor",0.8,0.4472135954999579,0.5,0.3726779962499649,0.5933333333333334,0.3788872596902086,1.0,0.0,452,0,6,7,0.052143342792987823,0.5933333333333334,1.0,0.0,0.0
tabular,One-Class SVM,20,2.0,group_ablation,G3,14,"AI0_RMS,AI1_RMS,AI0_AI1_RMS_diff,AI0_AI1_RMS_ratio,AI0_AI1_corr,AI0_RMS_slope,AI1_RMS_slope,Current_RMS_slope,dCurrent_RMS_x_dAI0_RMS,dCurrent_RMS_x_dAI1_RMS,AI0_kurtosis,AI1_kurtosis,AI0_crest_factor,AI1_crest_factor",0.8,0.4472135954999579,0.5,0.3726779962499649,0.5933333333333334,0.3788872596902086,1.0,0.0,452,0,6,7,0.05031528603285551,0.5933333333333334,1.0,0.0,0.0
tabular,One-Class SVM,20,2.0,group_ablation,G4,14,"AI0_RMS,AI1_RMS,AI0_AI1_RMS_diff,AI0_AI1_RMS_ratio,AI0_AI1_corr,Current_RMS,Current_RMS_to_AI0_RMS_ratio,Current_RMS_to_AI1_RMS_ratio,AI0_current_residual,AI1_current_residual,AI0_kurtosis,AI1_kurtosis,AI0_crest_factor,AI1_crest_factor",0.8,0.4472135954999579,0.6666666666666666,0.408248290463863,0.72,0.4147288270665544,0.9666666666666666,0.07453559924999302,452,0,4,9,0.04974809568375349,0.5933333333333334,1.0,-0.1266666666666666,0.03333333333333344
tabular,One-Class SVM,20,2.0,group_ablation,G5,15,"AI0_RMS,AI1_RMS,AI0_AI1_RMS_diff,AI0_AI1_RMS_ratio,AI0_AI1_corr,Current_RMS,Current_RMS_to_AI0_RMS_ratio,Current_RMS_to_AI1_RMS_ratio,AI0_current_residual,AI1_current_residual,AI0_RMS_slope,AI1_RMS_slope,Current_RMS_slope,dCurrent_RMS_x_dAI0_RMS,dCurrent_RMS_x_dAI1_RMS",0.75,0.4330127018922193,0.6,0.4346134936801766,0.6314285714285715,0.39723534380433334,0.9666666666666666,0.07453559924999302,451,1,5,8,0.047343057580292225,0.5933333333333334,1.0,-0.03809523809523807,0.03333333333333344
tabular,PCA reconstruction,5,0.5,group_ablation,G1,17,"AI0_AI1_RMS_diff,AI0_AI1_RMS_ratio,AI0_AI1_corr,Current_RMS,Current_RMS_to_AI0_RMS_ratio,Current_RMS_to_AI1_RMS_ratio,AI0_current_residual,AI1_current_residual,AI0_RMS_slope,AI1_RMS_slope,Current_RMS_slope,dCurrent_RMS_x_dAI0_RMS,dCurrent_RMS_x_dAI1_RMS,AI0_kurtosis,AI1_kurtosis,AI0_crest_factor,AI1_crest_factor",0.8,0.4472135954999579,0.6666666666666666,0.4714045207910317,0.7,0.4472135954999579,0.9066666666666666,0.20869967789998037,452,0,4,9,0.01601243205368519,0.7,0.9105263157894736,0.0,0.0038596491228070073
tabular,PCA reconstruction,5,0.5,group_ablation,G2,16,"AI0_RMS,AI1_RMS,Current_RMS,Current_RMS_to_AI0_RMS_ratio,Current_RMS_to_AI1_RMS_ratio,AI0_current_residual,AI1_current_residual,AI0_RMS_slope,AI1_RMS_slope,Current_RMS_slope,dCurrent_RMS_x_dAI0_RMS,dCurrent_RMS_x_dAI1_RMS,AI0_kurtosis,AI1_kurtosis,AI0_crest_factor,AI1_crest_factor",0.8,0.4472135954999579,0.6666666666666666,0.4714045207910317,0.7,0.4472135954999579,0.925,0.16770509831248423,452,0,4,9,0.016323589719831944,0.7,0.9105263157894736,0.0,-0.014473684210526416
tabular,PCA reconstruction,5,0.5,group_ablation,G3,14,"AI0_RMS,AI1_RMS,AI0_AI1_RMS_diff,AI0_AI1_RMS_ratio,AI0_AI1_corr,AI0_RMS_slope,AI1_RMS_slope,Current_RMS_slope,dCurrent_RMS_x_dAI0_RMS,dCurrent_RMS_x_dAI1_RMS,AI0_kurtosis,AI1_kurtosis,AI0_crest_factor,AI1_crest_factor",0.8,0.4472135954999579,0.6666666666666666,0.4714045207910317,0.7,0.4472135954999579,0.9400000000000001,0.1341640786499874,452,0,4,9,0.015301711857318878,0.7,0.9105263157894736,0.0,-0.02947368421052643
tabular,PCA reconstruction,5,0.5,group_ablation,G4,14,"AI0_RMS,AI1_RMS,AI0_AI1_RMS_diff,AI0_AI1_RMS_ratio,AI0_AI1_corr,Current_RMS,Current_RMS_to_AI0_RMS_ratio,Current_RMS_to_AI1_RMS_ratio,AI0_current_residual,AI1_current_residual,AI0_kurtosis,AI1_kurtosis,AI0_crest_factor,AI1_crest_factor",0.8,0.4472135954999579,0.6666666666666666,0.4714045207910317,0.7,0.4472135954999579,0.9111111111111111,0.19876159799998128,452,0,4,9,0.015134588815271854,0.7,0.9105263157894736,0.0,-0.0005847953216374657
tabular,PCA reconstruction,5,0.5,group_ablation,G5,15,"AI0_RMS,AI1_RMS,AI0_AI1_RMS_diff,AI0_AI1_RMS_ratio,AI0_AI1_corr,Current_RMS,Current_RMS_to_AI0_RMS_ratio,Current_RMS_to_AI1_RMS_ratio,AI0_current_residual,AI1_current_residual,AI0_RMS_slope,AI1_RMS_slope,Current_RMS_slope,dCurrent_RMS_x_dAI0_RMS,dCurrent_RMS_x_dAI1_RMS",0.8,0.4472135954999579,0.6666666666666666,0.4714045207910317,0.7,0.4472135954999579,0.9037735849056604,0.21516880538205524,452,0,4,9,0.014422549866139889,0.7,0.9105263157894736,0.0,0.006752730883813229
tabular,PCA reconstruction,10,1.0,group_ablation,G1,17,"AI0_AI1_RMS_diff,AI0_AI1_RMS_ratio,AI0_AI1_corr,Current_RMS,Current_RMS_to_AI0_RMS_ratio,Current_RMS_to_AI1_RMS_ratio,AI0_current_residual,AI1_current_residual,AI0_RMS_slope,AI1_RMS_slope,Current_RMS_slope,dCurrent_RMS_x_dAI0_RMS,dCurrent_RMS_x_dAI1_RMS,AI0_kurtosis,AI1_kurtosis,AI0_crest_factor,AI1_crest_factor",0.8,0.4472135954999579,0.5666666666666667,0.4346134936801766,0.6333333333333333,0.4149966532662911,0.95,0.11180339887498948,452,0,5,8,0.013802309520542622,0.6333333333333333,0.95,0.0,0.0
tabular,PCA reconstruction,10,1.0,group_ablation,G2,16,"AI0_RMS,AI1_RMS,Current_RMS,Current_RMS_to_AI0_RMS_ratio,Current_RMS_to_AI1_RMS_ratio,AI0_current_residual,AI1_current_residual,AI0_RMS_slope,AI1_RMS_slope,Current_RMS_slope,dCurrent_RMS_x_dAI0_RMS,dCurrent_RMS_x_dAI1_RMS,AI0_kurtosis,AI1_kurtosis,AI0_crest_factor,AI1_crest_factor",0.8,0.4472135954999579,0.5666666666666667,0.4346134936801766,0.6333333333333333,0.4149966532662911,0.95,0.11180339887498948,452,0,5,8,0.013459116220474243,0.6333333333333333,0.95,0.0,0.0
tabular,PCA reconstruction,10,1.0,group_ablation,G3,14,"AI0_RMS,AI1_RMS,AI0_AI1_RMS_diff,AI0_AI1_RMS_ratio,AI0_AI1_corr,AI0_RMS_slope,AI1_RMS_slope,Current_RMS_slope,dCurrent_RMS_x_dAI0_RMS,dCurrent_RMS_x_dAI1_RMS,AI0_kurtosis,AI1_kurtosis,AI0_crest_factor,AI1_crest_factor",0.8,0.4472135954999579,0.5,0.3726779962499649,0.5933333333333334,0.3788872596902086,0.95,0.11180339887498948,452,0,6,7,0.013099073432385921,0.6333333333333333,0.95,0.039999999999999925,0.0
tabular,PCA reconstruction,10,1.0,group_ablation,G4,14,"AI0_RMS,AI1_RMS,AI0_AI1_RMS_diff,AI0_AI1_RMS_ratio,AI0_AI1_corr,Current_RMS,Current_RMS_to_AI0_RMS_ratio,Current_RMS_to_AI1_RMS_ratio,AI0_current_residual,AI1_current_residual,AI0_kurtosis,AI1_kurtosis,AI0_crest_factor,AI1_crest_factor",0.6,0.5477225575051661,0.4666666666666667,0.5055250296034367,0.5,0.5,0.9400000000000001,0.1341640786499874,452,0,6,7,0.012507757171988487,0.6333333333333333,0.95,0.1333333333333333,0.009999999999999898
tabular,PCA reconstruction,10,1.0,group_ablation,G5,15,"AI0_RMS,AI1_RMS,AI0_AI1_RMS_diff,AI0_AI1_RMS_ratio,AI0_AI1_corr,Current_RMS,Current_RMS_to_AI0_RMS_ratio,Current_RMS_to_AI1_RMS_ratio,AI0_current_residual,AI1_current_residual,AI0_RMS_slope,AI1_RMS_slope,Current_RMS_slope,dCurrent_RMS_x_dAI0_RMS,dCurrent_RMS_x_dAI1_RMS",0.8,0.4472135954999579,0.5666666666666667,0.4346134936801766,0.6333333333333333,0.4149966532662911,0.9333333333333332,0.14907119849998599,452,0,5,8,0.013366312719881535,0.6333333333333333,0.95,0.0,0.01666666666666672
tabular,PCA reconstruction,15,1.5,group_ablation,G1,17,"AI0_AI1_RMS_diff,AI0_AI1_RMS_ratio,AI0_AI1_corr,Current_RMS,Current_RMS_to_AI0_RMS_ratio,Current_RMS_to_AI1_RMS_ratio,AI0_current_residual,AI1_current_residual,AI0_RMS_slope,AI1_RMS_slope,Current_RMS_slope,dCurrent_RMS_x_dAI0_RMS,dCurrent_RMS_x_dAI1_RMS,AI0_kurtosis,AI1_kurtosis,AI0_crest_factor,AI1_crest_factor",1.0,0.0,0.6,0.25276251480171835,0.7266666666666667,0.18618986725025255,1.0,0.0,452,0,5,8,0.012374107725918293,0.7266666666666667,1.0,0.0,0.0
tabular,PCA reconstruction,15,1.5,group_ablation,G2,16,"AI0_RMS,AI1_RMS,Current_RMS,Current_RMS_to_AI0_RMS_ratio,Current_RMS_to_AI1_RMS_ratio,AI0_current_residual,AI1_current_residual,AI0_RMS_slope,AI1_RMS_slope,Current_RMS_slope,dCurrent_RMS_x_dAI0_RMS,dCurrent_RMS_x_dAI1_RMS,AI0_kurtosis,AI1_kurtosis,AI0_crest_factor,AI1_crest_factor",1.0,0.0,0.6,0.25276251480171835,0.7266666666666667,0.18618986725025255,1.0,0.0,452,0,5,8,0.011905784718692303,0.7266666666666667,1.0,0.0,0.0
tabular,PCA reconstruction,15,1.5,group_ablation,G3,14,"AI0_RMS,AI1_RMS,AI0_AI1_RMS_diff,AI0_AI1_RMS_ratio,AI0_AI1_corr,AI0_RMS_slope,AI1_RMS_slope,Current_RMS_slope,dCurrent_RMS_x_dAI0_RMS,dCurrent_RMS_x_dAI1_RMS,AI0_kurtosis,AI1_kurtosis,AI0_crest_factor,AI1_crest_factor",1.0,0.0,0.7,0.29814239699997197,0.7933333333333333,0.21653842358548953,1.0,0.0,452,0,4,9,0.011058731935918331,0.7266666666666667,1.0,-0.06666666666666665,0.0
tabular,PCA reconstruction,15,1.5,group_ablation,G4,14,"AI0_RMS,AI1_RMS,AI0_AI1_RMS_diff,AI0_AI1_RMS_ratio,AI0_AI1_corr,Current_RMS,Current_RMS_to_AI0_RMS_ratio,Current_RMS_to_AI1_RMS_ratio,AI0_current_residual,AI1_current_residual,AI0_kurtosis,AI1_kurtosis,AI0_crest_factor,AI1_crest_factor",0.6,0.5477225575051661,0.4666666666666667,0.5055250296034367,0.5,0.5,1.0,0.0,452,0,6,7,0.010913169011473656,0.7266666666666667,1.0,0.22666666666666668,0.0
tabular,PCA reconstruction,15,1.5,group_ablation,G5,15,"AI0_RMS,AI1_RMS,AI0_AI1_RMS_diff,AI0_AI1_RMS_ratio,AI0_AI1_corr,Current_RMS,Current_RMS_to_AI0_RMS_ratio,Current_RMS_to_AI1_RMS_ratio,AI0_current_residual,AI1_current_residual,AI0_RMS_slope,AI1_RMS_slope,Current_RMS_slope,dCurrent_RMS_x_dAI0_RMS,dCurrent_RMS_x_dAI1_RMS",0.8,0.4472135954999579,0.5,0.37267799624996495,0.5933333333333334,0.3788872596902086,0.9333333333333332,0.14907119849998599,452,0,6,7,0.011248803697526455,0.7266666666666667,1.0,0.1333333333333333,0.06666666666666676
tabular,PCA reconstruction,20,2.0,group_ablation,G1,17,"AI0_AI1_RMS_diff,AI0_AI1_RMS_ratio,AI0_AI1_corr,Current_RMS,Current_RMS_to_AI0_RMS_ratio,Current_RMS_to_AI1_RMS_ratio,AI0_current_residual,AI1_current_residual,AI0_RMS_slope,AI1_RMS_slope,Current_RMS_slope,dCurrent_RMS_x_dAI0_RMS,dCurrent_RMS_x_dAI1_RMS,AI0_kurtosis,AI1_kurtosis,AI0_crest_factor,AI1_crest_factor",0.8,0.4472135954999579,0.5666666666666667,0.4346134936801766,0.6333333333333333,0.41499665326629115,1.0,0.0,452,0,5,8,0.01102615799754858,0.5,1.0,-0.1333333333333333,0.0
tabular,PCA reconstruction,20,2.0,group_ablation,G2,16,"AI0_RMS,AI1_RMS,Current_RMS,Current_RMS_to_AI0_RMS_ratio,Current_RMS_to_AI1_RMS_ratio,AI0_current_residual,AI1_current_residual,AI0_RMS_slope,AI1_RMS_slope,Current_RMS_slope,dCurrent_RMS_x_dAI0_RMS,dCurrent_RMS_x_dAI1_RMS,AI0_kurtosis,AI1_kurtosis,AI0_crest_factor,AI1_crest_factor",0.6,0.5477225575051661,0.4666666666666667,0.5055250296034367,0.5,0.5,1.0,0.0,452,0,6,7,0.010779550299048424,0.5,1.0,0.0,0.0
tabular,PCA reconstruction,20,2.0,group_ablation,G3,14,"AI0_RMS,AI1_RMS,AI0_AI1_RMS_diff,AI0_AI1_RMS_ratio,AI0_AI1_corr,AI0_RMS_slope,AI1_RMS_slope,Current_RMS_slope,dCurrent_RMS_x_dAI0_RMS,dCurrent_RMS_x_dAI1_RMS,AI0_kurtosis,AI1_kurtosis,AI0_crest_factor,AI1_crest_factor",0.8,0.4472135954999579,0.5666666666666667,0.4346134936801766,0.6333333333333333,0.4149966532662911,1.0,0.0,452,0,5,8,0.009886601008474827,0.5,1.0,-0.1333333333333333,0.0
tabular,PCA reconstruction,20,2.0,group_ablation,G4,14,"AI0_RMS,AI1_RMS,AI0_AI1_RMS_diff,AI0_AI1_RMS_ratio,AI0_AI1_corr,Current_RMS,Current_RMS_to_AI0_RMS_ratio,Current_RMS_to_AI1_RMS_ratio,AI0_current_residual,AI1_current_residual,AI0_kurtosis,AI1_kurtosis,AI0_crest_factor,AI1_crest_factor",0.6,0.5477225575051661,0.4666666666666667,0.5055250296034367,0.5,0.5,1.0,0.0,452,0,6,7,0.010035366751253605,0.5,1.0,0.0,0.0
tabular,PCA reconstruction,20,2.0,group_ablation,G5,15,"AI0_RMS,AI1_RMS,AI0_AI1_RMS_diff,AI0_AI1_RMS_ratio,AI0_AI1_corr,Current_RMS,Current_RMS_to_AI0_RMS_ratio,Current_RMS_to_AI1_RMS_ratio,AI0_current_residual,AI1_current_residual,AI0_RMS_slope,AI1_RMS_slope,Current_RMS_slope,dCurrent_RMS_x_dAI0_RMS,dCurrent_RMS_x_dAI1_RMS",0.8,0.4472135954999579,0.5,0.28867513459481287,0.6133333333333334,0.3476907949441413,0.9666666666666666,0.07453559924999302,452,0,6,7,0.010382886976003647,0.5,1.0,-0.1133333333333334,0.03333333333333344
tabular,XGBoost,5,0.5,group_ablation,G1,17,"AI0_AI1_RMS_diff,AI0_AI1_RMS_ratio,AI0_AI1_corr,Current_RMS,Current_RMS_to_AI0_RMS_ratio,Current_RMS_to_AI1_RMS_ratio,AI0_current_residual,AI1_current_residual,AI0_RMS_slope,AI1_RMS_slope,Current_RMS_slope,dCurrent_RMS_x_dAI0_RMS,dCurrent_RMS_x_dAI1_RMS,AI0_kurtosis,AI1_kurtosis,AI0_crest_factor,AI1_crest_factor",0.8,0.4472135954999579,0.6666666666666666,0.408248290463863,0.72,0.4147288270665544,0.9166666666666666,0.1863389981249825,452,0,4,9,0.29667193721979856,0.62,0.9166666666666666,-0.09999999999999998,0.0
tabular,XGBoost,5,0.5,group_ablation,G2,16,"AI0_RMS,AI1_RMS,Current_RMS,Current_RMS_to_AI0_RMS_ratio,Current_RMS_to_AI1_RMS_ratio,AI0_current_residual,AI1_current_residual,AI0_RMS_slope,AI1_RMS_slope,Current_RMS_slope,dCurrent_RMS_x_dAI0_RMS,dCurrent_RMS_x_dAI1_RMS,AI0_kurtosis,AI1_kurtosis,AI0_crest_factor,AI1_crest_factor",0.8,0.4472135954999579,0.6,0.4346134936801766,0.6599999999999999,0.4219004621945798,0.9166666666666666,0.1863389981249825,452,0,5,8,0.28412963170558214,0.62,0.9166666666666666,-0.039999999999999925,0.0
tabular,XGBoost,5,0.5,group_ablation,G3,14,"AI0_RMS,AI1_RMS,AI0_AI1_RMS_diff,AI0_AI1_RMS_ratio,AI0_AI1_corr,AI0_RMS_slope,AI1_RMS_slope,Current_RMS_slope,dCurrent_RMS_x_dAI0_RMS,dCurrent_RMS_x_dAI1_RMS,AI0_kurtosis,AI1_kurtosis,AI0_crest_factor,AI1_crest_factor",0.8,0.4472135954999579,0.6,0.3651483716701107,0.68,0.3898717737923586,0.9666666666666666,0.07453559924999302,452,0,5,8,0.27053191140294075,0.62,0.9166666666666666,-0.06000000000000005,-0.04999999999999993
tabular,XGBoost,5,0.5,group_ablation,G4,14,"AI0_RMS,AI1_RMS,AI0_AI1_RMS_diff,AI0_AI1_RMS_ratio,AI0_AI1_corr,Current_RMS,Current_RMS_to_AI0_RMS_ratio,Current_RMS_to_AI1_RMS_ratio,AI0_current_residual,AI1_current_residual,AI0_kurtosis,AI1_kurtosis,AI0_crest_factor,AI1_crest_factor",0.8,0.4472135954999579,0.5333333333333333,0.38005847503304596,0.62,0.3898717737923586,0.9,0.22360679774997896,452,0,6,7,0.26729616429656744,0.62,0.9166666666666666,0.0,0.016666666666666607
tabular,XGBoost,5,0.5,group_ablation,G5,15,"AI0_RMS,AI1_RMS,AI0_AI1_RMS_diff,AI0_AI1_RMS_ratio,AI0_AI1_corr,Current_RMS,Current_RMS_to_AI0_RMS_ratio,Current_RMS_to_AI1_RMS_ratio,AI0_current_residual,AI1_current_residual,AI0_RMS_slope,AI1_RMS_slope,Current_RMS_slope,dCurrent_RMS_x_dAI0_RMS,dCurrent_RMS_x_dAI1_RMS",0.8,0.4472135954999579,0.5333333333333333,0.4472135954999579,0.6,0.4183300132670378,0.8642857142857142,0.30346636837497143,452,0,6,7,0.28062675427645445,0.62,0.9166666666666666,0.020000000000000018,0.05238095238095242
tabular,XGBoost,10,1.0,group_ablation,G1,17,"AI0_AI1_RMS_diff,AI0_AI1_RMS_ratio,AI0_AI1_corr,Current_RMS,Current_RMS_to_AI0_RMS_ratio,Current_RMS_to_AI1_RMS_ratio,AI0_current_residual,AI1_current_residual,AI0_RMS_slope,AI1_RMS_slope,Current_RMS_slope,dCurrent_RMS_x_dAI0_RMS,dCurrent_RMS_x_dAI1_RMS,AI0_kurtosis,AI1_kurtosis,AI0_crest_factor,AI1_crest_factor",0.8,0.4472135954999579,0.6,0.4346134936801766,0.6599999999999999,0.4219004621945798,0.9,0.22360679774997896,452,0,5,8,0.2651616772636771,0.5599999999999999,0.9,-0.09999999999999998,0.0
tabular,XGBoost,10,1.0,group_ablation,G2,16,"AI0_RMS,AI1_RMS,Current_RMS,Current_RMS_to_AI0_RMS_ratio,Current_RMS_to_AI1_RMS_ratio,AI0_current_residual,AI1_current_residual,AI0_RMS_slope,AI1_RMS_slope,Current_RMS_slope,dCurrent_RMS_x_dAI0_RMS,dCurrent_RMS_x_dAI1_RMS,AI0_kurtosis,AI1_kurtosis,AI0_crest_factor,AI1_crest_factor",0.8,0.4472135954999579,0.6666666666666666,0.4714045207910317,0.7,0.4472135954999579,0.9,0.22360679774997896,452,0,4,9,0.24260128382593393,0.5599999999999999,0.9,-0.14,0.0
tabular,XGBoost,10,1.0,group_ablation,G3,14,"AI0_RMS,AI1_RMS,AI0_AI1_RMS_diff,AI0_AI1_RMS_ratio,AI0_AI1_corr,AI0_RMS_slope,AI1_RMS_slope,Current_RMS_slope,dCurrent_RMS_x_dAI0_RMS,dCurrent_RMS_x_dAI1_RMS,AI0_kurtosis,AI1_kurtosis,AI0_crest_factor,AI1_crest_factor",0.6,0.5477225575051661,0.4666666666666666,0.5055250296034367,0.5,0.5,0.9166666666666666,0.1863389981249825,452,0,7,6,0.2306658485904336,0.5599999999999999,0.9,0.05999999999999994,-0.016666666666666607
tabular,XGBoost,10,1.0,group_ablation,G4,14,"AI0_RMS,AI1_RMS,AI0_AI1_RMS_diff,AI0_AI1_RMS_ratio,AI0_AI1_corr,Current_RMS,Current_RMS_to_AI0_RMS_ratio,Current_RMS_to_AI1_RMS_ratio,AI0_current_residual,AI1_current_residual,AI0_kurtosis,AI1_kurtosis,AI0_crest_factor,AI1_crest_factor",0.8,0.4472135954999579,0.6,0.4346134936801766,0.6599999999999999,0.4219004621945798,0.9,0.22360679774997896,452,0,5,8,0.22364608012139797,0.5599999999999999,0.9,-0.09999999999999998,0.0
tabular,XGBoost,10,1.0,group_ablation,G5,15,"AI0_RMS,AI1_RMS,AI0_AI1_RMS_diff,AI0_AI1_RMS_ratio,AI0_AI1_corr,Current_RMS,Current_RMS_to_AI0_RMS_ratio,Current_RMS_to_AI1_RMS_ratio,AI0_current_residual,AI1_current_residual,AI0_RMS_slope,AI1_RMS_slope,Current_RMS_slope,dCurrent_RMS_x_dAI0_RMS,dCurrent_RMS_x_dAI1_RMS",0.6,0.5477225575051661,0.5333333333333333,0.5055250296034367,0.5599999999999999,0.5176871642217915,0.9,0.22360679774997896,452,0,6,7,0.24079746007919312,0.5599999999999999,0.9,0.0,0.0
tabular,XGBoost,15,1.5,group_ablation,G1,17,"AI0_AI1_RMS_diff,AI0_AI1_RMS_ratio,AI0_AI1_corr,Current_RMS,Current_RMS_to_AI0_RMS_ratio,Current_RMS_to_AI1_RMS_ratio,AI0_current_residual,AI1_current_residual,AI0_RMS_slope,AI1_RMS_slope,Current_RMS_slope,dCurrent_RMS_x_dAI0_RMS,dCurrent_RMS_x_dAI1_RMS,AI0_kurtosis,AI1_kurtosis,AI0_crest_factor,AI1_crest_factor",0.6,0.5477225575051661,0.6,0.5477225575051661,0.6,0.5477225575051661,0.89,0.24596747752497689,452,0,5,8,0.24377905204892159,0.6,0.865,0.0,-0.025000000000000022
tabular,XGBoost,15,1.5,group_ablation,G2,16,"AI0_RMS,AI1_RMS,Current_RMS,Current_RMS_to_AI0_RMS_ratio,Current_RMS_to_AI1_RMS_ratio,AI0_current_residual,AI1_current_residual,AI0_RMS_slope,AI1_RMS_slope,Current_RMS_slope,dCurrent_RMS_x_dAI0_RMS,dCurrent_RMS_x_dAI1_RMS,AI0_kurtosis,AI1_kurtosis,AI0_crest_factor,AI1_crest_factor",0.8,0.4472135954999579,0.6333333333333333,0.4149966532662911,0.6933333333333334,0.4125799585804214,0.8833333333333332,0.2608745973749755,452,0,4,9,0.21658529620617628,0.6,0.865,-0.09333333333333338,-0.0183333333333332
tabular,XGBoost,15,1.5,group_ablation,G3,14,"AI0_RMS,AI1_RMS,AI0_AI1_RMS_diff,AI0_AI1_RMS_ratio,AI0_AI1_corr,AI0_RMS_slope,AI1_RMS_slope,Current_RMS_slope,dCurrent_RMS_x_dAI0_RMS,dCurrent_RMS_x_dAI1_RMS,AI0_kurtosis,AI1_kurtosis,AI0_crest_factor,AI1_crest_factor",0.6,0.5477225575051661,0.5,0.5,0.5333333333333333,0.5055250296034367,0.9400000000000001,0.1341640786499874,452,0,6,7,0.21777131874114275,0.6,0.865,0.06666666666666665,-0.07500000000000007
tabular,XGBoost,15,1.5,group_ablation,G4,14,"AI0_RMS,AI1_RMS,AI0_AI1_RMS_diff,AI0_AI1_RMS_ratio,AI0_AI1_corr,Current_RMS,Current_RMS_to_AI0_RMS_ratio,Current_RMS_to_AI1_RMS_ratio,AI0_current_residual,AI1_current_residual,AI0_kurtosis,AI1_kurtosis,AI0_crest_factor,AI1_crest_factor",0.6,0.5477225575051661,0.5333333333333333,0.5055250296034367,0.5599999999999999,0.5176871642217915,0.8305555555555555,0.37888929618746436,452,0,6,7,0.21449716854840517,0.6,0.865,0.040000000000000036,0.0344444444444445
tabular,XGBoost,15,1.5,group_ablation,G5,15,"AI0_RMS,AI1_RMS,AI0_AI1_RMS_diff,AI0_AI1_RMS_ratio,AI0_AI1_corr,Current_RMS,Current_RMS_to_AI0_RMS_ratio,Current_RMS_to_AI1_RMS_ratio,AI0_current_residual,AI1_current_residual,AI0_RMS_slope,AI1_RMS_slope,Current_RMS_slope,dCurrent_RMS_x_dAI0_RMS,dCurrent_RMS_x_dAI1_RMS",0.8,0.4472135954999579,0.6,0.4346134936801766,0.6599999999999999,0.4219004621945798,0.8583333333333332,0.3167762968124702,452,0,5,8,0.218361078761518,0.6,0.865,-0.05999999999999994,0.006666666666666821
tabular,XGBoost,20,2.0,group_ablation,G1,17,"AI0_AI1_RMS_diff,AI0_AI1_RMS_ratio,AI0_AI1_corr,Current_RMS,Current_RMS_to_AI0_RMS_ratio,Current_RMS_to_AI1_RMS_ratio,AI0_current_residual,AI1_current_residual,AI0_RMS_slope,AI1_RMS_slope,Current_RMS_slope,dCurrent_RMS_x_dAI0_RMS,dCurrent_RMS_x_dAI1_RMS,AI0_kurtosis,AI1_kurtosis,AI0_crest_factor,AI1_crest_factor",0.8,0.4472135954999579,0.6,0.4346134936801766,0.6599999999999999,0.4219004621945798,0.9142857142857143,0.19166296949998196,452,0,5,8,0.21409240551292896,0.6599999999999999,0.9166666666666666,0.0,0.0023809523809523725
tabular,XGBoost,20,2.0,group_ablation,G2,16,"AI0_RMS,AI1_RMS,Current_RMS,Current_RMS_to_AI0_RMS_ratio,Current_RMS_to_AI1_RMS_ratio,AI0_current_residual,AI1_current_residual,AI0_RMS_slope,AI1_RMS_slope,Current_RMS_slope,dCurrent_RMS_x_dAI0_RMS,dCurrent_RMS_x_dAI1_RMS,AI0_kurtosis,AI1_kurtosis,AI0_crest_factor,AI1_crest_factor",0.8,0.4472135954999579,0.6,0.4346134936801766,0.6599999999999999,0.4219004621945798,0.8653846153846153,0.3010091508172794,452,0,5,8,0.22469385527074337,0.6599999999999999,0.9166666666666666,0.0,0.05128205128205132
tabular,XGBoost,20,2.0,group_ablation,G3,14,"AI0_RMS,AI1_RMS,AI0_AI1_RMS_diff,AI0_AI1_RMS_ratio,AI0_AI1_corr,AI0_RMS_slope,AI1_RMS_slope,Current_RMS_slope,dCurrent_RMS_x_dAI0_RMS,dCurrent_RMS_x_dAI1_RMS,AI0_kurtosis,AI1_kurtosis,AI0_crest_factor,AI1_crest_factor",0.8,0.4472135954999579,0.36666666666666664,0.2472066162365221,0.49333333333333335,0.3031318011837242,0.8617647058823529,0.3091035145367356,452,0,8,5,0.19705683831125498,0.6599999999999999,0.9166666666666666,0.16666666666666657,0.05490196078431375
tabular,XGBoost,20,2.0,group_ablation,G4,14,"AI0_RMS,AI1_RMS,AI0_AI1_RMS_diff,AI0_AI1_RMS_ratio,AI0_AI1_corr,Current_RMS,Current_RMS_to_AI0_RMS_ratio,Current_RMS_to_AI1_RMS_ratio,AI0_current_residual,AI1_current_residual,AI0_kurtosis,AI1_kurtosis,AI0_crest_factor,AI1_crest_factor",0.8,0.4472135954999579,0.6,0.4346134936801766,0.6599999999999999,0.4219004621945798,0.9074074074074074,0.20704333124998056,452,0,5,8,0.23263119254261255,0.6599999999999999,0.9166666666666666,0.0,0.00925925925925919
tabular,XGBoost,20,2.0,group_ablation,G5,15,"AI0_RMS,AI1_RMS,AI0_AI1_RMS_diff,AI0_AI1_RMS_ratio,AI0_AI1_corr,Current_RMS,Current_RMS_to_AI0_RMS_ratio,Current_RMS_to_AI1_RMS_ratio,AI0_current_residual,AI1_current_residual,AI0_RMS_slope,AI1_RMS_slope,Current_RMS_slope,dCurrent_RMS_x_dAI0_RMS,dCurrent_RMS_x_dAI1_RMS",0.8,0.4472135954999579,0.6,0.4346134936801766,0.6599999999999999,0.4219004621945798,0.9222222222222222,0.17391639824998362,452,0,5,8,0.22490501031279564,0.6599999999999999,0.9166666666666666,0.0,-0.005555555555555536
temporal,1D-CNN,5,0.5,group_ablation,T0,9,"AI0_short_RMS,AI1_short_RMS,Current_short_RMS,AI0_AI1_RMS_diff,AI0_current_residual,AI1_current_residual,AI0_RMS_slope,AI1_RMS_slope,Current_RMS_slope",0.6,0.5477225575051661,0.4666666666666666,0.4472135954999579,0.52,0.48166378315169184,0.8381818181818183,0.36183645454087504,452,0,7,6,2.638541388325393,0.52,1.0,0.0,0.16181818181818175
temporal,1D-CNN,5,0.5,group_ablation,T1,9,"AI0_Vibration,AI1_Vibration,AI2_Current,AI0_AI1_RMS_diff,AI0_current_residual,AI1_current_residual,AI0_RMS_slope,AI1_RMS_slope,Current_RMS_slope",0.6,0.5477225575051661,0.4666666666666666,0.4472135954999579,0.52,0.48166378315169184,1.0,0.0,452,0,7,6,3.6084698354825377,0.52,1.0,0.0,0.0
temporal,1D-CNN,5,0.5,group_ablation,T2,9,"AI0_Vibration,AI1_Vibration,AI2_Current,AI0_short_RMS,AI1_short_RMS,Current_short_RMS,AI0_RMS_slope,AI1_RMS_slope,Current_RMS_slope",0.6,0.5477225575051661,0.4666666666666666,0.4472135954999579,0.52,0.48166378315169184,1.0,0.0,452,0,7,6,2.868263822980225,0.52,1.0,0.0,0.0
temporal,1D-CNN,5,0.5,group_ablation,T3,9,"AI0_Vibration,AI1_Vibration,AI2_Current,AI0_short_RMS,AI1_short_RMS,Current_short_RMS,AI0_AI1_RMS_diff,AI0_current_residual,AI1_current_residual",0.8,0.4472135954999579,0.6,0.3651483716701107,0.68,0.3898717737923586,0.9666666666666666,0.07453559924999302,452,0,5,8,2.11251110304147,0.52,1.0,-0.16000000000000003,0.03333333333333344
temporal,1D-CNN,10,1.0,group_ablation,T0,9,"AI0_short_RMS,AI1_short_RMS,Current_short_RMS,AI0_AI1_RMS_diff,AI0_current_residual,AI1_current_residual,AI0_RMS_slope,AI1_RMS_slope,Current_RMS_slope",0.8,0.4472135954999579,0.5333333333333333,0.38005847503304596,0.62,0.3898717737923586,0.8653846153846153,0.3010091508172794,452,0,6,7,2.5155900586396456,0.6599999999999999,0.95,0.039999999999999925,0.08461538461538465
temporal,1D-CNN,10,1.0,group_ablation,T1,9,"AI0_Vibration,AI1_Vibration,AI2_Current,AI0_AI1_RMS_diff,AI0_current_residual,AI1_current_residual,AI0_RMS_slope,AI1_RMS_slope,Current_RMS_slope",0.72,0.4381780460041329,0.6,0.4346134936801766,0.61,0.3847076812334269,1.0,0.0,450,2,5,8,2.8293072851374745,0.6599999999999999,0.95,0.04999999999999993,-0.050000000000000044
temporal,1D-CNN,10,1.0,group_ablation,T2,9,"AI0_Vibration,AI1_Vibration,AI2_Current,AI0_short_RMS,AI1_short_RMS,Current_short_RMS,AI0_RMS_slope,AI1_RMS_slope,Current_RMS_slope",0.8,0.4472135954999579,0.5333333333333333,0.4472135954999579,0.6,0.4183300132670378,0.9666666666666666,0.07453559924999302,452,0,6,7,2.5237589376047254,0.6599999999999999,0.95,0.05999999999999994,-0.016666666666666607
temporal,1D-CNN,10,1.0,group_ablation,T3,9,"AI0_Vibration,AI1_Vibration,AI2_Current,AI0_short_RMS,AI1_short_RMS,Current_short_RMS,AI0_AI1_RMS_diff,AI0_current_residual,AI1_current_residual",0.8,0.4472135954999579,0.6,0.4346134936801766,0.6599999999999999,0.4219004621945798,0.9666666666666666,0.07453559924999302,452,0,5,8,2.704817215912044,0.6599999999999999,0.95,0.0,-0.016666666666666607
temporal,1D-CNN,15,1.5,group_ablation,T0,9,"AI0_short_RMS,AI1_short_RMS,Current_short_RMS,AI0_AI1_RMS_diff,AI0_current_residual,AI1_current_residual,AI0_RMS_slope,AI1_RMS_slope,Current_RMS_slope",0.8,0.4472135954999579,0.5333333333333333,0.38005847503304596,0.62,0.3898717737923586,0.8174603174603174,0.4081711387499616,452,0,6,7,1.9880040595307946,0.76,0.9166666666666666,0.14,0.09920634920634919
temporal,1D-CNN,15,1.5,group_ablation,T1,9,"AI0_Vibration,AI1_Vibration,AI2_Current,AI0_AI1_RMS_diff,AI0_current_residual,AI1_current_residual,AI0_RMS_slope,AI1_RMS_slope,Current_RMS_slope",0.8,0.4472135954999579,0.6666666666666666,0.4714045207910317,0.7,0.4472135954999579,0.9166666666666666,0.1863389981249825,452,0,4,9,2.0846124282106757,0.76,0.9166666666666666,0.06000000000000005,0.0
temporal,1D-CNN,15,1.5,group_ablation,T2,9,"AI0_Vibration,AI1_Vibration,AI2_Current,AI0_short_RMS,AI1_short_RMS,Current_short_RMS,AI0_RMS_slope,AI1_RMS_slope,Current_RMS_slope",0.8,0.4472135954999579,0.6666666666666666,0.4714045207910317,0.7,0.4472135954999579,0.9166666666666666,0.1863389981249825,452,0,4,9,2.3210196793079376,0.76,0.9166666666666666,0.06000000000000005,0.0
temporal,1D-CNN,15,1.5,group_ablation,T3,9,"AI0_Vibration,AI1_Vibration,AI2_Current,AI0_short_RMS,AI1_short_RMS,Current_short_RMS,AI0_AI1_RMS_diff,AI0_current_residual,AI1_current_residual",0.8,0.4472135954999579,0.6,0.4346134936801766,0.6599999999999999,0.4219004621945798,0.9166666666666666,0.1863389981249825,452,0,5,8,1.9077355917543173,0.76,0.9166666666666666,0.10000000000000009,0.0
temporal,1D-CNN,20,2.0,group_ablation,T0,9,"AI0_short_RMS,AI1_short_RMS,Current_short_RMS,AI0_AI1_RMS_diff,AI0_current_residual,AI1_current_residual,AI0_RMS_slope,AI1_RMS_slope,Current_RMS_slope",0.8,0.4472135954999579,0.6,0.3651483716701107,0.68,0.3898717737923586,0.7951923076923076,0.41295872328050515,452,0,5,8,1.5307483272626996,0.6,0.89,-0.08000000000000007,0.09480769230769237
temporal,1D-CNN,20,2.0,group_ablation,T1,9,"AI0_Vibration,AI1_Vibration,AI2_Current,AI0_AI1_RMS_diff,AI0_current_residual,AI1_current_residual,AI0_RMS_slope,AI1_RMS_slope,Current_RMS_slope",0.8,0.4472135954999579,0.6,0.4346134936801766,0.6599999999999999,0.4219004621945798,0.8733333333333334,0.2832352771499733,452,0,5,8,1.630081420764327,0.6,0.89,-0.05999999999999994,0.016666666666666607
temporal,1D-CNN,20,2.0,group_ablation,T2,9,"AI0_Vibration,AI1_Vibration,AI2_Current,AI0_short_RMS,AI1_short_RMS,Current_short_RMS,AI0_RMS_slope,AI1_RMS_slope,Current_RMS_slope",0.8,0.4472135954999579,0.6,0.4346134936801766,0.6599999999999999,0.4219004621945798,0.9,0.22360679774997896,452,0,5,8,1.5660250270739198,0.6,0.89,-0.05999999999999994,-0.010000000000000009
temporal,1D-CNN,20,2.0,group_ablation,T3,9,"AI0_Vibration,AI1_Vibration,AI2_Current,AI0_short_RMS,AI1_short_RMS,Current_short_RMS,AI0_AI1_RMS_diff,AI0_current_residual,AI1_current_residual",0.8,0.4472135954999579,0.5333333333333333,0.4472135954999579,0.6,0.4183300132670378,0.8533333333333333,0.32795663669996916,452,0,6,7,1.61595852766186,0.6,0.89,0.0,0.036666666666666736
temporal,LSTM-Autoencoder,5,0.5,group_ablation,T0,9,"AI0_short_RMS,AI1_short_RMS,Current_short_RMS,AI0_AI1_RMS_diff,AI0_current_residual,AI1_current_residual,AI0_RMS_slope,AI1_RMS_slope,Current_RMS_slope",0.8,0.4472135954999579,0.6666666666666666,0.4714045207910317,0.7,0.4472135954999579,0.9041666666666666,0.21428984784372984,452,0,4,9,6.23785653244704,0.6333333333333333,0.903921568627451,-0.06666666666666665,-0.0002450980392155744
temporal,LSTM-Autoencoder,5,0.5,group_ablation,T1,9,"AI0_Vibration,AI1_Vibration,AI2_Current,AI0_AI1_RMS_diff,AI0_current_residual,AI1_current_residual,AI0_RMS_slope,AI1_RMS_slope,Current_RMS_slope",0.8,0.4472135954999579,0.6666666666666666,0.4714045207910317,0.7,0.4472135954999579,0.9039999999999999,0.2146625258399798,452,0,4,9,6.038551010191441,0.6333333333333333,0.903921568627451,-0.06666666666666665,-7.843137254892607e-05
temporal,LSTM-Autoencoder,5,0.5,group_ablation,T2,9,"AI0_Vibration,AI1_Vibration,AI2_Current,AI0_short_RMS,AI1_short_RMS,Current_short_RMS,AI0_RMS_slope,AI1_RMS_slope,Current_RMS_slope",0.8,0.4472135954999579,0.5666666666666667,0.4346134936801766,0.6333333333333333,0.4149966532662911,0.9039999999999999,0.2146625258399798,452,0,5,8,5.577857809141278,0.6333333333333333,0.903921568627451,0.0,-7.843137254892607e-05
temporal,LSTM-Autoencoder,5,0.5,group_ablation,T3,9,"AI0_Vibration,AI1_Vibration,AI2_Current,AI0_short_RMS,AI1_short_RMS,Current_short_RMS,AI0_AI1_RMS_diff,AI0_current_residual,AI1_current_residual",0.8,0.4472135954999579,0.6666666666666666,0.4714045207910317,0.7,0.4472135954999579,0.9043478260869564,0.2138847630651973,452,0,4,9,5.437316734343767,0.6333333333333333,0.903921568627451,-0.06666666666666665,-0.00042625745950541916
temporal,LSTM-Autoencoder,10,1.0,group_ablation,T0,9,"AI0_short_RMS,AI1_short_RMS,Current_short_RMS,AI0_AI1_RMS_diff,AI0_current_residual,AI1_current_residual,AI0_RMS_slope,AI1_RMS_slope,Current_RMS_slope",0.6,0.5477225575051661,0.4,0.4346134936801766,0.45999999999999996,0.4560701700396552,0.903448275862069,0.21589621851722104,452,0,7,6,5.447313543409109,0.45999999999999996,0.9037037037037037,0.0,0.00025542784163468113
temporal,LSTM-Autoencoder,10,1.0,group_ablation,T1,9,"AI0_Vibration,AI1_Vibration,AI2_Current,AI0_AI1_RMS_diff,AI0_current_residual,AI1_current_residual,AI0_RMS_slope,AI1_RMS_slope,Current_RMS_slope",0.6,0.5477225575051661,0.4666666666666667,0.5055250296034367,0.5,0.5,0.9035714285714285,0.2156208406874797,452,0,6,7,5.017019373364747,0.45999999999999996,0.9037037037037037,-0.040000000000000036,0.00013227513227520582
temporal,LSTM-Autoencoder,10,1.0,group_ablation,T2,9,"AI0_Vibration,AI1_Vibration,AI2_Current,AI0_short_RMS,AI1_short_RMS,Current_short_RMS,AI0_RMS_slope,AI1_RMS_slope,Current_RMS_slope",0.8,0.4472135954999579,0.5,0.3726779962499649,0.5933333333333334,0.3788872596902086,0.9037037037037037,0.21532506449997976,452,0,6,7,4.766605161130428,0.45999999999999996,0.9037037037037037,-0.13333333333333341,0.0
temporal,LSTM-Autoencoder,10,1.0,group_ablation,T3,9,"AI0_Vibration,AI1_Vibration,AI2_Current,AI0_short_RMS,AI1_short_RMS,Current_short_RMS,AI0_AI1_RMS_diff,AI0_current_residual,AI1_current_residual",0.6,0.5477225575051661,0.4,0.4346134936801766,0.45999999999999996,0.4560701700396552,0.9038461538461539,0.21500653629805666,452,0,7,6,4.587440530769527,0.45999999999999996,0.9037037037037037,0.0,-0.00014245014245017895
temporal,LSTM-Autoencoder,15,1.5,group_ablation,T0,9,"AI0_short_RMS,AI1_short_RMS,Current_short_RMS,AI0_AI1_RMS_diff,AI0_current_residual,AI1_current_residual,AI0_RMS_slope,AI1_RMS_slope,Current_RMS_slope",0.8,0.4472135954999579,0.5666666666666667,0.4346134936801766,0.6333333333333333,0.4149966532662911,0.9051282051282051,0.21213978248074924,452,0,5,8,4.043681988492608,0.6333333333333333,0.9037735849056604,0.0,-0.0013546202225447335
temporal,LSTM-Autoencoder,15,1.5,group_ablation,T1,9,"AI0_Vibration,AI1_Vibration,AI2_Current,AI0_AI1_RMS_diff,AI0_current_residual,AI1_current_residual,AI0_RMS_slope,AI1_RMS_slope,Current_RMS_slope",0.6,0.5477225575051661,0.4666666666666667,0.5055250296034367,0.5,0.5,0.9037037037037037,0.21532506449997976,452,0,6,7,3.8902827547863126,0.6333333333333333,0.9037735849056604,0.1333333333333333,6.988120195672298e-05
temporal,LSTM-Autoencoder,15,1.5,group_ablation,T2,9,"AI0_Vibration,AI1_Vibration,AI2_Current,AI0_short_RMS,AI1_short_RMS,Current_short_RMS,AI0_RMS_slope,AI1_RMS_slope,Current_RMS_slope",0.8,0.4472135954999579,0.5,0.3726779962499649,0.5933333333333334,0.3788872596902086,0.9044444444444444,0.21366871784997987,452,0,6,7,3.847927092574537,0.6333333333333333,0.9037735849056604,0.039999999999999925,-0.0006708595387839855
temporal,LSTM-Autoencoder,15,1.5,group_ablation,T3,9,"AI0_Vibration,AI1_Vibration,AI2_Current,AI0_short_RMS,AI1_short_RMS,Current_short_RMS,AI0_AI1_RMS_diff,AI0_current_residual,AI1_current_residual",0.8,0.4472135954999579,0.5666666666666667,0.4346134936801766,0.6333333333333333,0.4149966532662911,0.9045454545454545,0.2134428523977072,452,0,5,8,3.861861036159098,0.6333333333333333,0.9037735849056604,0.0,-0.0007718696397941427
temporal,LSTM-Autoencoder,20,2.0,group_ablation,T0,9,"AI0_short_RMS,AI1_short_RMS,Current_short_RMS,AI0_AI1_RMS_diff,AI0_current_residual,AI1_current_residual,AI0_RMS_slope,AI1_RMS_slope,Current_RMS_slope",0.8,0.4472135954999579,0.5666666666666667,0.4346134936801766,0.6333333333333333,0.4149966532662911,0.9055555555555556,0.21118419787498013,452,0,5,8,3.1722251046448946,0.6333333333333333,0.9043478260869564,0.0,-0.0012077294685991502
temporal,LSTM-Autoencoder,20,2.0,group_ablation,T1,9,"AI0_Vibration,AI1_Vibration,AI2_Current,AI0_AI1_RMS_diff,AI0_current_residual,AI1_current_residual,AI0_RMS_slope,AI1_RMS_slope,Current_RMS_slope",0.8,0.4472135954999579,0.5666666666666667,0.4346134936801766,0.6333333333333333,0.4149966532662911,0.9040816326530612,0.21447998967855125,452,0,5,8,3.346412948332727,0.6333333333333333,0.9043478260869564,0.0,0.0002661934338952232
temporal,LSTM-Autoencoder,20,2.0,group_ablation,T2,9,"AI0_Vibration,AI1_Vibration,AI2_Current,AI0_short_RMS,AI1_short_RMS,Current_short_RMS,AI0_RMS_slope,AI1_RMS_slope,Current_RMS_slope",0.8,0.4472135954999579,0.5,0.3726779962499649,0.5933333333333334,0.3788872596902086,0.9040816326530612,0.21447998967855125,452,0,6,7,3.188249827362597,0.6333333333333333,0.9043478260869564,0.039999999999999925,0.0002661934338952232
temporal,LSTM-Autoencoder,20,2.0,group_ablation,T3,9,"AI0_Vibration,AI1_Vibration,AI2_Current,AI0_short_RMS,AI1_short_RMS,Current_short_RMS,AI0_AI1_RMS_diff,AI0_current_residual,AI1_current_residual",0.8,0.4472135954999579,0.5,0.3726779962499649,0.5933333333333334,0.3788872596902086,0.9051282051282051,0.21213978248074924,452,0,6,7,3.2825686493888497,0.6333333333333333,0.9043478260869564,0.039999999999999925,-0.0007803790412487244
