family,model,window_seconds,method,feature,mean_abs_shap_anomaly,mean_abs_shap_normal,mean_signed_shap_anomaly,mean_signed_shap_normal,balanced_mean_abs_shap,rank
tabular,One-Class SVM,1.5,Monte Carlo permutation SHAP (32 permutations),dCurrent_RMS_x_dAI0_RMS,0.845073883258537,0.15448491819697246,0.845073883258537,0.15412400132732806,0.49977940072775473,1
tabular,One-Class SVM,1.5,Monte Carlo permutation SHAP (32 permutations),dCurrent_RMS_x_dAI1_RMS,0.81256523588131,0.10679723799696075,0.8125261424527501,0.10554702427796991,0.4596812369391354,2
tabular,One-Class SVM,1.5,Monte Carlo permutation SHAP (32 permutations),AI1_current_residual,0.7664440858545675,0.12724407620009454,0.7664440858545675,0.12336182590598455,0.446844081027331,3
tabular,One-Class SVM,1.5,Monte Carlo permutation SHAP (32 permutations),AI0_RMS,0.48736132433070745,0.16381460693548205,0.4774111877571138,0.1096818870395196,0.3255879656330948,4
tabular,One-Class SVM,1.5,Monte Carlo permutation SHAP (32 permutations),AI0_RMS_slope,0.42402872167610156,0.169387515835628,0.4239593957085604,0.16906405471901748,0.2967081187558648,5
tabular,One-Class SVM,1.5,Monte Carlo permutation SHAP (32 permutations),AI1_RMS_slope,0.3974283628510685,0.15357381709857063,0.3974241608146352,0.15295866508767572,0.27550108997481954,6
tabular,One-Class SVM,1.5,Monte Carlo permutation SHAP (32 permutations),AI0_current_residual,0.41976660178038727,0.08618627856250873,0.41976660178038727,0.06888598524720624,0.252976440171448,7
tabular,One-Class SVM,1.5,Monte Carlo permutation SHAP (32 permutations),AI0_AI1_RMS_diff,0.3526841534251756,0.10731205516796886,0.35017425257781165,0.08688169905886074,0.22999810429657225,8
tabular,One-Class SVM,1.5,Monte Carlo permutation SHAP (32 permutations),AI0_AI1_corr,0.18046877151130875,0.17001080759739573,0.18046110870534574,0.16503641800575808,0.17523978955435224,9
tabular,One-Class SVM,1.5,Monte Carlo permutation SHAP (32 permutations),AI1_kurtosis,0.255123166153564,0.09496390441018439,0.25508036858383437,0.08388798183869625,0.1750435352818742,10
tabular,One-Class SVM,1.5,Monte Carlo permutation SHAP (32 permutations),Current_RMS_to_AI0_RMS_ratio,0.22868648393380667,0.11439709990854632,0.22868648393380667,0.09759709419927713,0.1715417919211765,11
tabular,One-Class SVM,1.5,Monte Carlo permutation SHAP (32 permutations),AI0_kurtosis,0.1751080249150311,0.16773127846176253,0.17001844655093343,0.13324596019236404,0.17141965168839682,12
tabular,One-Class SVM,1.5,Monte Carlo permutation SHAP (32 permutations),AI0_AI1_RMS_ratio,0.2133030157325177,0.09952304631166717,0.21330137958157985,0.09640361734804956,0.15641303102209242,13
tabular,One-Class SVM,1.5,Monte Carlo permutation SHAP (32 permutations),AI0_crest_factor,0.1252258239637026,0.1836467714989618,0.12397149780615331,0.17370601904094585,0.15443629773133222,14
tabular,One-Class SVM,1.5,Monte Carlo permutation SHAP (32 permutations),Current_RMS,0.17269693401143862,0.13522761303048325,0.17261455092340347,0.09647941955591977,0.15396227352096092,15
tabular,One-Class SVM,1.5,Monte Carlo permutation SHAP (32 permutations),Current_RMS_slope,0.129197212824624,0.1759304280729052,0.12910686519798503,0.1751559223848204,0.1525638204487646,16
tabular,One-Class SVM,1.5,Monte Carlo permutation SHAP (32 permutations),AI1_crest_factor,0.1363898834024452,0.10372253438877835,0.13620469698761567,0.09832050629677151,0.12005620889561178,17
tabular,One-Class SVM,1.5,Monte Carlo permutation SHAP (32 permutations),AI1_RMS,0.10128190460819861,0.1305177197938239,0.09487086085788213,0.09129237689939158,0.11589981220101125,18
tabular,One-Class SVM,1.5,Monte Carlo permutation SHAP (32 permutations),Current_RMS_to_AI1_RMS_ratio,0.09294445910633689,0.0947072605799044,0.09289912638390961,0.08783922603054108,0.09382585984312064,19
temporal,1D-CNN,1.5,Monte Carlo permutation SHAP (32 permutations),AI0_short_RMS,0.22085636056044552,0.021083203216871026,0.20423962305975688,0.006139070302816189,0.12096978188865827,1
temporal,1D-CNN,1.5,Monte Carlo permutation SHAP (32 permutations),AI2_Current,0.1583799590542231,0.028197231345271828,0.12314143863268903,-0.009790201577606794,0.09328859519974747,2
temporal,1D-CNN,1.5,Monte Carlo permutation SHAP (32 permutations),AI0_current_residual,0.15882388459098595,0.012491210903678506,0.15296488271077496,0.009483554616738842,0.08565754774733222,3
temporal,1D-CNN,1.5,Monte Carlo permutation SHAP (32 permutations),AI1_current_residual,0.08320570296183197,0.028478908116369557,0.04201195389774922,-0.001729793484192399,0.05584230553910076,4
temporal,1D-CNN,1.5,Monte Carlo permutation SHAP (32 permutations),AI1_Vibration,0.07617418781058558,0.01730880562769386,0.04327571280259918,-0.015651426209658342,0.046741496719139713,5
temporal,1D-CNN,1.5,Monte Carlo permutation SHAP (32 permutations),Current_short_RMS,0.05450309378916218,0.033722078145516816,-0.005909777788241178,-0.019096009714030516,0.044112585967339496,6
temporal,1D-CNN,1.5,Monte Carlo permutation SHAP (32 permutations),AI1_short_RMS,0.03864303880183905,0.04254203566859509,0.01276474748278518,-0.024567613814134977,0.040592537235217066,7
temporal,1D-CNN,1.5,Monte Carlo permutation SHAP (32 permutations),AI0_AI1_RMS_diff,0.04451452899655568,0.028820334218333226,-0.018402387771977807,-0.023284913344087953,0.036667431607444456,8
temporal,1D-CNN,1.5,Monte Carlo permutation SHAP (32 permutations),AI0_Vibration,0.0592904240558227,0.012382374533782325,0.02906814017466645,-0.009323869799789246,0.035836399294802514,9
temporal,1D-CNN,1.5,Monte Carlo permutation SHAP (32 permutations),Current_RMS_slope,0.022241096707893256,0.031115110425505084,-0.02048088815399154,-0.031094111916758038,0.02667810356669917,10
temporal,1D-CNN,1.5,Monte Carlo permutation SHAP (32 permutations),AI0_RMS_slope,0.03144069652922467,0.0106928725366501,-0.025815723552511216,-0.008828259607471505,0.021066784532937383,11
temporal,1D-CNN,1.5,Monte Carlo permutation SHAP (32 permutations),AI1_RMS_slope,0.020851602607265714,0.013344266800334972,-0.02036428983029783,-0.013288864862364372,0.017097934703800343,12
