class,group,segment_id,시작 시각,끝 시각,시점 수,길이(초),앞 segment와의 공백(초)
normal,normal_1,1,2022-07-12 00:00:00.019,2022-07-12 00:00:04.019,41,4.0,
normal,normal_2,2,2022-07-12 00:00:07.224,2022-07-12 00:00:10.824,37,3.6,3.205
normal,normal_3,3,2022-07-12 00:00:15.267,2022-07-12 00:00:17.567,24,2.3,4.443
normal,normal_4,4,2022-07-12 00:00:23.324,2022-07-12 00:00:24.224,10,0.9,5.757
normal,normal_5,5,2022-07-12 00:00:32.752,2022-07-12 00:00:37.652,50,4.9,8.528
normal,normal_6,6,2022-07-12 00:00:39.756,2022-07-12 00:00:44.656,50,4.9,2.104
normal,normal_7,7,2022-07-12 00:00:47.676,2022-07-12 00:00:52.576,50,4.9,3.02
normal,normal_8,8,2022-07-12 00:00:55.468,2022-07-12 00:00:59.468,41,4.0,2.892
normal,normal_9,9,2022-07-12 00:01:03.576,2022-07-12 00:01:06.076,26,2.5,4.108
normal,normal_10,10,2022-07-12 00:01:11.621,2022-07-12 00:01:12.821,13,1.2,5.545
normal,normal_11,11,2022-07-12 00:01:21.222,2022-07-12 00:01:26.122,50,4.9,8.401
normal,normal_12,12,2022-07-12 00:01:27.857,2022-07-12 00:01:32.757,50,4.9,1.735
normal,normal_13,13,2022-07-12 00:01:35.646,2022-07-12 00:01:39.546,40,3.9,2.889
normal,normal_14,14,2022-07-12 00:01:43.757,2022-07-12 00:01:46.157,25,2.4,4.211
normal,normal_15,15,2022-07-12 00:01:51.655,2022-07-12 00:01:52.955,14,1.3,5.498
normal,normal_16,16,2022-07-12 00:02:01.294,2022-07-12 00:02:06.194,50,4.9,8.339
normal,normal_17,17,2022-07-12 00:02:07.924,2022-07-12 00:02:12.824,50,4.9,1.73
normal,normal_18,18,2022-07-12 00:02:15.921,2022-07-12 00:02:19.421,36,3.5,3.097
normal,normal_19,19,2022-07-12 00:02:23.876,2022-07-12 00:02:27.376,36,3.5,4.455
normal,normal_20,20,2022-07-12 00:02:31.936,2022-07-12 00:02:34.136,23,2.2,4.56
normal,normal_21,21,2022-07-12 00:02:40.000,2022-07-12 00:02:42.100,22,2.1,5.864
normal,normal_22,22,2022-07-12 00:02:47.868,2022-07-12 00:02:48.868,11,1.0,5.768
normal,normal_23,23,2022-07-12 00:02:57.334,2022-07-12 00:03:02.234,50,4.9,8.466
normal,normal_24,24,2022-07-12 00:03:04.000,2022-07-12 00:03:08.900,50,4.9,1.766
normal,normal_25,25,2022-07-12 00:03:12.129,2022-07-12 00:03:15.629,36,3.5,3.229
normal,normal_26,26,2022-07-12 00:03:20.215,2022-07-12 00:03:22.715,26,2.5,4.586
normal,normal_27,27,2022-07-12 00:03:28.182,2022-07-12 00:03:29.282,12,1.1,5.467
normal,normal_28,28,2022-07-12 00:03:44.676,2022-07-12 00:03:49.576,50,4.9,15.394
normal,normal_29,29,2022-07-12 00:03:52.544,2022-07-12 00:03:57.444,50,4.9,2.968
normal,normal_30,30,2022-07-12 00:04:00.140,2022-07-12 00:04:04.240,42,4.1,2.696
normal,normal_31,31,2022-07-12 00:04:08.213,2022-07-12 00:04:10.813,27,2.6,3.973
normal,normal_32,32,2022-07-12 00:04:16.224,2022-07-12 00:04:17.424,13,1.2,5.411
normal,normal_33,33,2022-07-12 00:04:23.985,2022-07-12 00:04:24.085,2,0.1,6.561
normal,normal_34,34,2022-07-12 00:04:25.827,2022-07-12 00:04:30.727,50,4.9,1.742
normal,normal_35,35,2022-07-12 00:04:32.537,2022-07-12 00:04:37.437,50,4.9,1.81
normal,normal_36,36,2022-07-12 00:04:40.416,2022-07-12 00:04:44.116,38,3.7,2.979
normal,normal_37,37,2022-07-12 00:04:48.455,2022-07-12 00:04:52.055,37,3.6,4.339
normal,normal_38,38,2022-07-12 00:04:56.641,2022-07-12 00:04:58.941,24,2.3,4.586
normal,normal_39,39,2022-07-12 00:05:04.636,2022-07-12 00:05:05.736,12,1.1,5.695
normal,normal_40,40,2022-07-12 00:05:12.566,2022-07-12 00:05:13.666,12,1.1,6.83
normal,normal_41,41,2022-07-12 00:05:20.498,2022-07-12 00:05:20.498,1,0.0,6.832
normal,normal_42,42,2022-07-12 00:05:22.496,2022-07-12 00:05:27.396,50,4.9,1.998
normal,normal_43,43,2022-07-12 00:05:29.007,2022-07-12 00:05:33.907,50,4.9,1.611
normal,normal_44,44,2022-07-12 00:05:36.499,2022-07-12 00:05:40.699,43,4.2,2.592
normal,normal_45,45,2022-07-12 00:05:44.604,2022-07-12 00:05:47.404,29,2.8,3.905
normal,normal_46,46,2022-07-12 00:05:52.492,2022-07-12 00:05:54.092,17,1.6,5.088
normal,normal_47,47,2022-07-12 00:06:00.487,2022-07-12 00:06:00.887,5,0.4,6.395
normal,normal_48,48,2022-07-12 00:06:02.560,2022-07-12 00:06:07.460,50,4.9,1.673
normal,normal_49,49,2022-07-12 00:06:09.177,2022-07-12 00:06:14.077,50,4.9,1.717
normal,normal_50,50,2022-07-12 00:06:16.934,2022-07-12 00:06:20.834,40,3.9,2.857
normal,normal_51,51,2022-07-12 00:06:25.547,2022-07-12 00:06:27.647,22,2.1,4.713
normal,normal_52,52,2022-07-12 00:06:29.384,2022-07-12 00:06:34.284,50,4.9,1.737
normal,normal_53,53,2022-07-12 00:06:36.231,2022-07-12 00:06:41.131,50,4.9,1.947
normal,normal_54,54,2022-07-12 00:06:43.040,2022-07-12 00:06:47.940,50,4.9,1.909
normal,normal_55,55,2022-07-12 00:06:49.646,2022-07-12 00:06:54.546,50,4.9,1.706
normal,normal_56,56,2022-07-12 00:06:57.798,2022-07-12 00:07:02.698,50,4.9,3.252
normal,normal_57,57,2022-07-12 00:07:04.844,2022-07-12 00:07:09.744,50,4.9,2.146
normal,normal_58,58,2022-07-12 00:07:12.647,2022-07-12 00:07:17.547,50,4.9,2.903
normal,normal_59,59,2022-07-12 00:07:19.348,2022-07-12 00:07:24.248,50,4.9,1.801
normal,normal_60,60,2022-07-12 00:07:25.971,2022-07-12 00:07:30.871,50,4.9,1.723
normal,normal_61,61,2022-07-12 00:07:32.847,2022-07-12 00:07:37.747,50,4.9,1.976
normal,normal_62,62,2022-07-12 00:07:39.560,2022-07-12 00:07:44.460,50,4.9,1.813
normal,normal_63,63,2022-07-12 00:07:46.324,2022-07-12 00:07:51.224,50,4.9,1.864
normal,normal_64,64,2022-07-12 00:07:52.879,2022-07-12 00:07:57.779,50,4.9,1.655
normal,normal_65,65,2022-07-12 00:07:59.767,2022-07-12 00:08:04.667,50,4.9,1.988
normal,normal_66,66,2022-07-12 00:08:06.337,2022-07-12 00:08:11.237,50,4.9,1.67
normal,normal_67,67,2022-07-12 00:08:13.092,2022-07-12 00:08:17.992,50,4.9,1.855
normal,normal_68,68,2022-07-12 00:08:26.424,2022-07-12 00:08:31.324,50,4.9,8.432
normal,normal_69,69,2022-07-12 00:08:33.206,2022-07-12 00:08:38.106,50,4.9,1.882
normal,normal_70,70,2022-07-12 00:08:39.956,2022-07-12 00:08:44.856,50,4.9,1.85
normal,normal_71,71,2022-07-12 00:08:46.662,2022-07-12 00:08:51.562,50,4.9,1.806
normal,normal_72,72,2022-07-12 00:08:53.480,2022-07-12 00:08:58.380,50,4.9,1.918
normal,normal_73,73,2022-07-12 00:09:00.084,2022-07-12 00:09:04.984,50,4.9,1.704
normal,normal_74,74,2022-07-12 00:09:06.833,2022-07-12 00:09:11.733,50,4.9,1.849
normal,normal_75,75,2022-07-12 00:09:13.436,2022-07-12 00:09:18.336,50,4.9,1.703
normal,normal_76,76,2022-07-12 00:09:20.084,2022-07-12 00:09:24.984,50,4.9,1.748
normal,normal_77,77,2022-07-12 00:09:28.152,2022-07-12 00:09:33.052,50,4.9,3.168
normal,normal_78,78,2022-07-12 00:09:38.862,2022-07-12 00:09:39.962,12,1.1,5.81
normal,normal_79,79,2022-07-12 00:09:41.691,2022-07-12 00:09:46.591,50,4.9,1.729
normal,normal_80,80,2022-07-12 00:09:48.366,2022-07-12 00:09:53.266,50,4.9,1.775
normal,normal_81,81,2022-07-12 00:09:55.827,2022-07-12 00:09:59.927,42,4.1,2.561
normal,normal_82,82,2022-07-12 00:10:03.867,2022-07-12 00:10:06.867,31,3.0,3.94
normal,normal_83,83,2022-07-12 00:10:11.896,2022-07-12 00:10:13.396,16,1.5,5.029
normal,normal_84,84,2022-07-12 00:10:19.799,2022-07-12 00:10:20.199,5,0.4,6.403
normal,normal_85,85,2022-07-12 00:10:28.656,2022-07-12 00:10:33.556,50,4.9,8.457
normal,normal_86,86,2022-07-12 00:10:35.872,2022-07-12 00:10:40.372,46,4.5,2.316
normal,normal_87,87,2022-07-12 00:10:43.851,2022-07-12 00:10:47.051,33,3.2,3.479
normal,normal_88,88,2022-07-12 00:10:51.896,2022-07-12 00:10:54.096,23,2.2,4.845
normal,normal_89,89,2022-07-12 00:10:59.756,2022-07-12 00:11:00.856,12,1.1,5.66
normal,normal_90,90,2022-07-12 00:11:09.294,2022-07-12 00:11:14.194,50,4.9,8.438
normal,normal_91,91,2022-07-12 00:11:16.040,2022-07-12 00:11:20.840,49,4.8,1.846
normal,normal_92,92,2022-07-12 00:11:24.056,2022-07-12 00:11:27.556,36,3.5,3.216
normal,normal_93,93,2022-07-12 00:11:32.266,2022-07-12 00:11:34.466,23,2.2,4.71
normal,normal_94,94,2022-07-12 00:11:40.267,2022-07-12 00:11:40.967,8,0.7,5.801
normal,normal_95,95,2022-07-12 00:11:49.526,2022-07-12 00:11:54.426,50,4.9,8.559
normal,normal_96,96,2022-07-12 00:11:56.244,2022-07-12 00:12:01.144,50,4.9,1.818
normal,normal_97,97,2022-07-12 00:12:04.143,2022-07-12 00:12:07.843,38,3.7,2.999
normal,normal_98,98,2022-07-12 00:12:12.164,2022-07-12 00:12:14.564,25,2.4,4.321
normal,normal_99,99,2022-07-12 00:12:20.177,2022-07-12 00:12:22.477,24,2.3,5.613
normal,normal_100,100,2022-07-12 00:12:28.175,2022-07-12 00:12:29.275,12,1.1,5.698
normal,normal_101,101,2022-07-12 00:12:38.192,2022-07-12 00:12:43.092,50,4.9,8.917
normal,normal_102,102,2022-07-12 00:12:44.747,2022-07-12 00:12:49.647,50,4.9,1.655
normal,normal_103,103,2022-07-12 00:12:52.064,2022-07-12 00:12:56.464,45,4.4,2.417
normal,normal_104,104,2022-07-12 00:13:00.089,2022-07-12 00:13:03.389,34,3.3,3.625
normal,normal_105,105,2022-07-12 00:13:07.971,2022-07-12 00:13:11.271,34,3.3,4.582
normal,normal_106,106,2022-07-12 00:13:15.873,2022-07-12 00:13:17.973,22,2.1,4.602
normal,normal_107,107,2022-07-12 00:13:23.836,2022-07-12 00:13:24.636,9,0.8,5.863
normal,normal_108,108,2022-07-12 00:13:33.336,2022-07-12 00:13:38.236,50,4.9,8.7
normal,normal_109,109,2022-07-12 00:13:39.886,2022-07-12 00:13:44.786,50,4.9,1.65
normal,normal_110,110,2022-07-12 00:13:47.957,2022-07-12 00:13:51.557,37,3.6,3.171
normal,normal_111,111,2022-07-12 00:13:55.976,2022-07-12 00:13:58.176,23,2.2,4.419
normal,normal_112,112,2022-07-12 00:14:03.904,2022-07-12 00:14:04.804,10,0.9,5.728
normal,normal_113,113,2022-07-12 00:14:13.584,2022-07-12 00:14:18.484,50,4.9,8.78
normal,normal_114,114,2022-07-12 00:14:20.310,2022-07-12 00:14:25.210,50,4.9,1.826
normal,normal_115,115,2022-07-12 00:14:27.908,2022-07-12 00:14:31.808,40,3.9,2.698
normal,normal_116,116,2022-07-12 00:14:35.936,2022-07-12 00:14:38.536,27,2.6,4.128
normal,normal_117,117,2022-07-12 00:14:43.837,2022-07-12 00:14:46.437,27,2.6,5.301
normal,normal_118,118,2022-07-12 00:14:51.621,2022-07-12 00:14:53.221,17,1.6,5.184
normal,normal_119,119,2022-07-12 00:14:59.657,2022-07-12 00:14:59.757,2,0.1,6.436
normal,normal_120,120,2022-07-12 00:15:01.577,2022-07-12 00:15:06.477,50,4.9,1.82
normal,normal_121,121,2022-07-12 00:15:08.384,2022-07-12 00:15:13.284,50,4.9,1.907
normal,normal_122,122,2022-07-12 00:15:15.740,2022-07-12 00:15:19.840,42,4.1,2.456
normal,normal_123,123,2022-07-12 00:15:23.669,2022-07-12 00:15:26.469,29,2.8,3.829
normal,normal_124,124,2022-07-12 00:15:31.742,2022-07-12 00:15:33.442,18,1.7,5.273
normal,normal_125,125,2022-07-12 00:15:39.684,2022-07-12 00:15:40.284,7,0.6,6.242
normal,normal_126,126,2022-07-12 00:15:41.948,2022-07-12 00:15:46.848,50,4.9,1.664
normal,normal_127,127,2022-07-12 00:15:48.726,2022-07-12 00:15:53.626,50,4.9,1.878
normal,normal_128,128,2022-07-12 00:15:55.785,2022-07-12 00:16:00.485,48,4.7,2.159
normal,normal_129,129,2022-07-12 00:16:03.804,2022-07-12 00:16:07.304,36,3.5,3.319
normal,normal_130,130,2022-07-12 00:16:11.955,2022-07-12 00:16:13.855,20,1.9,4.651
normal,normal_131,131,2022-07-12 00:16:19.994,2022-07-12 00:16:20.594,7,0.6,6.139
normal,normal_132,132,2022-07-12 00:16:29.364,2022-07-12 00:16:34.264,50,4.9,8.77
normal,normal_133,133,2022-07-12 00:16:36.267,2022-07-12 00:16:41.067,49,4.8,2.003
normal,normal_134,134,2022-07-12 00:16:44.325,2022-07-12 00:16:47.725,35,3.4,3.258
normal,normal_135,135,2022-07-12 00:16:52.351,2022-07-12 00:16:54.451,22,2.1,4.626
normal,normal_136,136,2022-07-12 00:17:00.325,2022-07-12 00:17:01.125,9,0.8,5.874
normal,normal_137,137,2022-07-12 00:17:09.540,2022-07-12 00:17:14.440,50,4.9,8.415
normal,normal_138,138,2022-07-12 00:17:16.447,2022-07-12 00:17:21.147,48,4.7,2.007
normal,normal_139,139,2022-07-12 00:17:24.527,2022-07-12 00:17:29.227,48,4.7,3.38
normal,normal_140,140,2022-07-12 00:17:32.480,2022-07-12 00:17:35.880,35,3.4,3.253
normal,normal_141,141,2022-07-12 00:17:40.504,2022-07-12 00:17:42.704,23,2.2,4.624
normal,normal_142,142,2022-07-12 00:17:48.487,2022-07-12 00:17:49.687,13,1.2,5.783
normal,normal_143,143,2022-07-12 00:17:56.513,2022-07-12 00:17:56.613,2,0.1,6.826
normal,normal_144,144,2022-07-12 00:18:04.588,2022-07-12 00:18:04.588,1,0.0,7.975
normal,normal_145,145,2022-07-12 00:18:06.304,2022-07-12 00:18:11.204,50,4.9,1.716
normal,normal_146,146,2022-07-12 00:18:13.063,2022-07-12 00:18:17.963,50,4.9,1.859
normal,normal_147,147,2022-07-12 00:18:20.724,2022-07-12 00:18:24.624,40,3.9,2.761
normal,normal_148,148,2022-07-12 00:18:28.872,2022-07-12 00:18:31.372,26,2.5,4.248
normal,normal_149,149,2022-07-12 00:18:36.700,2022-07-12 00:18:39.200,26,2.5,5.328
normal,normal_150,150,2022-07-12 00:18:44.570,2022-07-12 00:18:45.970,15,1.4,5.37
normal,normal_151,151,2022-07-12 00:18:52.512,2022-07-12 00:18:52.712,3,0.2,6.542
normal,normal_152,152,2022-07-12 00:19:00.468,2022-07-12 00:19:00.668,3,0.2,7.756
normal,normal_153,153,2022-07-12 00:19:09.428,2022-07-12 00:19:14.328,50,4.9,8.76
normal,normal_154,154,2022-07-12 00:19:17.374,2022-07-12 00:19:22.274,50,4.9,3.046
normal,normal_155,155,2022-07-12 00:19:24.471,2022-07-12 00:19:29.071,47,4.6,2.197
normal,normal_156,156,2022-07-12 00:19:32.476,2022-07-12 00:19:35.776,34,3.3,3.405
normal,normal_157,157,2022-07-12 00:19:40.568,2022-07-12 00:19:42.368,19,1.8,4.792
normal,normal_158,158,2022-07-12 00:19:48.638,2022-07-12 00:19:49.138,6,0.5,6.27
normal,normal_159,159,2022-07-12 00:19:57.844,2022-07-12 00:20:02.744,50,4.9,8.706
normal,normal_160,160,2022-07-12 00:20:04.636,2022-07-12 00:20:09.536,50,4.9,1.892
normal,normal_161,161,2022-07-12 00:20:12.569,2022-07-12 00:20:16.269,38,3.7,3.033
normal,normal_162,162,2022-07-12 00:20:20.537,2022-07-12 00:20:23.037,26,2.5,4.268
normal,normal_163,163,2022-07-12 00:20:28.517,2022-07-12 00:20:29.717,13,1.2,5.48
normal,normal_164,164,2022-07-12 00:20:36.404,2022-07-12 00:20:36.504,2,0.1,6.687
normal,normal_165,165,2022-07-12 00:20:45.131,2022-07-12 00:20:50.031,50,4.9,8.627
normal,normal_166,166,2022-07-12 00:20:52.436,2022-07-12 00:20:56.636,43,4.2,2.405
normal,normal_167,167,2022-07-12 00:21:00.416,2022-07-12 00:21:03.516,32,3.1,3.78
normal,normal_168,168,2022-07-12 00:21:08.408,2022-07-12 00:21:10.208,19,1.8,4.892
normal,normal_169,169,2022-07-12 00:21:16.362,2022-07-12 00:21:16.962,7,0.6,6.154
normal,normal_170,170,2022-07-12 00:21:25.804,2022-07-12 00:21:30.704,50,4.9,8.842
normal,normal_171,171,2022-07-12 00:21:33.358,2022-07-12 00:21:37.458,42,4.1,2.654
normal,normal_172,172,2022-07-12 00:21:41.500,2022-07-12 00:21:44.100,27,2.6,4.042
normal,normal_173,173,2022-07-12 00:21:49.428,2022-07-12 00:21:51.928,26,2.5,5.328
normal,normal_174,174,2022-07-12 00:21:57.262,2022-07-12 00:21:58.562,14,1.3,5.334
normal,normal_175,175,2022-07-12 00:22:05.224,2022-07-12 00:22:05.424,3,0.2,6.662
normal,normal_176,176,2022-07-12 00:22:07.078,2022-07-12 00:22:11.978,50,4.9,1.654
normal,normal_177,177,2022-07-12 00:22:13.849,2022-07-12 00:22:18.749,50,4.9,1.871
normal,normal_178,178,2022-07-12 00:22:21.169,2022-07-12 00:22:25.669,46,4.5,2.42
normal,normal_179,179,2022-07-12 00:22:29.076,2022-07-12 00:22:32.176,32,3.1,3.407
normal,normal_180,180,2022-07-12 00:22:37.072,2022-07-12 00:22:38.972,20,1.9,4.896
normal,normal_181,181,2022-07-12 00:22:45.020,2022-07-12 00:22:45.620,7,0.6,6.048
normal,normal_182,182,2022-07-12 00:22:53.936,2022-07-12 00:22:58.836,50,4.9,8.316
normal,normal_183,183,2022-07-12 00:23:01.103,2022-07-12 00:23:05.703,47,4.6,2.267
normal,normal_184,184,2022-07-12 00:23:09.220,2022-07-12 00:23:12.320,32,3.1,3.517
normal,normal_185,185,2022-07-12 00:23:17.204,2022-07-12 00:23:20.404,33,3.2,4.884
normal,normal_186,186,2022-07-12 00:23:25.144,2022-07-12 00:23:27.244,22,2.1,4.74
normal,normal_187,187,2022-07-12 00:23:33.047,2022-07-12 00:23:33.847,9,0.8,5.803
normal,normal_188,188,2022-07-12 00:23:42.270,2022-07-12 00:23:47.170,50,4.9,8.423
normal,normal_189,189,2022-07-12 00:23:48.975,2022-07-12 00:23:53.875,50,4.9,1.805
normal,normal_190,190,2022-07-12 00:23:56.987,2022-07-12 00:24:00.487,36,3.5,3.112
normal,normal_191,191,2022-07-12 00:24:04.940,2022-07-12 00:24:07.440,26,2.5,4.453
normal,normal_192,192,2022-07-12 00:24:12.920,2022-07-12 00:24:14.020,12,1.1,5.48
normal,normal_193,193,2022-07-12 00:24:22.654,2022-07-12 00:24:27.554,50,4.9,8.634
normal,normal_194,194,2022-07-12 00:24:29.596,2022-07-12 00:24:34.496,50,4.9,2.042
normal,normal_195,195,2022-07-12 00:24:37.006,2022-07-12 00:24:41.106,42,4.1,2.51
normal,normal_196,196,2022-07-12 00:24:45.075,2022-07-12 00:24:47.875,29,2.8,3.969
normal,normal_197,197,2022-07-12 00:24:53.136,2022-07-12 00:24:54.836,18,1.7,5.261
normal,normal_198,198,2022-07-12 00:25:01.153,2022-07-12 00:25:01.653,6,0.5,6.317
normal,normal_199,199,2022-07-12 00:25:10.148,2022-07-12 00:25:15.048,50,4.9,8.495
normal,normal_200,200,2022-07-12 00:25:17.084,2022-07-12 00:25:21.884,49,4.8,2.036
normal,normal_201,201,2022-07-12 00:25:25.093,2022-07-12 00:25:28.293,33,3.2,3.209
normal,normal_202,202,2022-07-12 00:25:33.044,2022-07-12 00:25:35.144,22,2.1,4.751
normal,normal_203,203,2022-07-12 00:25:41.044,2022-07-12 00:25:41.744,8,0.7,5.9
normal,normal_204,204,2022-07-12 00:25:50.128,2022-07-12 00:25:55.028,50,4.9,8.384
normal,normal_205,205,2022-07-12 00:25:57.187,2022-07-12 00:26:01.887,48,4.7,2.159
normal,normal_206,206,2022-07-12 00:26:05.260,2022-07-12 00:26:08.460,33,3.2,3.373
normal,normal_207,207,2022-07-12 00:26:13.208,2022-07-12 00:26:15.308,22,2.1,4.748
normal,normal_208,208,2022-07-12 00:26:21.091,2022-07-12 00:26:22.191,12,1.1,5.783
normal,normal_209,209,2022-07-12 00:26:29.067,2022-07-12 00:26:30.067,11,1.0,6.876
normal,normal_210,210,2022-07-12 00:26:31.913,2022-07-12 00:26:36.813,50,4.9,1.846
normal,normal_211,211,2022-07-12 00:26:38.648,2022-07-12 00:26:43.548,50,4.9,1.835
normal,normal_212,212,2022-07-12 00:26:45.464,2022-07-12 00:26:50.364,50,4.9,1.916
normal,normal_213,213,2022-07-12 00:26:53.334,2022-07-12 00:26:57.034,38,3.7,2.97
normal,normal_214,214,2022-07-12 00:27:01.423,2022-07-12 00:27:03.623,23,2.2,4.389
normal,normal_215,215,2022-07-12 00:27:09.388,2022-07-12 00:27:10.488,12,1.1,5.765
normal,normal_216,216,2022-07-12 00:27:17.417,2022-07-12 00:27:18.317,10,0.9,6.929
normal,normal_217,217,2022-07-12 00:27:27.011,2022-07-12 00:27:31.911,50,4.9,8.694
normal,normal_218,218,2022-07-12 00:27:33.464,2022-07-12 00:27:38.364,50,4.9,1.553
normal,normal_219,219,2022-07-12 00:27:41.443,2022-07-12 00:27:45.143,38,3.7,3.079
normal,normal_220,220,2022-07-12 00:27:49.507,2022-07-12 00:27:51.807,24,2.3,4.364
normal,normal_221,221,2022-07-12 00:27:57.407,2022-07-12 00:27:58.707,14,1.3,5.6
normal,normal_222,222,2022-07-12 00:28:07.313,2022-07-12 00:28:12.213,50,4.9,8.606
normal,normal_223,223,2022-07-12 00:28:14.008,2022-07-12 00:28:18.908,50,4.9,1.795
normal,normal_224,224,2022-07-12 00:28:21.540,2022-07-12 00:28:25.440,40,3.9,2.632
normal,normal_225,225,2022-07-12 00:28:29.532,2022-07-12 00:28:32.332,29,2.8,4.092
normal,normal_226,226,2022-07-12 00:28:37.546,2022-07-12 00:28:38.946,15,1.4,5.214
normal,normal_227,227,2022-07-12 00:28:45.484,2022-07-12 00:28:45.584,2,0.1,6.538
normal,normal_228,228,2022-07-12 00:28:54.024,2022-07-12 00:28:58.924,50,4.9,8.44
normal,normal_229,229,2022-07-12 00:29:02.224,2022-07-12 00:29:07.124,50,4.9,3.3
normal,normal_230,230,2022-07-12 00:29:09.592,2022-07-12 00:29:13.792,43,4.2,2.468
normal,normal_231,231,2022-07-12 00:29:17.574,2022-07-12 00:29:20.674,32,3.1,3.782
normal,normal_232,232,2022-07-12 00:29:25.707,2022-07-12 00:29:27.207,16,1.5,5.033
normal,normal_233,233,2022-07-12 00:29:33.664,2022-07-12 00:29:33.964,4,0.3,6.457
normal,normal_234,234,2022-07-12 00:29:35.745,2022-07-12 00:29:40.645,50,4.9,1.781
normal,normal_235,235,2022-07-12 00:29:42.284,2022-07-12 00:29:47.184,50,4.9,1.639
normal,normal_236,236,2022-07-12 00:29:50.008,2022-07-12 00:29:54.008,41,4.0,2.824
normal,normal_237,237,2022-07-12 00:29:58.044,2022-07-12 00:30:00.544,26,2.5,4.036
normal,normal_238,238,2022-07-12 00:30:05.936,2022-07-12 00:30:07.336,15,1.4,5.392
normal,normal_239,239,2022-07-12 00:30:14.004,2022-07-12 00:30:14.204,3,0.2,6.668
normal,normal_240,240,2022-07-12 00:30:15.875,2022-07-12 00:30:20.775,50,4.9,1.671
normal,normal_241,241,2022-07-12 00:30:22.688,2022-07-12 00:30:27.588,50,4.9,1.913
normal,normal_242,242,2022-07-12 00:30:29.999,2022-07-12 00:30:34.199,43,4.2,2.411
normal,normal_243,243,2022-07-12 00:30:38.043,2022-07-12 00:30:40.843,29,2.8,3.844
normal,normal_244,244,2022-07-12 00:30:46.032,2022-07-12 00:30:47.532,16,1.5,5.189
normal,normal_245,245,2022-07-12 00:30:53.910,2022-07-12 00:30:54.410,6,0.5,6.378
normal,normal_246,246,2022-07-12 00:31:02.945,2022-07-12 00:31:07.845,50,4.9,8.535
normal,normal_247,247,2022-07-12 00:31:10.998,2022-07-12 00:31:15.898,50,4.9,3.153
normal,normal_248,248,2022-07-12 00:31:17.932,2022-07-12 00:31:22.832,50,4.9,2.034
normal,normal_249,249,2022-07-12 00:31:25.907,2022-07-12 00:31:29.307,35,3.4,3.075
normal,normal_250,250,2022-07-12 00:31:33.901,2022-07-12 00:31:36.101,23,2.2,4.594
normal,normal_251,251,2022-07-12 00:31:41.922,2022-07-12 00:31:42.722,9,0.8,5.821
normal,normal_252,252,2022-07-12 00:31:51.200,2022-07-12 00:31:56.100,50,4.9,8.478
normal,normal_253,253,2022-07-12 00:31:58.020,2022-07-12 00:32:02.920,50,4.9,1.92
normal,normal_254,254,2022-07-12 00:32:05.948,2022-07-12 00:32:09.648,38,3.7,3.028
normal,normal_255,255,2022-07-12 00:32:13.976,2022-07-12 00:32:16.576,27,2.6,4.328
normal,normal_256,256,2022-07-12 00:32:21.964,2022-07-12 00:32:23.164,13,1.2,5.388
normal,normal_257,257,2022-07-12 00:32:29.766,2022-07-12 00:32:30.266,6,0.5,6.602
normal,normal_258,258,2022-07-12 00:32:38.608,2022-07-12 00:32:43.508,50,4.9,8.342
normal,normal_259,259,2022-07-12 00:32:45.771,2022-07-12 00:32:50.171,45,4.4,2.263
normal,normal_260,260,2022-07-12 00:32:53.644,2022-07-12 00:32:56.744,32,3.1,3.473
normal,normal_261,261,2022-07-12 00:33:01.594,2022-07-12 00:33:03.394,19,1.8,4.85
normal,normal_262,262,2022-07-12 00:33:09.576,2022-07-12 00:33:11.576,21,2.0,6.182
normal,normal_263,263,2022-07-12 00:33:17.456,2022-07-12 00:33:18.156,8,0.7,5.88
normal,normal_264,264,2022-07-12 00:33:25.451,2022-07-12 00:33:26.251,9,0.8,7.295
normal,normal_265,265,2022-07-12 00:33:34.840,2022-07-12 00:33:39.740,50,4.9,8.589
normal,normal_266,266,2022-07-12 00:33:41.534,2022-07-12 00:33:46.434,50,4.9,1.794
normal,normal_267,267,2022-07-12 00:33:49.428,2022-07-12 00:33:53.228,39,3.8,2.994
normal,normal_268,268,2022-07-12 00:33:57.398,2022-07-12 00:33:59.898,26,2.5,4.17
normal,normal_269,269,2022-07-12 00:34:05.379,2022-07-12 00:34:06.779,15,1.4,5.481
normal,normal_270,270,2022-07-12 00:34:13.260,2022-07-12 00:34:13.560,4,0.3,6.481
normal,normal_271,271,2022-07-12 00:34:15.359,2022-07-12 00:34:20.259,50,4.9,1.799
normal,normal_272,272,2022-07-12 00:34:21.987,2022-07-12 00:34:26.887,50,4.9,1.728
normal,normal_273,273,2022-07-12 00:34:29.244,2022-07-12 00:34:33.444,43,4.2,2.357
normal,normal_274,274,2022-07-12 00:34:37.168,2022-07-12 00:34:41.568,45,4.4,3.724
normal,normal_275,275,2022-07-12 00:34:45.928,2022-07-12 00:34:50.828,50,4.9,4.36
normal,normal_276,276,2022-07-12 00:34:53.056,2022-07-12 00:34:57.656,47,4.6,2.228
normal,normal_277,277,2022-07-12 00:35:01.171,2022-07-12 00:35:04.271,32,3.1,3.515
normal,normal_278,278,2022-07-12 00:35:09.147,2022-07-12 00:35:11.147,21,2.0,4.876
normal,normal_279,279,2022-07-12 00:35:17.136,2022-07-12 00:35:17.836,8,0.7,5.989
normal,normal_280,280,2022-07-12 00:35:25.092,2022-07-12 00:35:25.792,8,0.7,7.256
normal,normal_281,281,2022-07-12 00:35:34.214,2022-07-12 00:35:39.114,50,4.9,8.422
normal,normal_282,282,2022-07-12 00:35:41.235,2022-07-12 00:35:45.935,48,4.7,2.121
normal,normal_283,283,2022-07-12 00:35:49.315,2022-07-12 00:35:52.515,33,3.2,3.38
normal,normal_284,284,2022-07-12 00:35:57.296,2022-07-12 00:35:59.396,22,2.1,4.781
normal,normal_285,285,2022-07-12 00:36:05.268,2022-07-12 00:36:06.168,10,0.9,5.872
normal,normal_286,286,2022-07-12 00:36:07.998,2022-07-12 00:36:12.898,50,4.9,1.83
normal,normal_287,287,2022-07-12 00:36:14.644,2022-07-12 00:36:19.544,50,4.9,1.746
normal,normal_288,288,2022-07-12 00:36:21.560,2022-07-12 00:36:26.460,50,4.9,2.016
normal,normal_289,289,2022-07-12 00:36:29.468,2022-07-12 00:36:32.968,36,3.5,3.008
normal,normal_290,290,2022-07-12 00:36:37.428,2022-07-12 00:36:39.728,24,2.3,4.46
normal,normal_291,291,2022-07-12 00:36:45.408,2022-07-12 00:36:46.608,13,1.2,5.68
normal,normal_292,292,2022-07-12 00:36:53.119,2022-07-12 00:36:53.119,1,0.0,6.511
normal,normal_293,293,2022-07-12 00:36:55.156,2022-07-12 00:37:00.056,50,4.9,2.037
normal,normal_294,294,2022-07-12 00:37:02.032,2022-07-12 00:37:06.932,50,4.9,1.976
normal,normal_295,295,2022-07-12 00:37:09.360,2022-07-12 00:37:13.460,42,4.1,2.428
normal,normal_296,296,2022-07-12 00:37:17.426,2022-07-12 00:37:20.226,29,2.8,3.966
normal,normal_297,297,2022-07-12 00:37:25.356,2022-07-12 00:37:27.256,20,1.9,5.13
normal,normal_298,298,2022-07-12 00:37:33.270,2022-07-12 00:37:33.970,8,0.7,6.014
normal,normal_299,299,2022-07-12 00:37:42.318,2022-07-12 00:37:47.218,50,4.9,8.348
normal,normal_300,300,2022-07-12 00:37:49.246,2022-07-12 00:37:53.946,48,4.7,2.028
normal,normal_301,301,2022-07-12 00:37:57.236,2022-07-12 00:38:00.736,36,3.5,3.29
normal,normal_302,302,2022-07-12 00:38:05.247,2022-07-12 00:38:07.147,20,1.9,4.511
normal,normal_303,303,2022-07-12 00:38:13.239,2022-07-12 00:38:14.039,9,0.8,6.092
normal,normal_304,304,2022-07-12 00:38:22.496,2022-07-12 00:38:27.396,50,4.9,8.457
normal,normal_305,305,2022-07-12 00:38:29.302,2022-07-12 00:38:34.202,50,4.9,1.906
normal,normal_306,306,2022-07-12 00:38:37.296,2022-07-12 00:38:40.996,38,3.7,3.094
normal,normal_307,307,2022-07-12 00:38:45.418,2022-07-12 00:38:48.818,35,3.4,4.422
normal,normal_308,308,2022-07-12 00:38:53.456,2022-07-12 00:38:55.656,23,2.2,4.638
normal,normal_309,309,2022-07-12 00:39:01.416,2022-07-12 00:39:02.216,9,0.8,5.76
normal,normal_310,310,2022-07-12 00:39:10.908,2022-07-12 00:39:15.808,50,4.9,8.692
normal,normal_311,311,2022-07-12 00:39:17.687,2022-07-12 00:39:22.587,50,4.9,1.879
normal,normal_312,312,2022-07-12 00:39:25.531,2022-07-12 00:39:29.231,38,3.7,2.944
normal,normal_313,313,2022-07-12 00:39:33.471,2022-07-12 00:39:35.771,24,2.3,4.24
normal,normal_314,314,2022-07-12 00:39:41.284,2022-07-12 00:39:42.884,17,1.6,5.513
normal,normal_315,315,2022-07-12 00:39:49.306,2022-07-12 00:39:49.306,1,0.0,6.422
normal,normal_316,316,2022-07-12 00:39:51.184,2022-07-12 00:39:56.084,50,4.9,1.878
normal,normal_317,317,2022-07-12 00:39:57.839,2022-07-12 00:40:02.739,50,4.9,1.755
normal,normal_318,318,2022-07-12 00:40:05.260,2022-07-12 00:40:09.360,42,4.1,2.521
normal,normal_319,319,2022-07-12 00:40:13.200,2022-07-12 00:40:16.200,31,3.0,3.84
normal,normal_320,320,2022-07-12 00:40:21.200,2022-07-12 00:40:22.700,16,1.5,5.0
normal,normal_321,321,2022-07-12 00:40:29.245,2022-07-12 00:40:29.445,3,0.2,6.545
normal,normal_322,322,2022-07-12 00:40:37.167,2022-07-12 00:40:37.367,3,0.2,7.722
normal,normal_323,323,2022-07-12 00:40:39.236,2022-07-12 00:40:44.136,50,4.9,1.869
normal,normal_324,324,2022-07-12 00:40:45.865,2022-07-12 00:40:50.765,50,4.9,1.729
normal,normal_325,325,2022-07-12 00:40:53.176,2022-07-12 00:40:57.476,44,4.3,2.411
normal,normal_326,326,2022-07-12 00:41:01.166,2022-07-12 00:41:04.066,30,2.9,3.69
normal,normal_327,327,2022-07-12 00:41:09.181,2022-07-12 00:41:10.981,19,1.8,5.115
normal,normal_328,328,2022-07-12 00:41:17.117,2022-07-12 00:41:17.317,3,0.2,6.136
normal,normal_329,329,2022-07-12 00:41:19.199,2022-07-12 00:41:24.099,50,4.9,1.882
normal,normal_330,330,2022-07-12 00:41:25.865,2022-07-12 00:41:30.765,50,4.9,1.766
normal,normal_331,331,2022-07-12 00:41:33.240,2022-07-12 00:41:37.340,42,4.1,2.475
normal,normal_332,332,2022-07-12 00:41:41.292,2022-07-12 00:41:44.192,30,2.9,3.952
normal,normal_333,333,2022-07-12 00:41:49.471,2022-07-12 00:41:50.771,14,1.3,5.279
normal,normal_334,334,2022-07-12 00:41:57.470,2022-07-12 00:41:57.570,2,0.1,6.699
normal,normal_335,335,2022-07-12 00:42:06.134,2022-07-12 00:42:11.034,50,4.9,8.564
normal,normal_336,336,2022-07-12 00:42:13.314,2022-07-12 00:42:17.714,45,4.4,2.28
normal,normal_337,337,2022-07-12 00:42:21.316,2022-07-12 00:42:24.616,34,3.3,3.602
normal,normal_338,338,2022-07-12 00:42:29.388,2022-07-12 00:42:32.488,32,3.1,4.772
normal,normal_339,339,2022-07-12 00:42:37.291,2022-07-12 00:42:39.191,20,1.9,4.803
normal,normal_340,340,2022-07-12 00:42:45.343,2022-07-12 00:42:45.843,6,0.5,6.152
normal,normal_341,341,2022-07-12 00:42:47.528,2022-07-12 00:42:52.428,50,4.9,1.685
normal,normal_342,342,2022-07-12 00:42:54.375,2022-07-12 00:42:59.275,50,4.9,1.947
normal,normal_343,343,2022-07-12 00:43:01.514,2022-07-12 00:43:05.914,45,4.4,2.239
normal,normal_344,344,2022-07-12 00:43:09.436,2022-07-12 00:43:12.736,34,3.3,3.522
normal,normal_345,345,2022-07-12 00:43:17.444,2022-07-12 00:43:19.444,21,2.0,4.708
normal,normal_346,346,2022-07-12 00:43:25.297,2022-07-12 00:43:26.597,14,1.3,5.853
normal,normal_347,347,2022-07-12 00:43:33.096,2022-07-12 00:43:33.196,2,0.1,6.499
normal,normal_348,348,2022-07-12 00:43:35.064,2022-07-12 00:43:39.964,50,4.9,1.868
normal,normal_349,349,2022-07-12 00:43:41.601,2022-07-12 00:43:46.501,50,4.9,1.637
normal,normal_350,350,2022-07-12 00:43:49.346,2022-07-12 00:43:53.346,41,4.0,2.845
normal,normal_351,351,2022-07-12 00:43:57.268,2022-07-12 00:43:59.968,28,2.7,3.922
normal,normal_352,352,2022-07-12 00:44:05.295,2022-07-12 00:44:06.995,18,1.7,5.327
normal,normal_353,353,2022-07-12 00:44:13.300,2022-07-12 00:44:13.700,5,0.4,6.305
normal,normal_354,354,2022-07-12 00:44:15.484,2022-07-12 00:44:20.384,50,4.9,1.784
normal,normal_355,355,2022-07-12 00:44:22.158,2022-07-12 00:44:27.058,50,4.9,1.774
normal,normal_356,356,2022-07-12 00:44:29.332,2022-07-12 00:44:33.832,46,4.5,2.274
normal,normal_357,357,2022-07-12 00:44:37.312,2022-07-12 00:44:40.412,32,3.1,3.48
normal,normal_358,358,2022-07-12 00:44:45.286,2022-07-12 00:44:47.186,20,1.9,4.874
normal,normal_359,359,2022-07-12 00:44:53.274,2022-07-12 00:44:53.874,7,0.6,6.088
normal,normal_360,360,2022-07-12 00:45:02.356,2022-07-12 00:45:07.256,50,4.9,8.482
normal,normal_361,361,2022-07-12 00:45:10.440,2022-07-12 00:45:15.340,50,4.9,3.184
normal,normal_362,362,2022-07-12 00:45:17.244,2022-07-12 00:45:22.144,50,4.9,1.904
normal,normal_363,363,2022-07-12 00:45:25.336,2022-07-12 00:45:28.636,34,3.3,3.192
normal,normal_364,364,2022-07-12 00:45:33.352,2022-07-12 00:45:35.352,21,2.0,4.716
normal,normal_365,365,2022-07-12 00:45:41.472,2022-07-12 00:45:42.272,9,0.8,6.12
normal,normal_366,366,2022-07-12 00:45:50.892,2022-07-12 00:45:55.792,50,4.9,8.62
normal,normal_367,367,2022-07-12 00:45:57.561,2022-07-12 00:46:02.461,50,4.9,1.769
normal,normal_368,368,2022-07-12 00:46:05.548,2022-07-12 00:46:09.148,37,3.6,3.087
normal,normal_369,369,2022-07-12 00:46:13.485,2022-07-12 00:46:16.085,27,2.6,4.337
normal,normal_370,370,2022-07-12 00:46:21.424,2022-07-12 00:46:22.824,15,1.4,5.339
normal,normal_371,371,2022-07-12 00:46:29.508,2022-07-12 00:46:29.508,1,0.0,6.684
normal,normal_372,372,2022-07-12 00:46:31.584,2022-07-12 00:46:36.484,50,4.9,2.076
normal,normal_373,373,2022-07-12 00:46:38.256,2022-07-12 00:46:43.156,50,4.9,1.772
normal,normal_374,374,2022-07-12 00:46:45.658,2022-07-12 00:46:49.858,43,4.2,2.502
normal,normal_375,375,2022-07-12 00:46:53.743,2022-07-12 00:46:56.643,30,2.9,3.885
normal,normal_376,376,2022-07-12 00:47:01.644,2022-07-12 00:47:03.644,21,2.0,5.001
normal,normal_377,377,2022-07-12 00:47:09.558,2022-07-12 00:47:10.058,6,0.5,5.914
normal,normal_378,378,2022-07-12 00:47:11.896,2022-07-12 00:47:16.796,50,4.9,1.838
normal,normal_379,379,2022-07-12 00:47:18.491,2022-07-12 00:47:23.391,50,4.9,1.695
normal,normal_380,380,2022-07-12 00:47:25.788,2022-07-12 00:47:29.988,43,4.2,2.397
normal,normal_381,381,2022-07-12 00:47:33.787,2022-07-12 00:47:36.587,29,2.8,3.799
normal,normal_382,382,2022-07-12 00:47:41.964,2022-07-12 00:47:43.164,13,1.2,5.377
normal,normal_383,383,2022-07-12 00:47:49.980,2022-07-12 00:47:49.980,1,0.0,6.816
normal,normal_384,384,2022-07-12 00:47:59.731,2022-07-12 00:48:04.631,50,4.9,9.751
normal,normal_385,385,2022-07-12 00:48:06.559,2022-07-12 00:48:11.459,50,4.9,1.928
normal,normal_386,386,2022-07-12 00:48:14.176,2022-07-12 00:48:18.076,40,3.9,2.717
normal,normal_387,387,2022-07-12 00:48:22.150,2022-07-12 00:48:24.850,28,2.7,4.074
normal,normal_388,388,2022-07-12 00:48:30.056,2022-07-12 00:48:31.656,17,1.6,5.206
normal,normal_389,389,2022-07-12 00:48:38.047,2022-07-12 00:48:38.347,4,0.3,6.391
normal,normal_390,390,2022-07-12 00:48:40.145,2022-07-12 00:48:45.045,50,4.9,1.798
normal,normal_391,391,2022-07-12 00:48:46.796,2022-07-12 00:48:51.696,50,4.9,1.751
normal,normal_392,392,2022-07-12 00:48:54.584,2022-07-12 00:48:58.384,39,3.8,2.888
normal,normal_393,393,2022-07-12 00:49:02.714,2022-07-12 00:49:05.114,25,2.4,4.33
normal,normal_394,394,2022-07-12 00:49:10.737,2022-07-12 00:49:12.037,14,1.3,5.623
normal,normal_395,395,2022-07-12 00:49:18.634,2022-07-12 00:49:18.634,1,0.0,6.597
normal,normal_396,396,2022-07-12 00:49:27.367,2022-07-12 00:49:32.267,50,4.9,8.733
normal,normal_397,397,2022-07-12 00:49:34.708,2022-07-12 00:49:39.008,44,4.3,2.441
normal,normal_398,398,2022-07-12 00:49:42.699,2022-07-12 00:49:45.799,32,3.1,3.691
normal,normal_399,399,2022-07-12 00:49:50.587,2022-07-12 00:49:52.687,22,2.1,4.788
normal,normal_400,400,2022-07-12 00:49:58.730,2022-07-12 00:49:59.330,7,0.6,6.043
normal,normal_401,401,2022-07-12 00:50:15.827,2022-07-12 00:50:20.727,50,4.9,16.497
normal,normal_402,402,2022-07-12 00:50:22.836,2022-07-12 00:50:27.336,46,4.5,2.109
normal,normal_403,403,2022-07-12 00:50:30.952,2022-07-12 00:50:34.252,34,3.3,3.616
normal,normal_404,404,2022-07-12 00:50:38.906,2022-07-12 00:50:40.906,21,2.0,4.654
normal,normal_405,405,2022-07-12 00:50:46.896,2022-07-12 00:50:47.996,12,1.1,5.99
normal,normal_406,406,2022-07-12 00:50:56.424,2022-07-12 00:51:01.324,50,4.9,8.428
normal,normal_407,407,2022-07-12 00:51:03.048,2022-07-12 00:51:07.948,50,4.9,1.724
normal,normal_408,408,2022-07-12 00:51:10.863,2022-07-12 00:51:14.563,38,3.7,2.915
normal,normal_409,409,2022-07-12 00:51:18.948,2022-07-12 00:51:21.348,25,2.4,4.385
normal,normal_410,410,2022-07-12 00:51:26.816,2022-07-12 00:51:28.016,13,1.2,5.468
normal,normal_411,411,2022-07-12 00:51:36.856,2022-07-12 00:51:41.756,50,4.9,8.84
normal,normal_412,412,2022-07-12 00:51:43.448,2022-07-12 00:51:48.348,50,4.9,1.692
normal,normal_413,413,2022-07-12 00:51:51.236,2022-07-12 00:51:55.136,40,3.9,2.888
normal,normal_414,414,2022-07-12 00:51:59.201,2022-07-12 00:52:01.901,28,2.7,4.065
normal,normal_415,415,2022-07-12 00:52:07.111,2022-07-12 00:52:08.511,15,1.4,5.21
normal,normal_416,416,2022-07-12 00:52:15.119,2022-07-12 00:52:16.419,14,1.3,6.608
normal,normal_417,417,2022-07-12 00:52:23.255,2022-07-12 00:52:23.255,1,0.0,6.836
normal,normal_418,418,2022-07-12 00:52:32.972,2022-07-12 00:52:37.872,50,4.9,9.717
normal,normal_419,419,2022-07-12 00:52:39.609,2022-07-12 00:52:44.509,50,4.9,1.737
normal,normal_420,420,2022-07-12 00:52:47.696,2022-07-12 00:52:51.396,38,3.7,3.187
normal,normal_421,421,2022-07-12 00:52:55.616,2022-07-12 00:52:57.816,23,2.2,4.22
normal,normal_422,422,2022-07-12 00:53:03.651,2022-07-12 00:53:04.551,10,0.9,5.835
normal,normal_423,423,2022-07-12 00:53:13.056,2022-07-12 00:53:17.956,50,4.9,8.505
normal,normal_424,424,2022-07-12 00:53:19.759,2022-07-12 00:53:24.559,49,4.8,1.803
normal,normal_425,425,2022-07-12 00:53:27.876,2022-07-12 00:53:31.376,36,3.5,3.317
normal,normal_426,426,2022-07-12 00:53:35.908,2022-07-12 00:53:38.208,24,2.3,4.532
normal,normal_427,427,2022-07-12 00:53:43.747,2022-07-12 00:53:44.747,11,1.0,5.539
normal,normal_428,428,2022-07-12 00:53:53.254,2022-07-12 00:53:58.154,50,4.9,8.507
normal,normal_429,429,2022-07-12 00:54:00.003,2022-07-12 00:54:04.903,50,4.9,1.849
normal,normal_430,430,2022-07-12 00:54:07.775,2022-07-12 00:54:11.575,39,3.8,2.872
normal,normal_431,431,2022-07-12 00:54:15.782,2022-07-12 00:54:18.482,28,2.7,4.207
normal,normal_432,432,2022-07-12 00:54:23.963,2022-07-12 00:54:26.363,25,2.4,5.481
normal,normal_433,433,2022-07-12 00:54:32.064,2022-07-12 00:54:33.064,11,1.0,5.701
normal,normal_434,434,2022-07-12 00:54:41.336,2022-07-12 00:54:46.236,50,4.9,8.272
normal,normal_435,435,2022-07-12 00:54:48.044,2022-07-12 00:54:52.844,49,4.8,1.808
normal,normal_436,436,2022-07-12 00:54:56.093,2022-07-12 00:54:59.493,35,3.4,3.249
normal,normal_437,437,2022-07-12 00:55:04.088,2022-07-12 00:55:06.188,22,2.1,4.595
normal,normal_438,438,2022-07-12 00:55:11.936,2022-07-12 00:55:12.836,10,0.9,5.748
normal,normal_439,439,2022-07-12 00:55:21.168,2022-07-12 00:55:26.068,50,4.9,8.332
normal,normal_440,440,2022-07-12 00:55:28.258,2022-07-12 00:55:33.058,49,4.8,2.19
normal,normal_441,441,2022-07-12 00:55:36.468,2022-07-12 00:55:39.768,34,3.3,3.41
normal,normal_442,442,2022-07-12 00:55:44.751,2022-07-12 00:55:46.351,17,1.6,4.983
normal,normal_443,443,2022-07-12 00:55:52.785,2022-07-12 00:55:53.085,4,0.3,6.434
normal,normal_444,444,2022-07-12 00:56:02.752,2022-07-12 00:56:07.652,50,4.9,9.667
normal,normal_445,445,2022-07-12 00:56:09.664,2022-07-12 00:56:14.564,50,4.9,2.012
normal,normal_446,446,2022-07-12 00:56:16.827,2022-07-12 00:56:21.127,44,4.3,2.263
normal,normal_447,447,2022-07-12 00:56:24.832,2022-07-12 00:56:27.832,31,3.0,3.705
normal,normal_448,448,2022-07-12 00:56:32.839,2022-07-12 00:56:34.839,21,2.0,5.007
normal,normal_449,449,2022-07-12 00:56:40.816,2022-07-12 00:56:41.416,7,0.6,5.977
normal,normal_450,450,2022-07-12 00:56:49.884,2022-07-12 00:56:54.784,50,4.9,8.468
normal,normal_451,451,2022-07-12 00:56:56.793,2022-07-12 00:57:01.493,48,4.7,2.009
normal,normal_452,452,2022-07-12 00:57:04.747,2022-07-12 00:57:08.347,37,3.6,3.254
normal,normal_453,453,2022-07-12 00:57:12.712,2022-07-12 00:57:15.012,24,2.3,4.365
normal,normal_454,454,2022-07-12 00:57:20.685,2022-07-12 00:57:21.685,11,1.0,5.673
normal,normal_455,455,2022-07-12 00:57:30.180,2022-07-12 00:57:35.080,50,4.9,8.495
normal,normal_456,456,2022-07-12 00:57:36.947,2022-07-12 00:57:41.847,50,4.9,1.867
normal,normal_457,457,2022-07-12 00:57:44.792,2022-07-12 00:57:48.592,39,3.8,2.945
normal,normal_458,458,2022-07-12 00:57:52.787,2022-07-12 00:57:55.387,27,2.6,4.195
normal,normal_459,459,2022-07-12 00:58:00.779,2022-07-12 00:58:02.479,18,1.7,5.392
normal,normal_460,460,2022-07-12 00:58:08.660,2022-07-12 00:58:09.060,5,0.4,6.181
normal,normal_461,461,2022-07-12 00:58:17.587,2022-07-12 00:58:22.487,50,4.9,8.527
normal,normal_462,462,2022-07-12 00:58:24.593,2022-07-12 00:58:29.293,48,4.7,2.106
normal,normal_463,463,2022-07-12 00:58:32.643,2022-07-12 00:58:35.943,34,3.3,3.35
normal,normal_464,464,2022-07-12 00:58:40.588,2022-07-12 00:58:43.888,34,3.3,4.645
normal,normal_465,465,2022-07-12 00:58:48.559,2022-07-12 00:58:50.459,20,1.9,4.671
normal,normal_466,466,2022-07-12 00:58:56.518,2022-07-12 00:58:57.218,8,0.7,6.059
normal,normal_467,467,2022-07-12 00:59:05.768,2022-07-12 00:59:10.668,50,4.9,8.55
normal,normal_468,468,2022-07-12 00:59:12.485,2022-07-12 00:59:17.285,49,4.8,1.817
normal,normal_469,469,2022-07-12 00:59:20.419,2022-07-12 00:59:23.919,36,3.5,3.134
normal,normal_470,470,2022-07-12 00:59:28.347,2022-07-12 00:59:31.947,37,3.6,4.428
normal,normal_471,471,2022-07-12 00:59:36.371,2022-07-12 00:59:38.671,24,2.3,4.424
normal,normal_472,472,2022-07-12 00:59:44.319,2022-07-12 00:59:45.319,11,1.0,5.648
normal,normal_473,473,2022-07-12 00:59:53.992,2022-07-12 00:59:58.892,50,4.9,8.673
normal,normal_474,474,2022-07-12 01:00:00.660,2022-07-12 01:00:05.560,50,4.9,1.768
normal,normal_475,475,2022-07-12 01:00:08.365,2022-07-12 01:00:12.165,39,3.8,2.805
normal,normal_476,476,2022-07-12 01:00:16.392,2022-07-12 01:00:18.992,27,2.6,4.227
normal,normal_477,477,2022-07-12 01:00:24.417,2022-07-12 01:00:25.717,14,1.3,5.425
normal,normal_478,478,2022-07-12 01:00:34.124,2022-07-12 01:00:39.024,50,4.9,8.407
normal,normal_479,479,2022-07-12 01:00:40.804,2022-07-12 01:00:45.704,50,4.9,1.78
normal,normal_480,480,2022-07-12 01:00:50.060,2022-07-12 01:00:54.960,50,4.9,4.356
normal,normal_481,481,2022-07-12 01:00:56.832,2022-07-12 01:01:01.732,50,4.9,1.872
normal,normal_482,482,2022-07-12 01:01:04.524,2022-07-12 01:01:08.524,41,4.0,2.792
normal,normal_483,483,2022-07-12 01:01:13.118,2022-07-12 01:01:18.018,50,4.9,4.594
normal,normal_484,484,2022-07-12 01:01:20.296,2022-07-12 01:01:24.596,44,4.3,2.278
normal,normal_485,485,2022-07-12 01:01:28.171,2022-07-12 01:01:32.471,44,4.3,3.575
normal,normal_486,486,2022-07-12 01:01:36.160,2022-07-12 01:01:40.460,44,4.3,3.689
normal,normal_487,487,2022-07-12 01:01:44.306,2022-07-12 01:01:48.506,43,4.2,3.846
normal,normal_488,488,2022-07-12 01:01:52.260,2022-07-12 01:01:55.660,35,3.4,3.754
normal,normal_489,489,2022-07-12 01:02:00.218,2022-07-12 01:02:02.418,23,2.2,4.558
normal,normal_490,490,2022-07-12 01:02:08.325,2022-07-12 01:02:10.325,21,2.0,5.907
normal,normal_491,491,2022-07-12 01:02:16.224,2022-07-12 01:02:16.924,8,0.7,5.899
normal,normal_492,492,2022-07-12 01:02:33.380,2022-07-12 01:02:38.280,50,4.9,16.456
normal,normal_493,493,2022-07-12 01:02:40.198,2022-07-12 01:02:45.098,50,4.9,1.918
normal,normal_494,494,2022-07-12 01:02:48.171,2022-07-12 01:02:51.971,39,3.8,3.073
normal,normal_495,495,2022-07-12 01:02:56.132,2022-07-12 01:02:58.732,27,2.6,4.161
normal,normal_496,496,2022-07-12 01:03:04.194,2022-07-12 01:03:05.594,15,1.4,5.462
normal,normal_497,497,2022-07-12 01:03:12.228,2022-07-12 01:03:13.428,13,1.2,6.634
normal,normal_498,498,2022-07-12 01:03:22.041,2022-07-12 01:03:26.941,50,4.9,8.613
normal,normal_499,499,2022-07-12 01:03:29.848,2022-07-12 01:03:34.748,50,4.9,2.907
normal,normal_500,500,2022-07-12 01:03:36.502,2022-07-12 01:03:41.402,50,4.9,1.754
normal,normal_501,501,2022-07-12 01:03:44.460,2022-07-12 01:03:48.060,37,3.6,3.058
normal,normal_502,502,2022-07-12 01:03:52.400,2022-07-12 01:03:54.700,24,2.3,4.34
normal,normal_503,503,2022-07-12 01:04:00.354,2022-07-12 01:04:01.354,11,1.0,5.654
normal,normal_504,504,2022-07-12 01:04:08.260,2022-07-12 01:04:09.460,13,1.2,6.906
normal,normal_505,505,2022-07-12 01:04:17.855,2022-07-12 01:04:22.755,50,4.9,8.395
normal,normal_506,506,2022-07-12 01:04:24.809,2022-07-12 01:04:29.709,50,4.9,2.054
normal,normal_507,507,2022-07-12 01:04:32.499,2022-07-12 01:04:36.199,38,3.7,2.79
normal,normal_508,508,2022-07-12 01:04:40.439,2022-07-12 01:04:43.039,27,2.6,4.24
normal,normal_509,509,2022-07-12 01:04:48.514,2022-07-12 01:04:49.714,13,1.2,5.475
normal,normal_510,510,2022-07-12 01:04:58.256,2022-07-12 01:05:03.156,50,4.9,8.542
normal,normal_511,511,2022-07-12 01:05:04.844,2022-07-12 01:05:09.744,50,4.9,1.688
normal,normal_512,512,2022-07-12 01:05:12.740,2022-07-12 01:05:16.440,38,3.7,2.996
normal,normal_513,513,2022-07-12 01:05:20.820,2022-07-12 01:05:23.320,26,2.5,4.38
normal,normal_514,514,2022-07-12 01:05:28.740,2022-07-12 01:05:29.940,13,1.2,5.42
normal,normal_515,515,2022-07-12 01:05:45.204,2022-07-12 01:05:50.104,50,4.9,15.264
normal,normal_516,516,2022-07-12 01:05:53.230,2022-07-12 01:05:58.130,50,4.9,3.126
normal,normal_517,517,2022-07-12 01:06:01.096,2022-07-12 01:06:04.996,40,3.9,2.966
normal,normal_518,518,2022-07-12 01:06:09.221,2022-07-12 01:06:11.621,25,2.4,4.225
normal,normal_519,519,2022-07-12 01:06:17.179,2022-07-12 01:06:18.379,13,1.2,5.558
normal,normal_520,520,2022-07-12 01:06:26.758,2022-07-12 01:06:31.658,50,4.9,8.379
normal,normal_521,521,2022-07-12 01:06:33.408,2022-07-12 01:06:38.308,50,4.9,1.75
normal,normal_522,522,2022-07-12 01:06:41.133,2022-07-12 01:06:44.933,39,3.8,2.825
normal,normal_523,523,2022-07-12 01:06:49.173,2022-07-12 01:06:51.573,25,2.4,4.24
normal,normal_524,524,2022-07-12 01:06:57.151,2022-07-12 01:06:58.151,11,1.0,5.578
normal,normal_525,525,2022-07-12 01:07:07.819,2022-07-12 01:07:12.719,50,4.9,9.668
normal,normal_526,526,2022-07-12 01:07:14.504,2022-07-12 01:07:19.404,50,4.9,1.785
normal,normal_527,527,2022-07-12 01:07:21.267,2022-07-12 01:07:26.067,49,4.8,1.863
normal,normal_528,528,2022-07-12 01:07:29.260,2022-07-12 01:07:32.760,36,3.5,3.193
normal,normal_529,529,2022-07-12 01:07:37.255,2022-07-12 01:07:39.655,25,2.4,4.495
normal,normal_530,530,2022-07-12 01:07:45.179,2022-07-12 01:07:46.179,11,1.0,5.524
normal,normal_531,531,2022-07-12 01:07:53.071,2022-07-12 01:07:53.071,1,0.0,6.892
normal,normal_532,532,2022-07-12 01:07:54.616,2022-07-12 01:07:59.516,50,4.9,1.545
normal,normal_533,533,2022-07-12 01:08:01.324,2022-07-12 01:08:06.224,50,4.9,1.808
normal,normal_534,534,2022-07-12 01:08:09.198,2022-07-12 01:08:12.898,38,3.7,2.974
normal,normal_535,535,2022-07-12 01:08:17.218,2022-07-12 01:08:19.618,25,2.4,4.32
normal,normal_536,536,2022-07-12 01:08:25.251,2022-07-12 01:08:26.151,10,0.9,5.633
normal,normal_537,537,2022-07-12 01:08:34.704,2022-07-12 01:08:39.604,50,4.9,8.553
normal,normal_538,538,2022-07-12 01:08:41.601,2022-07-12 01:08:46.501,50,4.9,1.997
normal,normal_539,539,2022-07-12 01:08:49.676,2022-07-12 01:08:53.076,35,3.4,3.175
normal,normal_540,540,2022-07-12 01:08:57.709,2022-07-12 01:08:59.909,23,2.2,4.633
normal,normal_541,541,2022-07-12 01:09:05.688,2022-07-12 01:09:06.588,10,0.9,5.779
normal,normal_542,542,2022-07-12 01:09:13.905,2022-07-12 01:09:14.605,8,0.7,7.317
normal,normal_543,543,2022-07-12 01:09:23.128,2022-07-12 01:09:28.028,50,4.9,8.523
normal,normal_544,544,2022-07-12 01:09:29.681,2022-07-12 01:09:34.581,50,4.9,1.653
normal,normal_545,545,2022-07-12 01:09:37.774,2022-07-12 01:09:41.274,36,3.5,3.193
normal,normal_546,546,2022-07-12 01:09:45.835,2022-07-12 01:09:47.935,22,2.1,4.561
normal,normal_547,547,2022-07-12 01:09:53.876,2022-07-12 01:09:54.476,7,0.6,5.941
normal,normal_548,548,2022-07-12 01:10:01.958,2022-07-12 01:10:02.658,8,0.7,7.482
normal,normal_549,549,2022-07-12 01:10:11.168,2022-07-12 01:10:16.068,50,4.9,8.51
normal,normal_550,550,2022-07-12 01:10:18.055,2022-07-12 01:10:22.855,49,4.8,1.987
normal,normal_551,551,2022-07-12 01:10:26.247,2022-07-12 01:10:30.747,46,4.5,3.392
normal,normal_552,552,2022-07-12 01:10:34.272,2022-07-12 01:10:38.672,45,4.4,3.525
normal,normal_553,553,2022-07-12 01:10:42.242,2022-07-12 01:10:45.242,31,3.0,3.57
normal,normal_554,554,2022-07-12 01:10:50.426,2022-07-12 01:10:52.026,17,1.6,5.184
normal,normal_555,555,2022-07-12 01:10:58.467,2022-07-12 01:10:58.667,3,0.2,6.441
normal,normal_556,556,2022-07-12 01:11:00.537,2022-07-12 01:11:05.437,50,4.9,1.87
normal,normal_557,557,2022-07-12 01:11:07.348,2022-07-12 01:11:12.248,50,4.9,1.911
normal,normal_558,558,2022-07-12 01:11:14.704,2022-07-12 01:11:19.104,45,4.4,2.456
normal,normal_559,559,2022-07-12 01:11:22.827,2022-07-12 01:11:25.727,30,2.9,3.723
normal,normal_560,560,2022-07-12 01:11:30.788,2022-07-12 01:11:32.588,19,1.8,5.061
normal,normal_561,561,2022-07-12 01:11:38.853,2022-07-12 01:11:39.253,5,0.4,6.265
normal,normal_562,562,2022-07-12 01:11:47.790,2022-07-12 01:11:52.690,50,4.9,8.537
normal,normal_563,563,2022-07-12 01:11:55.696,2022-07-12 01:12:00.596,50,4.9,3.006
normal,normal_564,564,2022-07-12 01:12:03.184,2022-07-12 01:12:07.484,44,4.3,2.588
normal,normal_565,565,2022-07-12 01:12:11.247,2022-07-12 01:12:14.147,30,2.9,3.763
normal,normal_566,566,2022-07-12 01:12:19.195,2022-07-12 01:12:20.895,18,1.7,5.048
normal,normal_567,567,2022-07-12 01:12:27.208,2022-07-12 01:12:27.508,4,0.3,6.313
normal,normal_568,568,2022-07-12 01:12:29.385,2022-07-12 01:12:34.285,50,4.9,1.877
normal,normal_569,569,2022-07-12 01:12:36.055,2022-07-12 01:12:40.955,50,4.9,1.77
normal,normal_570,570,2022-07-12 01:12:43.312,2022-07-12 01:12:47.612,44,4.3,2.357
normal,normal_571,571,2022-07-12 01:12:51.468,2022-07-12 01:12:55.568,42,4.1,3.856
normal,normal_572,572,2022-07-12 01:12:59.519,2022-07-12 01:13:02.419,30,2.9,3.951
normal,normal_573,573,2022-07-12 01:13:07.457,2022-07-12 01:13:09.357,20,1.9,5.038
normal,normal_574,574,2022-07-12 01:13:15.417,2022-07-12 01:13:16.117,8,0.7,6.06
normal,normal_575,575,2022-07-12 01:13:24.740,2022-07-12 01:13:29.640,50,4.9,8.623
normal,normal_576,576,2022-07-12 01:13:32.840,2022-07-12 01:13:37.740,50,4.9,3.2
normal,normal_577,577,2022-07-12 01:13:39.456,2022-07-12 01:13:44.256,49,4.8,1.716
normal,normal_578,578,2022-07-12 01:13:47.379,2022-07-12 01:13:50.779,35,3.4,3.123
normal,normal_579,579,2022-07-12 01:13:55.330,2022-07-12 01:13:58.730,35,3.4,4.551
normal,normal_580,580,2022-07-12 01:14:03.369,2022-07-12 01:14:05.669,24,2.3,4.639
normal,normal_581,581,2022-07-12 01:14:11.239,2022-07-12 01:14:12.139,10,0.9,5.57
normal,normal_582,582,2022-07-12 01:14:28.769,2022-07-12 01:14:33.669,50,4.9,16.63
normal,normal_583,583,2022-07-12 01:14:35.252,2022-07-12 01:14:40.152,50,4.9,1.583
normal,normal_584,584,2022-07-12 01:14:43.335,2022-07-12 01:14:46.935,37,3.6,3.183
normal,normal_585,585,2022-07-12 01:14:51.439,2022-07-12 01:14:53.839,25,2.4,4.504
normal,normal_586,586,2022-07-12 01:14:59.376,2022-07-12 01:15:00.376,11,1.0,5.537
normal,normal_587,587,2022-07-12 01:15:17.019,2022-07-12 01:15:21.919,50,4.9,16.643
normal,normal_588,588,2022-07-12 01:15:23.633,2022-07-12 01:15:28.533,50,4.9,1.714
normal,normal_589,589,2022-07-12 01:15:31.236,2022-07-12 01:15:35.336,42,4.1,2.703
normal,normal_590,590,2022-07-12 01:15:39.216,2022-07-12 01:15:42.016,29,2.8,3.88
normal,normal_591,591,2022-07-12 01:15:47.224,2022-07-12 01:15:48.924,18,1.7,5.208
normal,normal_592,592,2022-07-12 01:15:55.225,2022-07-12 01:15:55.725,6,0.5,6.301
normal,normal_593,593,2022-07-12 01:16:04.244,2022-07-12 01:16:09.144,50,4.9,8.519
normal,normal_594,594,2022-07-12 01:16:11.294,2022-07-12 01:16:15.794,46,4.5,2.15
normal,normal_595,595,2022-07-12 01:16:19.392,2022-07-12 01:16:22.792,35,3.4,3.598
normal,normal_596,596,2022-07-12 01:16:27.377,2022-07-12 01:16:29.477,22,2.1,4.585
normal,normal_597,597,2022-07-12 01:16:35.392,2022-07-12 01:16:36.092,8,0.7,5.915
normal,normal_598,598,2022-07-12 01:16:44.524,2022-07-12 01:16:49.424,50,4.9,8.432
normal,normal_599,599,2022-07-12 01:16:51.528,2022-07-12 01:16:55.828,44,4.3,2.104
anomaly,anomaly_1,1,2022-07-17 10:51:07.943,2022-07-17 10:51:08.243,4,0.3,
anomaly,anomaly_2,2,2022-07-17 10:51:16.724,2022-07-17 10:51:21.624,50,4.9,8.481
anomaly,anomaly_3,3,2022-07-17 10:51:23.615,2022-07-17 10:51:28.215,47,4.6,1.991
anomaly,anomaly_4,4,2022-07-17 10:51:31.734,2022-07-17 10:51:34.734,31,3.0,3.519
anomaly,anomaly_5,5,2022-07-17 10:51:39.999,2022-07-17 10:51:41.699,18,1.7,5.265
anomaly,anomaly_6,6,2022-07-17 10:51:48.093,2022-07-17 10:51:48.293,3,0.2,6.394
anomaly,anomaly_7,7,2022-07-17 10:51:56.684,2022-07-17 10:52:01.584,50,4.9,8.391
anomaly,anomaly_8,8,2022-07-17 10:52:04.407,2022-07-17 10:52:08.307,40,3.9,2.823
anomaly,anomaly_9,9,2022-07-17 10:52:12.567,2022-07-17 10:52:14.967,25,2.4,4.26
anomaly,anomaly_10,10,2022-07-17 10:52:21.018,2022-07-17 10:52:21.718,8,0.7,6.051
anomaly,anomaly_11,11,2022-07-17 10:52:29.326,2022-07-17 10:52:29.626,4,0.3,7.608
anomaly,anomaly_12,12,2022-07-17 10:52:38.172,2022-07-17 10:52:43.072,50,4.9,8.546
anomaly,anomaly_13,13,2022-07-17 10:52:45.655,2022-07-17 10:52:49.755,42,4.1,2.583
anomaly,anomaly_14,14,2022-07-17 10:52:53.769,2022-07-17 10:52:56.469,28,2.7,4.014
anomaly,anomaly_15,15,2022-07-17 10:53:01.909,2022-07-17 10:53:03.309,15,1.4,5.44
anomaly,anomaly_16,16,2022-07-17 10:53:11.764,2022-07-17 10:53:16.664,50,4.9,8.455
anomaly,anomaly_17,17,2022-07-17 10:53:18.444,2022-07-17 10:53:23.344,50,4.9,1.78
anomaly,anomaly_18,18,2022-07-17 10:53:26.553,2022-07-17 10:53:30.053,36,3.5,3.209
anomaly,anomaly_19,19,2022-07-17 10:53:34.639,2022-07-17 10:53:36.939,24,2.3,4.586
anomaly,anomaly_20,20,2022-07-17 10:53:42.668,2022-07-17 10:53:43.568,10,0.9,5.729
anomaly,anomaly_21,21,2022-07-17 10:53:52.140,2022-07-17 10:53:53.540,15,1.4,8.572
