class,date,segment_id,window_start,AI0_RMS,AI1_RMS,Current_RMS,AI0_kurtosis,AI1_kurtosis,Current_kurtosis,AI0_crest_factor,AI1_crest_factor,Current_crest_factor,AI0_AI1_signed_corr
normal,2022-07-12,1,2022-07-12 00:00:01.019,0.06263,0.16397,151.51884,0.2852,-1.41696,-1.42774,1.78406,1.62774,1.44746,0.39194
normal,2022-07-12,2,2022-07-12 00:00:08.024,0.07091,0.12968,135.40171,-0.98744,-0.80884,-1.28173,1.92822,1.77917,1.60661,0.24118
normal,2022-07-12,3,2022-07-12 00:00:15.467,0.04265,0.05402,76.76678,-0.87406,-1.13507,-1.45355,2.02678,1.72318,1.44299,0.09272
normal,2022-07-12,5,2022-07-12 00:00:34.252,0.03058,0.04933,80.44214,-0.49171,-0.26004,-1.52184,2.17683,2.10973,1.36751,0.37009
normal,2022-07-12,6,2022-07-12 00:00:41.256,0.07315,0.14332,143.88544,-0.54455,-1.29342,-1.3135,2.20209,1.61964,1.54103,0.35428
normal,2022-07-12,7,2022-07-12 00:00:49.176,0.07866,0.04084,82.29427,-0.46516,1.37846,-1.56751,2.05967,2.81182,1.34179,0.29169
normal,2022-07-12,8,2022-07-12 00:00:56.468,0.09557,0.18002,164.50189,0.24523,-1.55948,-1.3064,2.27043,1.57613,1.5581,0.34019
normal,2022-07-12,9,2022-07-12 00:01:03.876,0.07158,0.10566,121.80323,-0.68215,-1.0394,-1.34225,1.91928,1.88955,1.50248,0.42616
normal,2022-07-12,11,2022-07-12 00:01:22.722,0.06322,0.11728,160.66567,-0.91683,-1.06734,-1.51205,1.79236,1.77649,1.40177,0.32985
normal,2022-07-12,12,2022-07-12 00:01:29.357,0.05547,0.04958,85.55684,-0.04682,-0.49898,-1.62187,1.90061,2.0704,1.31069,-0.00041
normal,2022-07-12,13,2022-07-12 00:01:36.646,0.06506,0.12335,143.20473,-0.69003,-1.16465,-1.47947,2.10092,1.99445,1.41664,0.33346
normal,2022-07-12,14,2022-07-12 00:01:43.957,0.05724,0.16475,179.17426,0.9294,-1.3587,-1.52058,2.7381,1.68259,1.39714,0.26556
normal,2022-07-12,16,2022-07-12 00:02:02.794,0.08786,0.18578,176.50995,-0.67498,-1.28604,-1.39614,1.94345,1.59058,1.46732,0.41811
normal,2022-07-12,17,2022-07-12 00:02:09.424,0.08694,0.11364,119.51721,-0.09087,-0.50967,-1.50485,2.24798,2.04068,1.41158,0.13689
normal,2022-07-12,18,2022-07-12 00:02:16.721,0.04769,0.0533,85.96622,-0.68891,-0.55552,-1.62778,1.75647,1.95829,1.28571,-0.04237
normal,2022-07-12,19,2022-07-12 00:02:24.676,0.08811,0.08274,99.94157,-1.08056,-0.56873,-1.38506,1.68039,1.8725,1.46996,-0.05898
normal,2022-07-12,20,2022-07-12 00:02:32.036,0.09053,0.03938,82.51801,-0.47197,0.67013,-1.49716,2.36557,2.38411,1.36435,0.45241
normal,2022-07-12,21,2022-07-12 00:02:40.100,0.06978,0.07191,80.21047,-0.68956,-0.16171,-1.44513,1.79905,1.9573,1.41385,0.37688
normal,2022-07-12,23,2022-07-12 00:02:58.834,0.07928,0.0751,102.16655,-0.17909,0.02582,-1.48188,2.26159,2.23972,1.39849,0.42385
normal,2022-07-12,24,2022-07-12 00:03:05.500,0.06766,0.04268,86.87454,0.15598,1.88582,-1.61901,2.39378,2.58774,1.27945,0.25878
normal,2022-07-12,25,2022-07-12 00:03:12.929,0.07393,0.1837,174.20839,-0.33701,-1.421,-1.45941,2.02591,1.65205,1.42128,0.6161
normal,2022-07-12,26,2022-07-12 00:03:20.515,0.07075,0.04165,83.83211,-0.99938,0.48623,-1.52784,1.87983,2.42999,1.3547,0.48454
normal,2022-07-12,28,2022-07-12 00:03:46.176,0.06192,0.0396,81.83653,-0.54154,2.9206,-1.50033,2.02783,3.22124,1.37877,0.44319
normal,2022-07-12,29,2022-07-12 00:03:54.044,0.06563,0.04524,92.42236,-1.27543,-0.68265,-1.52414,1.59327,1.77193,1.34818,0.51365
normal,2022-07-12,30,2022-07-12 00:04:01.240,0.08155,0.07145,92.56421,-0.85431,-0.89991,-1.32545,1.92789,1.76171,1.56713,0.09491
normal,2022-07-12,31,2022-07-12 00:04:08.513,0.07559,0.18758,166.46058,-0.39563,-1.40166,-1.30299,2.22168,1.53362,1.54654,0.4297
normal,2022-07-12,34,2022-07-12 00:04:27.327,0.10169,0.12589,131.26764,0.94267,-1.14974,-1.2826,2.16658,1.66655,1.54909,0.48487
normal,2022-07-12,35,2022-07-12 00:04:34.037,0.0888,0.13298,165.0721,-1.42933,-0.53242,-1.49163,1.84238,1.84089,1.4424,0.31261
normal,2022-07-12,36,2022-07-12 00:04:41.316,0.04001,0.03575,79.155,-0.3042,-0.50251,-1.48716,2.32968,1.75036,1.40653,0.13753
normal,2022-07-12,37,2022-07-12 00:04:49.255,0.07277,0.1322,136.40485,0.98268,-1.26203,-1.28008,2.43194,1.90262,1.61588,0.19455
normal,2022-07-12,38,2022-07-12 00:04:56.841,0.05895,0.04328,76.50085,-0.15771,-0.47287,-1.46722,2.04493,1.97826,1.44658,-0.07746
normal,2022-07-12,42,2022-07-12 00:05:23.996,0.04906,0.04448,88.52426,-0.55068,-1.09322,-1.46169,1.98782,1.56437,1.44193,0.51639
normal,2022-07-12,43,2022-07-12 00:05:30.507,0.06109,0.04491,77.57856,-0.75045,0.15849,-1.48916,2.22323,2.59205,1.43423,0.50124
normal,2022-07-12,44,2022-07-12 00:05:37.599,0.0713,0.17414,180.04932,-0.81077,-1.35932,-1.5195,2.20498,1.6179,1.38083,0.29853
normal,2022-07-12,45,2022-07-12 00:05:45.004,0.06943,0.09892,117.912,-1.08946,-0.5959,-1.28246,1.89246,1.95919,1.58353,0.16492
normal,2022-07-12,48,2022-07-12 00:06:04.060,0.06717,0.13134,155.92179,0.66163,-1.29476,-1.50413,2.43121,1.69688,1.4229,0.31668
normal,2022-07-12,49,2022-07-12 00:06:10.677,0.04579,0.05816,75.97604,0.93773,-0.34497,-1.46317,2.87615,2.0846,1.43468,-0.31988
normal,2022-07-12,50,2022-07-12 00:06:17.934,0.0677,0.11764,134.00361,1.07444,-1.30505,-1.51505,2.70048,1.50291,1.37724,0.23128
normal,2022-07-12,51,2022-07-12 00:06:25.647,0.05928,0.16055,161.24353,-0.55877,-1.37076,-1.38611,1.90185,1.71846,1.51453,0.31494
normal,2022-07-12,52,2022-07-12 00:06:30.884,0.05392,0.03997,84.57281,-0.23378,-0.6597,-1.60309,1.99176,2.21168,1.32514,0.12844
normal,2022-07-12,53,2022-07-12 00:06:37.731,0.1106,0.16123,116.59009,-0.81064,-0.81678,-1.28856,2.07932,1.80276,1.52924,-0.26705
normal,2022-07-12,54,2022-07-12 00:06:44.540,0.08705,0.16713,168.807,-0.96835,-1.47812,-1.43574,1.61739,1.71717,1.4781,0.44599
normal,2022-07-12,55,2022-07-12 00:06:51.146,0.03315,0.0425,79.02654,-0.39775,0.84187,-1.50948,2.22468,2.21741,1.40407,0.00102
normal,2022-07-12,56,2022-07-12 00:06:59.298,0.06431,0.12666,132.21008,-0.68474,-0.67937,-1.37025,1.82783,2.02628,1.52323,0.24588
normal,2022-07-12,57,2022-07-12 00:07:06.344,0.05864,0.04068,87.89395,0.1393,-0.97025,-1.59284,2.26364,1.81033,1.29001,-0.01921
normal,2022-07-12,58,2022-07-12 00:07:14.147,0.06295,0.073,100.14291,-1.08976,-0.98927,-1.51082,1.93217,1.8701,1.39186,0.66648
normal,2022-07-12,59,2022-07-12 00:07:20.848,0.0752,0.05277,85.1437,-0.63414,1.13212,-1.55267,2.00501,2.72561,1.33525,0.38085
normal,2022-07-12,60,2022-07-12 00:07:27.471,0.06205,0.1623,165.77033,-0.46457,-1.36671,-1.39801,2.0656,1.68813,1.47614,0.5126
normal,2022-07-12,61,2022-07-12 00:07:34.347,0.08652,0.10211,103.31295,-0.88683,-1.1632,-1.31777,2.02186,1.69777,1.55353,-0.07605
normal,2022-07-12,62,2022-07-12 00:07:41.060,0.05829,0.0369,85.94771,-1.09006,-0.88188,-1.62795,1.80793,1.83894,1.28917,0.51172
normal,2022-07-12,63,2022-07-12 00:07:47.824,0.08159,0.19815,190.51234,2.01837,-1.26543,-1.5226,2.5228,1.64858,1.37725,0.58454
normal,2022-07-12,64,2022-07-12 00:07:54.379,0.07435,0.12711,143.81028,-0.35544,-0.94564,-1.41903,2.19492,1.79028,1.50141,0.30469
normal,2022-07-12,65,2022-07-12 00:08:01.267,0.07239,0.05817,83.75666,-0.40295,-0.15455,-1.57922,1.98401,1.95839,1.32679,0.19069
normal,2022-07-12,66,2022-07-12 00:08:07.837,0.05863,0.14271,153.31749,-1.17752,-1.0683,-1.50323,2.14153,1.7649,1.40435,0.35954
normal,2022-07-12,67,2022-07-12 00:08:14.592,0.07711,0.13135,146.66396,0.03104,-0.77388,-1.27681,2.17169,1.83644,1.60597,0.35294
normal,2022-07-12,68,2022-07-12 00:08:27.924,0.08098,0.11903,133.4829,-0.01824,-1.09068,-1.4858,2.442,1.95443,1.40532,-0.13427
normal,2022-07-12,69,2022-07-12 00:08:34.706,0.08334,0.1585,158.82115,-0.21959,-1.44943,-1.32255,2.08102,1.55643,1.56278,0.4115
normal,2022-07-12,70,2022-07-12 00:08:41.456,0.03981,0.04465,76.53373,-0.88061,-0.59742,-1.45251,2.2181,2.3447,1.4441,-0.08194
normal,2022-07-12,71,2022-07-12 00:08:48.162,0.05274,0.09702,122.28763,-1.10517,-0.67446,-1.47547,1.99372,1.90636,1.41945,0.46185
normal,2022-07-12,72,2022-07-12 00:08:54.980,0.06941,0.15232,161.1264,0.63889,-1.56969,-1.35815,2.52782,1.59514,1.55985,0.29234
normal,2022-07-12,73,2022-07-12 00:09:01.584,0.03591,0.05209,78.31853,-0.76546,0.14819,-1.47228,1.71314,2.3106,1.41491,0.39331
normal,2022-07-12,74,2022-07-12 00:09:08.333,0.05938,0.08999,98.57086,-0.93555,-1.3044,-1.34061,2.20557,1.5814,1.51982,0.27076
normal,2022-07-12,75,2022-07-12 00:09:14.936,0.0896,0.16549,187.57818,-0.58747,-1.11921,-1.51456,2.01691,1.69625,1.38484,0.43662
normal,2022-07-12,76,2022-07-12 00:09:21.584,0.10288,0.10235,109.31051,-0.9817,-1.31351,-1.45229,1.69101,1.77697,1.43233,0.11903
normal,2022-07-12,77,2022-07-12 00:09:29.652,0.08604,0.16462,180.95031,-0.43345,-1.34594,-1.47592,2.02301,1.70143,1.42147,0.50992
normal,2022-07-12,79,2022-07-12 00:09:43.191,0.04335,0.08721,97.05385,0.03476,-1.15997,-1.25174,2.2533,1.73791,1.60333,-0.04853
normal,2022-07-12,80,2022-07-12 00:09:49.866,0.09673,0.1644,171.18761,0.70868,-1.27274,-1.45562,2.32211,1.76275,1.44376,0.55365
normal,2022-07-12,81,2022-07-12 00:09:56.927,0.05826,0.05094,89.03662,-0.7912,-0.49205,-1.55201,1.98823,2.049,1.33389,0.24222
normal,2022-07-12,82,2022-07-12 00:10:04.367,0.06508,0.10519,119.52646,-0.5562,-1.3504,-1.4865,2.07809,1.84665,1.40297,0.38047
normal,2022-07-12,85,2022-07-12 00:10:30.156,0.07762,0.19107,163.97079,-0.41333,-1.51684,-1.32794,2.02561,1.47432,1.51693,0.45697
normal,2022-07-12,86,2022-07-12 00:10:37.172,0.0795,0.09681,106.24509,-0.86257,-1.39644,-1.39491,1.81938,1.68796,1.48778,0.0662
normal,2022-07-12,87,2022-07-12 00:10:44.451,0.06871,0.04828,78.86856,-0.30247,-0.08109,-1.49157,1.99909,2.1791,1.41725,0.63598
normal,2022-07-12,88,2022-07-12 00:10:51.996,0.10281,0.19383,180.63142,-0.35413,-1.17328,-1.37337,1.7349,1.72558,1.50428,0.40539
normal,2022-07-12,90,2022-07-12 00:11:10.794,0.05723,0.18452,175.7004,-1.36354,-1.33142,-1.46415,1.97616,1.70183,1.42298,0.27696
normal,2022-07-12,91,2022-07-12 00:11:17.440,0.07849,0.12792,139.40426,0.05808,-0.69223,-1.51189,2.36108,1.93962,1.40272,0.27441
normal,2022-07-12,92,2022-07-12 00:11:24.856,0.05199,0.05395,82.13153,-1.32526,0.70884,-1.57546,1.79195,1.89315,1.34249,-0.22381
normal,2022-07-12,93,2022-07-12 00:11:32.366,0.07696,0.1779,174.8868,0.29773,-1.49517,-1.43665,2.33136,1.50523,1.44169,0.42207
normal,2022-07-12,95,2022-07-12 00:11:51.026,0.08914,0.14409,141.50817,0.19449,-0.41617,-1.31448,2.23249,2.26877,1.53945,0.2908
normal,2022-07-12,96,2022-07-12 00:11:57.744,0.08108,0.1427,139.34337,-0.04839,-1.12659,-1.34457,1.95766,1.72651,1.55396,0.30585
normal,2022-07-12,97,2022-07-12 00:12:05.043,0.03377,0.04075,84.31392,-1.4628,-0.33442,-1.60466,1.81723,2.06305,1.3016,-0.05104
normal,2022-07-12,98,2022-07-12 00:12:12.364,0.06958,0.14949,140.72948,0.94104,-1.3624,-1.34033,2.27643,1.54083,1.5188,0.34221
normal,2022-07-12,99,2022-07-12 00:12:20.377,0.07179,0.05284,78.15273,1.64933,-0.50348,-1.51276,2.73747,2.13695,1.39197,0.20859
normal,2022-07-12,101,2022-07-12 00:12:39.692,0.07752,0.06189,96.72367,0.92958,-0.70546,-1.55877,2.34188,1.92287,1.35856,-0.11757
normal,2022-07-12,102,2022-07-12 00:12:46.247,0.07437,0.18131,179.36038,-0.94753,-1.4745,-1.49314,1.7465,1.55306,1.40648,0.5595
normal,2022-07-12,103,2022-07-12 00:12:53.264,0.08595,0.09258,95.34698,-1.49671,-1.28854,-1.27194,1.60738,1.72723,1.5723,0.24249
normal,2022-07-12,104,2022-07-12 00:13:00.789,0.08008,0.07602,87.40442,-0.78576,-0.92597,-1.38008,1.84902,2.10077,1.52724,-0.03436
normal,2022-07-12,105,2022-07-12 00:13:08.671,0.0366,0.05644,85.42962,0.21433,-0.02707,-1.60608,2.56765,2.0898,1.30403,0.143
normal,2022-07-12,106,2022-07-12 00:13:15.973,0.05787,0.07486,102.53418,-0.73657,-1.38009,-1.37082,1.93462,1.7502,1.48196,0.08428
normal,2022-07-12,108,2022-07-12 00:13:34.836,0.05167,0.08032,109.70713,-0.44725,-0.88391,-1.50102,2.01574,2.11589,1.40514,0.36393
normal,2022-07-12,109,2022-07-12 00:13:41.386,0.0732,0.1974,182.66135,-0.99315,-1.17712,-1.47713,2.1759,1.66403,1.40922,0.38138
normal,2022-07-12,110,2022-07-12 00:13:48.757,0.08155,0.0874,106.18295,-1.13897,-0.46148,-1.45949,1.7423,1.87796,1.43931,0.20077
normal,2022-07-12,111,2022-07-12 00:13:56.076,0.06668,0.04218,85.30354,0.15492,-0.77563,-1.63225,1.91153,2.07704,1.29317,0.39752
normal,2022-07-12,113,2022-07-12 00:14:15.084,0.05212,0.03674,86.19912,-0.25222,-0.44459,-1.60473,1.6491,2.04417,1.28766,0.09187
normal,2022-07-12,114,2022-07-12 00:14:21.810,0.0787,0.1806,158.01203,-0.52467,-1.28738,-1.27851,1.81237,1.65091,1.56965,0.48178
normal,2022-07-12,115,2022-07-12 00:14:28.908,0.06493,0.12723,132.42938,0.11578,-1.20511,-1.2746,2.41787,1.73609,1.61891,0.27485
normal,2022-07-12,116,2022-07-12 00:14:36.236,0.03936,0.04808,81.54923,0.4133,-0.76175,-1.54484,2.42393,2.04173,1.34353,-0.09819
normal,2022-07-12,117,2022-07-12 00:14:44.137,0.07668,0.11638,140.0805,0.40052,-0.70217,-1.5007,2.48707,1.76418,1.41883,0.33884
normal,2022-07-12,120,2022-07-12 00:15:03.077,0.06516,0.15518,158.39094,-0.73459,-1.40638,-1.40383,1.83893,1.64727,1.49358,0.42918
normal,2022-07-12,121,2022-07-12 00:15:09.884,0.03975,0.05028,77.64048,-0.00767,0.77099,-1.49203,2.23428,2.32647,1.39846,0.0695
normal,2022-07-12,122,2022-07-12 00:15:16.840,0.04792,0.09625,112.72643,0.27229,-1.24664,-1.40693,2.58821,1.7524,1.47954,0.34541
normal,2022-07-12,123,2022-07-12 00:15:24.069,0.11452,0.18315,181.41605,-0.14368,-1.15815,-1.4943,2.35598,1.76395,1.38214,0.64362
normal,2022-07-12,126,2022-07-12 00:15:43.448,0.08633,0.17226,185.46895,0.24825,-1.39567,-1.48943,2.11538,1.69209,1.42159,0.47952
normal,2022-07-12,127,2022-07-12 00:15:50.226,0.04783,0.05256,78.71975,1.83213,-0.8589,-1.47048,2.46591,1.9339,1.38729,0.10205
normal,2022-07-12,128,2022-07-12 00:15:57.185,0.07852,0.1163,112.98855,-0.80709,-1.47735,-1.46639,2.24982,1.63327,1.45357,0.37124
normal,2022-07-12,129,2022-07-12 00:16:04.604,0.07493,0.15341,154.05431,-0.4993,-1.34949,-1.31513,1.90574,1.66419,1.6005,0.39075
normal,2022-07-12,130,2022-07-12 00:16:11.955,0.06949,0.06993,82.91868,-1.16023,-0.19017,-1.49896,1.96393,1.96441,1.38601,0.52096
normal,2022-07-12,132,2022-07-12 00:16:30.864,0.03601,0.03813,79.36291,-0.63079,-0.81216,-1.47153,2.10752,1.85943,1.39693,-0.08658
normal,2022-07-12,133,2022-07-12 00:16:37.667,0.04124,0.09721,110.53549,0.68909,-0.85887,-1.25206,2.35581,1.6078,1.59733,0.08401
normal,2022-07-12,134,2022-07-12 00:16:45.025,0.09178,0.17911,178.36734,-0.94855,-1.14954,-1.39974,1.82994,1.65744,1.47046,0.43275
normal,2022-07-12,135,2022-07-12 00:16:52.451,0.04538,0.04011,84.83551,-0.67341,-0.72145,-1.59356,2.0649,1.87107,1.30561,-0.05118
normal,2022-07-12,137,2022-07-12 00:17:11.040,0.07076,0.11157,119.71123,-0.22241,-1.44273,-1.3939,2.36241,1.66942,1.49849,0.38828
normal,2022-07-12,138,2022-07-12 00:17:17.847,0.0599,0.04212,77.08562,-0.72219,-0.72933,-1.46038,1.70186,1.69946,1.42019,0.11105
normal,2022-07-12,139,2022-07-12 00:17:25.927,0.07695,0.06156,91.92619,-1.23782,1.22588,-1.59624,1.71356,2.63351,1.30014,0.32962
normal,2022-07-12,140,2022-07-12 00:17:33.180,0.06575,0.04822,81.68508,-1.01471,0.35551,-1.39971,1.66846,2.20758,1.46871,0.49285
normal,2022-07-12,141,2022-07-12 00:17:40.604,0.09877,0.19363,176.03161,-0.18358,-1.26003,-1.29384,1.86875,1.6258,1.55219,0.42861
normal,2022-07-12,145,2022-07-12 00:18:07.804,0.0662,0.13911,138.55128,0.68189,-1.25406,-1.32955,2.20395,1.74938,1.52873,0.614
normal,2022-07-12,146,2022-07-12 00:18:14.563,0.08378,0.14903,146.98609,-0.67685,-0.81821,-1.39439,2.06804,1.90064,1.51439,0.5055
normal,2022-07-12,147,2022-07-12 00:18:21.724,0.04884,0.04766,85.32577,0.43574,-0.43789,-1.61594,1.77403,2.02639,1.30022,-0.13771
normal,2022-07-12,148,2022-07-12 00:18:29.172,0.09755,0.13191,121.49264,-0.72566,-1.31053,-1.25909,2.12349,1.79782,1.57513,0.31603
normal,2022-07-12,149,2022-07-12 00:18:37.000,0.03784,0.06286,85.9951,-0.0486,-0.29742,-1.62236,2.03697,2.37595,1.29473,0.02141
normal,2022-07-12,153,2022-07-12 00:19:10.928,0.06038,0.0486,75.61488,-0.91041,-0.25576,-1.45015,2.08809,1.81069,1.45443,-0.06622
normal,2022-07-12,154,2022-07-12 00:19:18.874,0.08479,0.06687,94.20459,-0.69279,-1.16886,-1.35619,1.99868,1.80471,1.51232,0.24093
normal,2022-07-12,155,2022-07-12 00:19:25.771,0.05072,0.04842,89.4014,-0.76416,0.17955,-1.56622,2.0178,2.23047,1.33189,0.08878
normal,2022-07-12,156,2022-07-12 00:19:33.176,0.09495,0.18858,166.675,0.41671,-1.27418,-1.30427,2.66166,1.669,1.53238,0.58659
normal,2022-07-12,159,2022-07-12 00:19:59.344,0.09557,0.11252,118.3667,-1.18328,-0.84986,-1.50632,1.97861,1.90641,1.41812,0.32145
normal,2022-07-12,160,2022-07-12 00:20:06.136,0.05971,0.04818,78.81131,-1.31234,-0.45237,-1.44713,1.65107,2.09582,1.43105,0.50282
normal,2022-07-12,161,2022-07-12 00:20:13.469,0.06881,0.19627,167.39323,0.10439,-1.33605,-1.38792,2.04191,1.63813,1.486,0.46456
normal,2022-07-12,162,2022-07-12 00:20:20.837,0.0891,0.11972,104.02216,-0.48588,-1.38253,-1.26441,2.02291,1.92564,1.59098,0.51723
normal,2022-07-12,165,2022-07-12 00:20:46.631,0.07934,0.06994,78.55608,0.11536,-0.20862,-1.49761,2.12909,1.91831,1.40212,0.10114
normal,2022-07-12,166,2022-07-12 00:20:53.536,0.07288,0.16868,161.46822,-0.04383,-1.36753,-1.51596,2.36323,1.71807,1.3817,0.51147
normal,2022-07-12,167,2022-07-12 00:21:01.016,0.07889,0.11546,124.5405,-0.62256,-0.84499,-1.2686,1.9157,1.94136,1.60117,0.19525
normal,2022-07-12,170,2022-07-12 00:21:27.304,0.06896,0.04637,86.51722,-0.3079,-0.93143,-1.63702,2.07084,1.8577,1.28454,0.54657
normal,2022-07-12,171,2022-07-12 00:21:34.458,0.10126,0.18319,164.92386,-0.05871,-0.94079,-1.43508,2.27486,2.00216,1.43838,0.51914
normal,2022-07-12,172,2022-07-12 00:21:41.800,0.07924,0.10953,134.31646,-0.06438,0.04428,-1.39608,2.03156,2.06911,1.50072,0.18281
normal,2022-07-12,173,2022-07-12 00:21:49.728,0.05557,0.19454,160.964,2.34364,-1.56154,-1.35226,2.72624,1.59172,1.51203,0.63354
normal,2022-07-12,176,2022-07-12 00:22:08.578,0.05543,0.1474,129.36527,-0.68333,-1.02753,-1.34276,1.86638,1.61658,1.5316,0.30747
normal,2022-07-12,177,2022-07-12 00:22:15.349,0.08275,0.13173,150.99019,-0.95295,-0.8166,-1.37456,1.59018,1.88889,1.53864,0.43086
normal,2022-07-12,178,2022-07-12 00:22:22.469,0.06616,0.0651,85.85278,0.629,-0.78912,-1.61193,2.58893,2.0941,1.29965,-0.34143
normal,2022-07-12,179,2022-07-12 00:22:29.676,0.156,0.19093,133.71455,-0.03163,-1.4435,-1.49934,2.25444,1.78038,1.38821,0.18473
normal,2022-07-12,180,2022-07-12 00:22:37.072,0.09168,0.15623,152.91207,-0.36863,-1.25166,-1.28239,2.04765,1.8132,1.58124,0.54988
normal,2022-07-12,182,2022-07-12 00:22:55.436,0.07907,0.20179,185.41653,-0.55631,-1.23503,-1.50892,1.88406,1.66634,1.37348,0.6958
normal,2022-07-12,183,2022-07-12 00:23:02.403,0.05928,0.06846,102.38766,0.07614,-0.45289,-1.54803,2.24298,2.14976,1.35416,0.51121
normal,2022-07-12,184,2022-07-12 00:23:09.820,0.05025,0.0446,88.82339,-0.8875,-0.55324,-1.62721,2.16895,1.84631,1.27325,0.35661
normal,2022-07-12,185,2022-07-12 00:23:17.804,0.04332,0.0575,87.51576,-1.07008,-0.5366,-1.6345,1.85466,2.07897,1.28242,0.13902
normal,2022-07-12,186,2022-07-12 00:23:25.244,0.06499,0.10953,109.70054,-1.16068,-0.95215,-1.29906,1.6023,1.78291,1.54115,0.50244
normal,2022-07-12,188,2022-07-12 00:23:43.770,0.04564,0.04387,88.53239,-0.45944,-0.51835,-1.61771,2.10883,2.18766,1.27738,0.43544
normal,2022-07-12,189,2022-07-12 00:23:50.475,0.06836,0.19042,161.78767,1.06173,-1.36943,-1.33721,2.70713,1.45261,1.50935,0.39911
normal,2022-07-12,190,2022-07-12 00:23:57.787,0.08592,0.1468,125.18524,-0.18124,-1.38506,-1.27192,2.12312,1.81595,1.63831,0.48737
normal,2022-07-12,191,2022-07-12 00:24:05.240,0.03982,0.05399,86.97597,-0.80044,0.58303,-1.60775,2.1972,2.29905,1.28917,0.06913
normal,2022-07-12,193,2022-07-12 00:24:24.154,0.05564,0.059,78.17515,-0.27147,-0.14267,-1.47952,2.05363,1.97808,1.42445,-0.05019
normal,2022-07-12,194,2022-07-12 00:24:31.096,0.09655,0.19082,162.68981,0.87143,-1.49878,-1.29715,2.31784,1.57049,1.55629,0.62746
normal,2022-07-12,195,2022-07-12 00:24:38.106,0.07126,0.11876,133.08221,-1.36517,-1.00961,-1.27024,1.73042,1.80151,1.61832,0.2706
normal,2022-07-12,196,2022-07-12 00:24:45.475,0.06429,0.08402,80.26928,-0.81372,0.599,-1.52532,2.05105,2.58489,1.38447,-0.1649
normal,2022-07-12,199,2022-07-12 00:25:11.648,0.08245,0.19941,157.20478,0.41807,-1.17776,-1.37254,2.32377,1.73655,1.53382,0.57002
normal,2022-07-12,200,2022-07-12 00:25:18.484,0.08073,0.12366,121.13648,-0.25527,-1.19677,-1.35158,2.19286,1.81325,1.52058,0.40466
normal,2022-07-12,201,2022-07-12 00:25:25.693,0.03163,0.04511,80.28099,-1.2278,-1.21619,-1.52795,1.565,1.67121,1.37775,-0.03863
normal,2022-07-12,202,2022-07-12 00:25:33.144,0.08936,0.18368,161.41781,3.79233,-1.41092,-1.51132,3.12956,1.55133,1.40126,0.63757
normal,2022-07-12,204,2022-07-12 00:25:51.628,0.07832,0.06373,98.72285,0.58184,-1.26853,-1.53038,2.19695,1.84727,1.36937,0.15659
normal,2022-07-12,205,2022-07-12 00:25:58.587,0.09482,0.19062,165.9387,-0.6792,-1.23258,-1.33666,2.01882,1.64479,1.52423,0.52824
normal,2022-07-12,206,2022-07-12 00:26:05.860,0.07021,0.05627,100.33442,-0.95325,-0.78417,-1.55173,1.89562,1.76454,1.36546,0.20436
normal,2022-07-12,207,2022-07-12 00:26:13.308,0.07232,0.06103,97.88414,-0.79613,-0.65929,-1.54405,1.8683,2.15402,1.36737,0.14336
normal,2022-07-12,210,2022-07-12 00:26:33.413,0.07764,0.1537,153.59535,-0.97633,-1.31422,-1.29953,1.82658,1.96727,1.60548,0.56926
normal,2022-07-12,211,2022-07-12 00:26:40.148,0.04714,0.06371,79.08044,0.30311,-0.50726,-1.48517,2.36642,2.16339,1.41311,-0.00864
normal,2022-07-12,212,2022-07-12 00:26:46.964,0.05531,0.12964,117.96904,-0.8469,-1.10531,-1.25148,2.15878,1.65525,1.5946,0.04632
normal,2022-07-12,213,2022-07-12 00:26:54.234,0.08651,0.17957,182.9421,0.88344,-1.52886,-1.47276,2.3743,1.53001,1.42391,0.54961
normal,2022-07-12,214,2022-07-12 00:27:01.523,0.05647,0.05996,87.92235,-0.53704,-1.37785,-1.41631,1.82497,1.68015,1.4337,0.16257
normal,2022-07-12,217,2022-07-12 00:27:28.511,0.09246,0.17749,187.42414,0.80784,-1.2196,-1.52302,2.14441,1.49466,1.38739,0.51581
normal,2022-07-12,218,2022-07-12 00:27:34.964,0.09705,0.07984,92.55291,-1.57512,0.20671,-1.35837,1.55296,2.24117,1.51249,0.34881
normal,2022-07-12,219,2022-07-12 00:27:42.343,0.04392,0.04362,89.34052,0.59116,-0.64482,-1.57974,2.70387,1.8669,1.30463,0.43824
normal,2022-07-12,220,2022-07-12 00:27:49.707,0.08053,0.18744,167.22843,-0.18344,-0.93258,-1.42723,2.36213,1.86699,1.43703,0.60855
normal,2022-07-12,222,2022-07-12 00:28:08.813,0.09501,0.17844,186.19722,-0.18297,-1.18243,-1.51353,2.09476,1.79075,1.37723,0.69319
normal,2022-07-12,223,2022-07-12 00:28:15.508,0.0677,0.10023,104.58932,-0.60502,-0.94468,-1.27878,2.32032,1.79675,1.58499,0.13901
normal,2022-07-12,224,2022-07-12 00:28:22.540,0.04317,0.07561,76.78798,1.30366,0.22887,-1.47996,1.9659,2.0828,1.45353,-0.16747
normal,2022-07-12,225,2022-07-12 00:28:29.932,0.08323,0.18276,178.81302,0.7044,-1.47851,-1.51057,2.49274,1.57667,1.37673,0.60636
normal,2022-07-12,228,2022-07-12 00:28:55.524,0.06686,0.17725,161.37697,1.35234,-1.41099,-1.30613,2.33005,1.57246,1.56816,0.40731
normal,2022-07-12,229,2022-07-12 00:29:03.724,0.07109,0.19775,159.74729,0.86002,-1.54864,-1.31714,2.15439,1.55392,1.52389,0.68977
normal,2022-07-12,230,2022-07-12 00:29:10.692,0.07682,0.13399,129.22394,0.58886,-0.96594,-1.33468,2.21923,1.97994,1.57799,0.54092
normal,2022-07-12,231,2022-07-12 00:29:18.174,0.06025,0.04812,78.61893,-0.75783,-0.02977,-1.49762,2.18297,2.37461,1.40795,0.07306
normal,2022-07-12,234,2022-07-12 00:29:37.245,0.04104,0.05997,78.5773,2.0374,-0.98258,-1.50581,2.81595,1.7129,1.38931,-0.15771
normal,2022-07-12,235,2022-07-12 00:29:43.784,0.06077,0.09584,96.16352,-0.61128,-1.48042,-1.27256,1.96742,1.5661,1.57556,0.08722
normal,2022-07-12,236,2022-07-12 00:29:51.008,0.09961,0.17904,182.70481,-0.64618,-0.98004,-1.51767,2.02284,1.74204,1.39769,0.54924
normal,2022-07-12,237,2022-07-12 00:29:58.344,0.07647,0.06328,98.83097,-1.19857,-0.63007,-1.56168,1.79122,1.90484,1.36388,0.49178
normal,2022-07-12,240,2022-07-12 00:30:17.375,0.08057,0.08765,93.10555,-0.84147,-1.05022,-1.30326,1.85798,1.84746,1.54655,0.15974
normal,2022-07-12,241,2022-07-12 00:30:24.188,0.07233,0.0504,90.8115,-1.40128,-0.67074,-1.57451,1.76302,2.00457,1.32238,0.58825
normal,2022-07-12,242,2022-07-12 00:30:31.099,0.08718,0.20431,159.47553,-0.52106,-1.508,-1.30342,2.0007,1.61846,1.56811,0.6271
normal,2022-07-12,243,2022-07-12 00:30:38.443,0.08443,0.13117,120.76227,-0.00121,-1.10231,-1.27791,2.26428,2.02149,1.58484,0.50322
normal,2022-07-12,246,2022-07-12 00:31:04.445,0.03807,0.05182,77.22628,0.5014,0.26854,-1.4753,2.41344,2.33841,1.42535,0.02046
normal,2022-07-12,247,2022-07-12 00:31:12.498,0.09283,0.10653,104.79722,-1.12049,-0.64864,-1.30955,1.70896,1.87369,1.56694,0.14534
normal,2022-07-12,248,2022-07-12 00:31:19.432,0.07789,0.06198,95.02291,-0.52769,-0.05394,-1.47561,1.92858,2.54031,1.39916,0.38625
normal,2022-07-12,249,2022-07-12 00:31:26.607,0.08608,0.19265,166.09805,0.30373,-1.55491,-1.41306,2.53839,1.6319,1.46298,0.63762
normal,2022-07-12,250,2022-07-12 00:31:34.001,0.07875,0.1164,111.3143,-1.08438,-0.49777,-1.28138,2.00468,1.8484,1.62587,0.39204
normal,2022-07-12,252,2022-07-12 00:31:52.700,0.0896,0.16284,145.08271,-0.58792,-1.27673,-1.36422,1.93253,1.74272,1.53901,0.52931
normal,2022-07-12,253,2022-07-12 00:31:59.520,0.03774,0.05354,75.19203,-1.00913,0.89322,-1.45257,2.01478,2.43627,1.45209,-0.06691
normal,2022-07-12,254,2022-07-12 00:32:06.848,0.07096,0.15397,135.6944,-0.47964,-1.15228,-1.29779,1.89923,1.81706,1.54783,0.52746
normal,2022-07-12,255,2022-07-12 00:32:14.276,0.0809,0.14407,123.71172,1.8105,-1.06743,-1.26558,2.82756,1.93891,1.59193,0.51993
normal,2022-07-12,258,2022-07-12 00:32:40.108,0.05149,0.05078,83.94179,-0.14008,0.13022,-1.59575,2.17854,2.28787,1.32024,-0.0618
normal,2022-07-12,259,2022-07-12 00:32:46.971,0.05343,0.13617,147.3953,0.63858,-1.27767,-1.51171,1.91888,1.97827,1.37929,0.26104
normal,2022-07-12,260,2022-07-12 00:32:54.244,0.09982,0.19063,165.54371,-1.07268,-1.40373,-1.28677,1.73403,1.70342,1.57228,0.56697
normal,2022-07-12,262,2022-07-12 00:33:09.576,0.08308,0.13869,138.88009,0.11567,-1.43581,-1.33859,2.31274,1.80477,1.55462,0.34126
normal,2022-07-12,265,2022-07-12 00:33:36.340,0.08394,0.18739,147.18923,-0.88422,-1.10312,-1.28363,1.78757,1.6222,1.59213,0.52364
normal,2022-07-12,266,2022-07-12 00:33:43.034,0.08038,0.13753,128.16635,-0.85645,-1.43226,-1.25993,2.07119,1.78147,1.61104,0.50336
normal,2022-07-12,267,2022-07-12 00:33:50.328,0.04394,0.06745,82.9447,-0.75038,-0.52735,-1.60114,2.28759,1.93444,1.32879,-0.14492
normal,2022-07-12,268,2022-07-12 00:33:57.698,0.07092,0.16223,148.17656,1.79255,-1.31734,-1.39229,2.79701,1.66621,1.4807,0.52208
normal,2022-07-12,271,2022-07-12 00:34:16.859,0.09604,0.21158,173.88374,-0.20289,-1.44842,-1.52054,2.48929,1.65619,1.40129,0.56743
normal,2022-07-12,272,2022-07-12 00:34:23.487,0.07985,0.17107,143.05836,1.38871,-1.37905,-1.36061,2.50907,1.64025,1.53944,0.44119
normal,2022-07-12,273,2022-07-12 00:34:30.344,0.03655,0.06067,77.00974,-0.41278,-1.02889,-1.45244,2.16157,1.98136,1.44077,0.19494
normal,2022-07-12,274,2022-07-12 00:34:38.368,0.07833,0.11515,130.82151,0.65386,-1.18286,-1.45519,2.60344,1.62036,1.44849,0.3431
normal,2022-07-12,275,2022-07-12 00:34:47.428,0.04667,0.0631,83.64128,-0.49363,0.32521,-1.58572,1.91785,2.2276,1.34206,-0.21849
normal,2022-07-12,276,2022-07-12 00:34:54.356,0.05746,0.08713,118.00083,0.2308,-1.32733,-1.45599,2.44261,1.67357,1.43635,0.66213
normal,2022-07-12,277,2022-07-12 00:35:01.771,0.1038,0.19841,163.09119,0.87602,-1.32706,-1.2926,2.45149,1.74317,1.56204,0.53199
normal,2022-07-12,278,2022-07-12 00:35:09.147,0.05276,0.05406,81.8877,-0.40162,0.33489,-1.57853,1.93658,2.3525,1.35153,0.13304
normal,2022-07-12,281,2022-07-12 00:35:35.714,0.08442,0.18584,174.62856,0.63348,-1.2032,-1.29911,2.70037,1.43861,1.55208,0.34811
normal,2022-07-12,282,2022-07-12 00:35:42.635,0.03143,0.05469,83.52555,-0.48309,-0.85152,-1.5308,1.96529,1.78848,1.34573,-0.17274
normal,2022-07-12,283,2022-07-12 00:35:49.915,0.08144,0.04622,88.07553,-1.46912,1.73659,-1.57772,1.7432,2.62424,1.30567,0.30768
normal,2022-07-12,284,2022-07-12 00:35:57.396,0.09666,0.21499,189.24743,-0.37961,-1.48542,-1.47483,1.79231,1.53994,1.41318,0.67767
normal,2022-07-12,286,2022-07-12 00:36:09.498,0.09584,0.07271,89.25448,0.53401,-1.08644,-1.47756,2.17633,2.15355,1.4296,0.36303
normal,2022-07-12,287,2022-07-12 00:36:16.144,0.07261,0.20303,165.40078,0.48361,-1.29798,-1.28005,2.62958,1.79012,1.55561,0.64532
normal,2022-07-12,288,2022-07-12 00:36:23.060,0.06028,0.05351,96.74951,-1.5356,-0.64581,-1.57528,1.47371,2.04575,1.33941,0.69104
normal,2022-07-12,289,2022-07-12 00:36:30.268,0.06338,0.03405,79.42848,-0.95471,-0.79376,-1.50316,1.85967,1.59255,1.38715,0.33211
normal,2022-07-12,290,2022-07-12 00:36:37.628,0.08665,0.18665,180.0861,-1.11754,-1.33762,-1.5039,1.7118,1.65895,1.38364,0.5903
normal,2022-07-12,293,2022-07-12 00:36:56.656,0.09497,0.19753,160.40673,-0.37081,-1.16497,-1.29243,2.13527,1.69061,1.5538,0.54152
normal,2022-07-12,294,2022-07-12 00:37:03.532,0.08153,0.09763,111.09795,-1.28705,-1.30315,-1.53024,1.67954,1.79028,1.39201,0.30867
normal,2022-07-12,295,2022-07-12 00:37:10.460,0.04826,0.05395,80.36973,-0.53835,2.06121,-1.54159,2.0304,2.13224,1.36405,-0.1885
normal,2022-07-12,296,2022-07-12 00:37:17.826,0.0701,0.18717,162.67481,2.41039,-1.35351,-1.45712,2.47563,1.65722,1.47208,0.56871
normal,2022-07-12,297,2022-07-12 00:37:25.356,0.08162,0.09075,100.66465,-1.0567,-1.34659,-1.3958,1.90838,1.88706,1.47907,0.05314
normal,2022-07-12,299,2022-07-12 00:37:43.818,0.09038,0.14623,151.1069,-0.75182,-1.19156,-1.46493,1.91173,1.97884,1.46795,0.47598
normal,2022-07-12,300,2022-07-12 00:37:50.646,0.0335,0.05182,85.99471,1.59098,-0.82713,-1.63234,2.83379,1.80693,1.27861,0.113
normal,2022-07-12,301,2022-07-12 00:37:58.036,0.08729,0.17555,134.5501,0.18339,-1.42882,-1.25595,2.45153,1.75113,1.57126,0.49386
normal,2022-07-12,302,2022-07-12 00:38:05.247,0.11347,0.18327,185.45032,0.21537,-1.02629,-1.51651,2.44055,1.84927,1.37187,0.49179
normal,2022-07-12,304,2022-07-12 00:38:23.996,0.11029,0.1952,187.83827,-0.05246,-1.49916,-1.47502,2.4134,1.73355,1.42,0.70486
normal,2022-07-12,305,2022-07-12 00:38:30.802,0.05097,0.05415,87.8031,-0.86542,-1.36204,-1.54312,2.23812,1.81521,1.34632,0.17462
normal,2022-07-12,306,2022-07-12 00:38:38.196,0.06866,0.06513,93.90569,-0.73666,-1.26084,-1.43076,2.05384,1.64289,1.47484,0.12177
normal,2022-07-12,307,2022-07-12 00:38:46.118,0.03615,0.05953,80.56908,1.82155,-0.35954,-1.56615,2.46865,2.29707,1.36088,0.42722
normal,2022-07-12,308,2022-07-12 00:38:53.556,0.07456,0.10675,118.48007,-0.61935,-1.00587,-1.47519,2.29124,1.8554,1.42405,0.23663
normal,2022-07-12,310,2022-07-12 00:39:12.408,0.07548,0.08436,95.38337,-0.94791,-1.31745,-1.42984,1.85068,1.79273,1.46562,0.31168
normal,2022-07-12,311,2022-07-12 00:39:19.187,0.0877,0.19545,180.23744,0.50743,-1.23178,-1.39737,2.25333,1.86239,1.47013,0.54564
normal,2022-07-12,312,2022-07-12 00:39:26.431,0.08238,0.09531,95.32331,-1.41792,-1.16026,-1.31555,1.70929,1.98179,1.52794,0.06744
normal,2022-07-12,313,2022-07-12 00:39:33.671,0.0426,0.04429,76.33935,-0.36423,-1.46786,-1.46549,1.76545,1.72443,1.44266,0.1793
normal,2022-07-12,316,2022-07-12 00:39:52.684,0.05723,0.05406,80.35767,-0.29479,0.72925,-1.55656,2.13211,2.41446,1.35682,-0.28653
normal,2022-07-12,317,2022-07-12 00:39:59.339,0.06642,0.17382,139.20793,0.78566,-1.63056,-1.2939,2.55922,1.55023,1.55746,0.70374
normal,2022-07-12,318,2022-07-12 00:40:06.360,0.07709,0.16008,170.17334,-0.46508,-0.86697,-1.48028,1.86898,1.71036,1.42327,0.36259
normal,2022-07-12,319,2022-07-12 00:40:13.700,0.04126,0.06135,76.61437,-1.48909,-0.06602,-1.45635,1.77589,2.30462,1.45504,-0.0417
normal,2022-07-12,323,2022-07-12 00:40:40.736,0.08476,0.19911,170.89751,-0.8734,-1.35488,-1.38789,1.8535,1.72665,1.51606,0.59463
normal,2022-07-12,324,2022-07-12 00:40:47.365,0.05924,0.07057,80.62061,-1.39222,1.03799,-1.46406,1.59199,2.35828,1.41137,0.35032
normal,2022-07-12,325,2022-07-12 00:40:54.376,0.06715,0.07945,98.71471,-0.77049,-1.03049,-1.47415,1.88708,1.85081,1.4126,0.01178
normal,2022-07-12,326,2022-07-12 00:41:01.666,0.09782,0.18784,170.30106,-0.3988,-1.44918,-1.35743,2.11382,1.72132,1.50686,0.59291
normal,2022-07-12,329,2022-07-12 00:41:20.699,0.05159,0.17209,149.55924,0.37078,-1.1579,-1.37793,2.53662,1.67465,1.50956,0.45312
normal,2022-07-12,330,2022-07-12 00:41:27.365,0.06621,0.14217,150.74393,0.70644,-1.46639,-1.46644,2.55739,1.67654,1.45721,0.45294
normal,2022-07-12,331,2022-07-12 00:41:34.340,0.04103,0.06318,85.35703,0.4694,0.52788,-1.61985,2.14618,2.44649,1.29583,0.28659
normal,2022-07-12,332,2022-07-12 00:41:41.792,0.10551,0.17804,127.16688,-0.90494,-1.12208,-1.25656,2.0299,1.85135,1.58979,0.54882
normal,2022-07-12,335,2022-07-12 00:42:07.634,0.07851,0.189,186.78952,-0.64039,-1.02351,-1.45327,2.11616,1.76748,1.41498,0.54347
normal,2022-07-12,336,2022-07-12 00:42:14.514,0.05596,0.05665,82.46848,-0.79269,1.72912,-1.359,1.81148,2.63931,1.48157,0.10709
normal,2022-07-12,337,2022-07-12 00:42:22.016,0.06063,0.10479,103.40491,-0.46743,-1.14565,-1.33656,1.96969,1.85954,1.54886,0.43945
normal,2022-07-12,338,2022-07-12 00:42:29.988,0.04807,0.05092,82.2351,0.37443,-0.03494,-1.5533,2.3822,2.17216,1.32501,-0.32133
normal,2022-07-12,339,2022-07-12 00:42:37.291,0.06335,0.12583,103.20374,-0.92966,-1.00943,-1.30595,1.92222,2.11303,1.57592,0.40131
normal,2022-07-12,341,2022-07-12 00:42:49.028,0.08687,0.09531,97.06788,-1.25016,-1.35837,-1.28847,1.8454,1.6414,1.56745,-0.09175
normal,2022-07-12,342,2022-07-12 00:42:55.875,0.07275,0.04276,82.86628,-0.57553,0.36505,-1.43681,1.93209,2.19155,1.4229,0.30772
normal,2022-07-12,343,2022-07-12 00:43:02.714,0.10213,0.20471,164.45804,1.64764,-1.13961,-1.30981,2.50708,1.71394,1.54947,0.51915
normal,2022-07-12,344,2022-07-12 00:43:10.136,0.08234,0.104,99.80238,-0.36106,-1.33983,-1.27328,2.05291,1.87236,1.58551,0.18995
normal,2022-07-12,345,2022-07-12 00:43:17.444,0.0464,0.04526,79.08006,0.00041,-0.85279,-1.46224,2.11876,2.11875,1.41241,-0.06935
normal,2022-07-12,348,2022-07-12 00:43:36.564,0.06146,0.07719,111.79065,-0.36736,-1.20207,-1.50946,2.20881,1.63773,1.40931,0.19195
normal,2022-07-12,349,2022-07-12 00:43:43.101,0.09294,0.20618,178.07441,-0.09001,-1.35546,-1.40136,1.87059,1.53217,1.45782,0.59725
normal,2022-07-12,350,2022-07-12 00:43:50.346,0.0593,0.05451,92.17167,-0.84462,-1.07837,-1.39271,1.82816,1.77955,1.48212,0.5539
normal,2022-07-12,351,2022-07-12 00:43:57.668,0.05621,0.04667,77.66082,-0.15159,-1.3243,-1.44329,2.45618,1.93802,1.42908,-0.03935
normal,2022-07-12,354,2022-07-12 00:44:16.984,0.09095,0.05355,82.12962,0.66592,-0.95579,-1.42142,2.28969,1.79322,1.43265,0.58531
normal,2022-07-12,355,2022-07-12 00:44:23.658,0.08869,0.21764,188.00799,0.28331,-1.39858,-1.51626,2.01959,1.70872,1.37795,0.5966
normal,2022-07-12,356,2022-07-12 00:44:30.632,0.08668,0.10627,115.43176,-0.74361,-1.24439,-1.52827,2.07382,1.8049,1.40579,0.10479
normal,2022-07-12,357,2022-07-12 00:44:37.912,0.03769,0.04389,85.47903,-1.33682,-0.89692,-1.63554,1.55928,1.63833,1.28922,-0.11627
normal,2022-07-12,358,2022-07-12 00:44:45.286,0.1058,0.19904,154.99912,-0.15578,-1.17544,-1.29897,2.00267,1.63962,1.56256,0.45694
normal,2022-07-12,360,2022-07-12 00:45:03.856,0.0784,0.182,152.03819,-0.80671,-1.12715,-1.50059,2.1213,1.69747,1.38726,0.47879
normal,2022-07-12,361,2022-07-12 00:45:11.940,0.06315,0.04097,86.71304,-0.43823,-0.76538,-1.62358,1.89061,1.98978,1.28309,0.16662
normal,2022-07-12,362,2022-07-12 00:45:18.744,0.1055,0.20064,171.98504,-0.58975,-1.41346,-1.36767,1.92092,1.64583,1.49227,0.74083
normal,2022-07-12,363,2022-07-12 00:45:26.036,0.07963,0.14395,135.25274,1.10491,-1.09969,-1.2771,2.2896,1.76089,1.61191,0.31374
normal,2022-07-12,364,2022-07-12 00:45:33.352,0.03102,0.05679,85.72603,1.75513,-0.86663,-1.63576,2.86997,1.90745,1.29236,-0.11532
normal,2022-07-12,366,2022-07-12 00:45:52.392,0.05699,0.06502,75.76709,-0.845,-0.22741,-1.45286,1.77094,2.34323,1.44767,0.10445
normal,2022-07-12,367,2022-07-12 00:45:59.061,0.10532,0.19715,155.24081,-0.94527,-1.51073,-1.49315,1.84705,1.675,1.39372,0.53509
normal,2022-07-12,368,2022-07-12 00:46:06.348,0.07772,0.15724,168.46027,-1.00677,-1.44118,-1.50835,1.89488,1.64508,1.40255,0.39944
normal,2022-07-12,369,2022-07-12 00:46:13.785,0.06093,0.0759,86.51324,-0.10262,1.35985,-1.62816,2.23647,2.94202,1.28066,-0.31218
normal,2022-07-12,372,2022-07-12 00:46:33.084,0.05094,0.05111,77.46511,0.12967,-0.41816,-1.48463,2.0522,1.90191,1.4272,0.21948
normal,2022-07-12,373,2022-07-12 00:46:39.756,0.0707,0.17385,149.20341,0.65594,-1.35646,-1.33781,2.34535,1.54921,1.55059,0.51318
normal,2022-07-12,374,2022-07-12 00:46:46.758,0.0869,0.15601,133.92846,2.99708,-1.35314,-1.30176,2.67902,1.74442,1.59515,0.50371
normal,2022-07-12,375,2022-07-12 00:46:54.243,0.04843,0.07975,84.8679,-0.20879,-0.93825,-1.62744,2.27601,1.80389,1.28225,0.19684
normal,2022-07-12,376,2022-07-12 00:47:01.644,0.06166,0.1978,166.49171,-0.01762,-1.39626,-1.3282,2.12391,1.53876,1.52963,0.69275
normal,2022-07-12,378,2022-07-12 00:47:13.396,0.04422,0.05305,84.61688,-0.53353,-0.48876,-1.61197,2.32388,1.83388,1.30333,0.06699
normal,2022-07-12,379,2022-07-12 00:47:19.991,0.06379,0.08646,98.58323,-0.66346,-1.25409,-1.24456,1.8908,1.65171,1.63089,0.35471
normal,2022-07-12,380,2022-07-12 00:47:26.888,0.08113,0.20548,172.17454,1.72408,-1.3248,-1.30653,2.42834,1.67311,1.55462,0.58409
normal,2022-07-12,381,2022-07-12 00:47:34.187,0.10425,0.11164,100.76632,-0.29419,-0.46695,-1.32552,2.04622,1.80291,1.55689,0.1607
normal,2022-07-12,384,2022-07-12 00:48:01.231,0.07577,0.19345,166.28995,0.35883,-1.31778,-1.30603,2.44838,1.69662,1.54547,0.75687
normal,2022-07-12,385,2022-07-12 00:48:08.059,0.0707,0.08133,96.35129,-1.1881,-0.71537,-1.43035,1.93863,2.09746,1.44448,0.32041
normal,2022-07-12,386,2022-07-12 00:48:15.176,0.06066,0.04678,86.21735,-0.23295,0.51284,-1.60131,2.418,2.26067,1.29848,0.13383
normal,2022-07-12,387,2022-07-12 00:48:22.550,0.10163,0.21108,165.55844,-0.27596,-1.0098,-1.32137,2.2662,1.73628,1.52757,0.67864
normal,2022-07-12,390,2022-07-12 00:48:41.645,0.07642,0.19833,156.41162,-0.86582,-1.24905,-1.27654,1.80471,1.6026,1.55654,0.43461
normal,2022-07-12,391,2022-07-12 00:48:48.296,0.05637,0.14034,131.47572,1.66354,-1.09259,-1.26619,2.59541,1.88606,1.61602,0.49524
normal,2022-07-12,392,2022-07-12 00:48:55.484,0.03099,0.05067,76.59971,0.5197,0.83603,-1.45706,2.60383,2.58998,1.43634,-0.05033
normal,2022-07-12,393,2022-07-12 00:49:02.914,0.06346,0.14535,140.14117,1.07289,-1.31931,-1.38622,2.52232,1.63494,1.49087,0.2717
normal,2022-07-12,396,2022-07-12 00:49:28.867,0.06343,0.13328,127.40997,-0.17558,-1.24176,-1.2822,1.95755,1.96017,1.61431,0.36602
normal,2022-07-12,397,2022-07-12 00:49:35.908,0.0722,0.06818,80.01682,-1.06621,1.41737,-1.50835,1.89901,2.89299,1.38527,0.05676
normal,2022-07-12,398,2022-07-12 00:49:43.299,0.08627,0.19988,149.98473,0.67542,-1.49144,-1.30385,2.3653,1.70742,1.58654,0.57127
normal,2022-07-12,399,2022-07-12 00:49:50.687,0.09515,0.12168,109.58999,-1.19818,-1.23265,-1.30103,1.75895,1.84246,1.57065,0.43656
normal,2022-07-12,401,2022-07-12 00:50:17.327,0.0874,0.20118,179.32277,-0.20153,-1.05288,-1.46838,2.16812,1.72311,1.41183,0.53056
normal,2022-07-12,402,2022-07-12 00:50:24.136,0.07476,0.14181,127.43319,-0.61018,-1.25674,-1.32124,2.06004,1.86207,1.55319,0.37935
normal,2022-07-12,403,2022-07-12 00:50:31.652,0.04781,0.0505,88.6696,-1.48665,-0.64652,-1.61825,1.92859,2.37458,1.27353,-0.0244
normal,2022-07-12,404,2022-07-12 00:50:38.906,0.0877,0.20257,160.40602,0.78547,-1.31034,-1.36148,2.46248,1.67386,1.50354,0.4523
normal,2022-07-12,406,2022-07-12 00:50:57.924,0.09176,0.21159,174.36687,0.33333,-1.19304,-1.43451,2.3003,1.72285,1.44491,0.5079
normal,2022-07-12,407,2022-07-12 00:51:04.548,0.07493,0.1224,131.21128,-0.74567,-0.6333,-1.40525,1.90234,1.96385,1.4985,0.25541
normal,2022-07-12,408,2022-07-12 00:51:11.763,0.0453,0.06596,81.11819,0.0508,-1.17042,-1.54689,2.40988,1.77762,1.35992,-0.11564
normal,2022-07-12,409,2022-07-12 00:51:19.148,0.077,0.17722,140.05933,-0.7144,-1.48637,-1.26321,1.9294,1.56287,1.58217,0.64292
normal,2022-07-12,411,2022-07-12 00:51:38.356,0.06646,0.18209,153.53559,-0.02935,-1.42301,-1.37276,1.90893,1.74214,1.52313,0.51212
normal,2022-07-12,412,2022-07-12 00:51:44.948,0.09016,0.16684,151.44813,0.35003,-1.12458,-1.32824,2.29191,1.9384,1.56624,0.56721
normal,2022-07-12,413,2022-07-12 00:51:52.236,0.03549,0.05691,76.20137,1.70105,-0.37353,-1.44684,2.10563,2.30453,1.44309,-0.11601
normal,2022-07-12,414,2022-07-12 00:51:59.601,0.12325,0.17684,130.85347,-0.88945,-1.09725,-1.27398,1.66096,1.50949,1.5591,0.43845
normal,2022-07-12,418,2022-07-12 00:52:34.472,0.06623,0.12345,141.06029,-1.15387,-0.60625,-1.47951,1.6236,1.81576,1.43709,0.37791
normal,2022-07-12,419,2022-07-12 00:52:41.109,0.04261,0.06616,85.3345,-1.12765,-0.83355,-1.61336,1.83275,1.83988,1.29845,-0.13063
normal,2022-07-12,420,2022-07-12 00:52:48.596,0.09213,0.19297,154.95982,-1.18367,-1.29622,-1.33137,1.90691,1.73102,1.55107,0.63057
normal,2022-07-12,421,2022-07-12 00:52:55.716,0.08216,0.17122,182.03695,-0.56348,-1.12492,-1.50285,1.82227,1.70326,1.41926,0.36884
normal,2022-07-12,423,2022-07-12 00:53:14.556,0.10045,0.19215,177.83546,2.37322,-1.06233,-1.43189,2.64064,1.768,1.46053,0.4787
normal,2022-07-12,424,2022-07-12 00:53:21.159,0.06581,0.09253,105.40437,-1.26537,-0.68559,-1.49853,1.90623,1.94919,1.41789,0.07227
normal,2022-07-12,425,2022-07-12 00:53:28.676,0.0612,0.06698,91.561,-0.41302,-1.16905,-1.41061,2.29554,1.93712,1.48402,-0.15902
normal,2022-07-12,426,2022-07-12 00:53:36.108,0.09907,0.19133,188.00434,1.66308,-1.27874,-1.52972,2.73418,1.63986,1.37731,0.54257
normal,2022-07-12,428,2022-07-12 00:53:54.754,0.08392,0.17976,166.77421,1.14745,-1.34251,-1.34377,2.77127,1.69375,1.51822,0.59065
normal,2022-07-12,429,2022-07-12 00:54:01.503,0.06257,0.11833,115.16224,-0.15009,-0.82432,-1.29087,2.12856,1.96163,1.59721,0.40787
normal,2022-07-12,430,2022-07-12 00:54:08.675,0.05468,0.05885,78.25212,-1.03177,0.05288,-1.4774,1.76663,2.06666,1.41656,-0.07721
normal,2022-07-12,431,2022-07-12 00:54:16.182,0.07509,0.21579,155.30677,0.48,-1.39135,-1.31166,2.52966,1.62347,1.54096,0.72478
normal,2022-07-12,432,2022-07-12 00:54:24.163,0.04897,0.04344,78.44633,-0.62517,-0.02905,-1.42778,2.0252,2.10962,1.45892,0.29839
normal,2022-07-12,434,2022-07-12 00:54:42.836,0.04068,0.05298,85.06039,-0.91697,-1.19338,-1.61107,1.72073,1.72544,1.30186,0.12379
normal,2022-07-12,435,2022-07-12 00:54:49.444,0.05745,0.1004,118.8518,0.1194,-0.66102,-1.50222,2.14878,1.98598,1.40494,0.26749
normal,2022-07-12,436,2022-07-12 00:54:56.793,0.09329,0.19367,162.55978,1.80173,-0.97295,-1.30371,2.33617,1.68194,1.55876,0.55639
normal,2022-07-12,437,2022-07-12 00:55:04.188,0.05544,0.06235,87.99098,-0.54193,1.91403,-1.60326,2.05767,2.77836,1.28094,0.17855
normal,2022-07-12,439,2022-07-12 00:55:22.668,0.08049,0.11785,121.80426,-1.21775,-1.06619,-1.26312,1.9566,1.73764,1.59689,0.37893
normal,2022-07-12,440,2022-07-12 00:55:29.658,0.0669,0.0506,82.04634,0.15242,-0.43339,-1.48355,2.48069,2.06117,1.39495,-0.02943
normal,2022-07-12,441,2022-07-12 00:55:37.168,0.08988,0.21396,166.25326,-0.24185,-1.33575,-1.30262,1.99326,1.53631,1.54394,0.55035
normal,2022-07-12,444,2022-07-12 00:56:04.252,0.05096,0.05767,80.17714,-0.69641,-0.20474,-1.52532,2.15082,1.95738,1.37257,-0.11042
normal,2022-07-12,445,2022-07-12 00:56:11.164,0.08981,0.20974,172.96779,0.0115,-1.09257,-1.40969,2.17473,1.71896,1.46198,0.59801
normal,2022-07-12,446,2022-07-12 00:56:18.027,0.06838,0.16318,130.81088,0.719,-1.21673,-1.27278,2.51231,1.90633,1.60603,0.40058
normal,2022-07-12,447,2022-07-12 00:56:25.332,0.04129,0.05521,84.62111,-0.98967,-0.66808,-1.588,1.75436,2.18491,1.32117,-0.04339
normal,2022-07-12,448,2022-07-12 00:56:32.839,0.0888,0.2022,165.41918,0.69183,-1.22532,-1.36114,2.13652,1.65206,1.50558,0.50231
normal,2022-07-12,450,2022-07-12 00:56:51.384,0.08913,0.13374,142.85088,-0.8465,-0.68621,-1.50916,1.64626,2.03331,1.39242,0.49424
normal,2022-07-12,451,2022-07-12 00:56:58.193,0.07731,0.19164,154.58614,0.49274,-1.3128,-1.27946,2.0635,1.47297,1.59195,0.52917
normal,2022-07-12,452,2022-07-12 00:57:05.547,0.04462,0.05357,83.58113,0.98774,-0.52401,-1.59153,1.81861,2.0799,1.32166,0.01629
normal,2022-07-12,453,2022-07-12 00:57:12.912,0.10192,0.14906,122.67623,-1.2791,-0.9933,-1.40759,1.96261,1.83596,1.46496,0.28893
normal,2022-07-12,455,2022-07-12 00:57:31.680,0.07802,0.06794,87.67392,-0.34883,-0.98965,-1.31506,2.04778,2.04848,1.57372,0.26537
normal,2022-07-12,456,2022-07-12 00:57:38.447,0.09335,0.19565,166.58232,1.66163,-0.94388,-1.28303,2.78944,1.65397,1.57338,0.43195
normal,2022-07-12,457,2022-07-12 00:57:45.692,0.06247,0.04648,86.2087,-0.87376,-0.14891,-1.39204,2.07422,2.32574,1.46301,0.37483
normal,2022-07-12,458,2022-07-12 00:57:53.087,0.08362,0.07126,89.27536,-0.34588,-0.58014,-1.35762,2.07495,1.8063,1.53621,0.24776
normal,2022-07-12,461,2022-07-12 00:58:19.087,0.10816,0.2053,185.45711,-1.19553,-1.45755,-1.5159,1.93027,1.61304,1.37641,0.55227
normal,2022-07-12,462,2022-07-12 00:58:25.993,0.04695,0.05078,92.4763,-0.77043,-1.35953,-1.59574,1.82842,2.01769,1.31393,0.14556
normal,2022-07-12,463,2022-07-12 00:58:33.343,0.08498,0.0719,89.58172,-1.13595,-1.37607,-1.39417,1.7624,1.56103,1.4932,-0.17038
normal,2022-07-12,464,2022-07-12 00:58:41.288,0.0345,0.06221,88.21364,-0.43702,-0.89895,-1.63801,2.04536,1.99884,1.27339,-0.25221
normal,2022-07-12,465,2022-07-12 00:58:48.559,0.07179,0.07346,87.62301,-0.66346,-0.954,-1.36028,2.08237,1.80107,1.52785,0.00601
normal,2022-07-12,467,2022-07-12 00:59:07.268,0.03366,0.04242,79.79455,-0.40826,-0.38516,-1.42265,2.23209,1.97525,1.47214,-0.33817
normal,2022-07-12,468,2022-07-12 00:59:13.885,0.0808,0.20736,166.07513,0.93802,-1.42337,-1.42137,2.54807,1.5677,1.43914,0.65863
normal,2022-07-12,469,2022-07-12 00:59:21.219,0.06857,0.11632,135.64468,-1.15099,-0.91701,-1.4896,1.86715,1.93573,1.4357,0.46261
normal,2022-07-12,470,2022-07-12 00:59:29.147,0.09814,0.20105,165.02182,-0.45572,-1.24618,-1.27675,2.02,1.6483,1.55284,0.54266
normal,2022-07-12,471,2022-07-12 00:59:36.571,0.08782,0.09786,99.33915,-1.1419,-0.84291,-1.269,1.96208,2.00128,1.59851,0.13685
normal,2022-07-12,473,2022-07-12 00:59:55.492,0.02894,0.03276,89.08154,1.55335,0.38126,-1.64798,2.76084,2.48843,1.29251,0.22354
normal,2022-07-12,474,2022-07-12 01:00:02.160,0.03502,0.04965,90.74844,-0.56929,-0.97203,-1.65637,1.87189,1.72922,1.28745,0.31104
normal,2022-07-12,475,2022-07-12 01:00:09.265,0.04831,0.05595,86.20356,-1.48082,0.00156,-1.5905,1.77193,2.19395,1.33918,-0.17591
normal,2022-07-12,476,2022-07-12 01:00:16.692,0.03883,0.02989,82.20819,-0.74165,-0.09429,-1.52347,1.75369,2.33437,1.40289,0.18544
normal,2022-07-12,478,2022-07-12 01:00:35.624,0.04699,0.04354,84.31877,-1.05374,0.36287,-1.56729,1.66714,2.23607,1.38207,0.05682
normal,2022-07-12,479,2022-07-12 01:00:42.304,0.03866,0.05747,81.193,-0.76052,-0.90385,-1.51869,2.07362,1.75659,1.42258,0.15845
normal,2022-07-12,480,2022-07-12 01:00:51.560,0.04148,0.05456,83.49071,-0.66003,-0.99628,-1.5575,2.03154,1.91,1.3742,0.15247
normal,2022-07-12,481,2022-07-12 01:00:58.332,0.03791,0.04723,88.80696,-0.87942,-0.2895,-1.64995,1.77835,2.12962,1.29506,-0.10078
normal,2022-07-12,482,2022-07-12 01:01:05.524,0.04279,0.04513,86.64883,-0.99235,-0.29702,-1.59126,1.71917,2.03413,1.3405,-0.09178
normal,2022-07-12,483,2022-07-12 01:01:14.618,0.02398,0.02459,90.50198,-0.86876,0.83303,-1.65689,1.76394,2.52541,1.28468,0.18868
normal,2022-07-12,484,2022-07-12 01:01:21.496,0.04584,0.05336,89.38745,-0.7971,0.0059,-1.64696,1.76469,2.24552,1.28955,0.01365
normal,2022-07-12,485,2022-07-12 01:01:29.371,0.02604,0.03666,89.84449,-0.69804,-0.33185,-1.6542,1.87396,2.26803,1.2913,-0.08925
normal,2022-07-12,486,2022-07-12 01:01:37.360,0.04332,0.04678,87.50621,-0.22217,-0.60015,-1.60946,2.05538,2.02906,1.32714,-0.11854
normal,2022-07-12,487,2022-07-12 01:01:45.406,0.04363,0.06121,90.13593,-0.04697,-0.32926,-1.65651,2.11292,2.06547,1.29824,-0.18601
normal,2022-07-12,488,2022-07-12 01:01:52.960,0.0415,0.04795,89.51491,-0.43158,0.69111,-1.64562,2.15667,2.31825,1.30201,-0.37537
normal,2022-07-12,489,2022-07-12 01:02:00.318,0.03211,0.03901,90.92797,-0.27769,-0.44202,-1.66263,2.03524,2.27534,1.28963,-0.03639
normal,2022-07-12,490,2022-07-12 01:02:08.325,0.03647,0.03005,86.9613,-0.61083,-0.88741,-1.61913,1.91967,1.84879,1.33207,-0.00349
normal,2022-07-12,492,2022-07-12 01:02:34.880,0.03852,0.05482,79.9904,0.1118,0.71903,-1.52968,2.51375,2.37863,1.44035,-0.33773
normal,2022-07-12,493,2022-07-12 01:02:41.698,0.04732,0.04094,90.07455,-0.68495,6.34518,-1.65732,1.91671,3.396,1.28767,-0.00239
normal,2022-07-12,494,2022-07-12 01:02:49.071,0.03262,0.04066,82.28115,-0.53442,0.0345,-1.54403,1.96507,2.10809,1.41029,-0.51908
normal,2022-07-12,495,2022-07-12 01:02:56.432,0.0405,0.04805,86.43248,-1.04311,-0.63119,-1.59893,1.76159,1.91878,1.34203,-0.28513
normal,2022-07-12,498,2022-07-12 01:03:23.541,0.04029,0.04265,85.02862,-0.97938,-0.3663,-1.56165,1.87703,2.37805,1.36672,-0.02616
normal,2022-07-12,499,2022-07-12 01:03:31.348,0.02783,0.0381,87.96327,0.51719,-0.09379,-1.60643,2.32758,2.35509,1.34017,-0.54448
normal,2022-07-12,500,2022-07-12 01:03:38.002,0.04565,0.04647,89.83596,-1.20329,-0.26836,-1.65382,1.63371,2.37036,1.29457,-0.42026
normal,2022-07-12,501,2022-07-12 01:03:45.260,0.03823,0.03702,89.50241,0.48447,-0.72008,-1.63798,2.19724,2.02393,1.2981,-0.51613
normal,2022-07-12,502,2022-07-12 01:03:52.600,0.03234,0.04714,81.06043,-0.5859,0.17958,-1.50985,2.00867,2.13403,1.442,-0.50237
normal,2022-07-12,505,2022-07-12 01:04:19.355,0.03758,0.04437,84.93133,-1.18511,-0.63905,-1.56925,1.75894,2.29814,1.36116,0.01403
normal,2022-07-12,506,2022-07-12 01:04:26.309,0.03897,0.04383,91.03364,-1.33284,-0.36094,-1.65332,1.70056,2.49854,1.28668,-0.22126
normal,2022-07-12,507,2022-07-12 01:04:33.399,0.03595,0.04563,89.77034,-0.83223,-0.64291,-1.65212,1.93602,1.97852,1.29772,-0.5383
normal,2022-07-12,508,2022-07-12 01:04:40.739,0.03832,0.04864,84.14604,-1.20375,0.32887,-1.55793,1.72332,2.3055,1.38361,0.02833
normal,2022-07-12,510,2022-07-12 01:04:59.756,0.03591,0.03934,88.8822,-1.00869,0.07912,-1.61959,1.86702,2.09651,1.32539,-0.53115
normal,2022-07-12,511,2022-07-12 01:05:06.344,0.05007,0.036,90.9929,-1.24589,0.59074,-1.66089,1.63823,2.49372,1.28209,-0.23164
normal,2022-07-12,512,2022-07-12 01:05:13.640,0.03442,0.02952,91.17051,-0.24814,-0.18791,-1.65511,2.22087,2.12317,1.27804,-0.59597
normal,2022-07-12,513,2022-07-12 01:05:21.120,0.03995,0.05501,91.32967,-1.11691,-0.83157,-1.6584,1.74403,2.12211,1.29043,-0.15398
normal,2022-07-12,515,2022-07-12 01:05:46.704,0.03979,0.04014,85.40207,-1.20833,-0.11669,-1.57643,1.83059,2.45466,1.36125,-0.41774
normal,2022-07-12,516,2022-07-12 01:05:54.730,0.04777,0.03897,85.63198,-0.64286,2.31838,-1.57021,1.83805,2.91954,1.36145,-0.21836
normal,2022-07-12,517,2022-07-12 01:06:02.096,0.03488,0.04099,87.80089,-0.70825,-0.17636,-1.62058,1.90509,2.05857,1.32934,-0.24332
normal,2022-07-12,518,2022-07-12 01:06:09.421,0.03416,0.037,87.03822,-0.69129,-0.18628,-1.61255,2.18216,2.08747,1.33262,-0.47279
normal,2022-07-12,520,2022-07-12 01:06:28.258,0.04822,0.05977,84.40183,0.46593,-0.18313,-1.56815,2.24208,2.26851,1.36388,-0.16855
normal,2022-07-12,521,2022-07-12 01:06:34.908,0.03365,0.02898,89.65224,-1.1888,0.91893,-1.64395,1.70976,2.41182,1.30249,-0.55943
normal,2022-07-12,522,2022-07-12 01:06:42.033,0.03315,0.04094,87.64091,-1.01792,-0.32512,-1.61417,1.88462,1.99462,1.331,-0.13298
normal,2022-07-12,523,2022-07-12 01:06:49.373,0.04852,0.05043,90.17098,-1.14285,-0.98359,-1.65491,1.66724,1.80621,1.29419,-0.14597
normal,2022-07-12,525,2022-07-12 01:07:09.319,0.0355,0.03015,90.07608,0.91319,-0.86429,-1.64427,2.58566,1.91069,1.29552,-0.51192
normal,2022-07-12,526,2022-07-12 01:07:16.004,0.03891,0.04518,81.42471,-1.51524,-0.49782,-1.51502,1.66966,1.94929,1.43327,-0.26288
normal,2022-07-12,527,2022-07-12 01:07:22.667,0.04769,0.03592,86.25607,-0.67831,-0.2112,-1.57639,1.88528,2.43109,1.34943,0.04597
normal,2022-07-12,528,2022-07-12 01:07:30.060,0.03557,0.05001,86.90742,-0.18668,-0.64855,-1.59568,1.93007,2.26731,1.34343,-0.25769
normal,2022-07-12,529,2022-07-12 01:07:37.455,0.04586,0.05075,83.65341,-0.78059,0.07066,-1.55236,1.98941,2.20594,1.39804,-0.0652
normal,2022-07-12,532,2022-07-12 01:07:56.116,0.03401,0.04447,89.10976,-1.19841,-0.40829,-1.65226,1.62242,2.36126,1.30062,-0.03672
normal,2022-07-12,533,2022-07-12 01:08:02.824,0.02402,0.04419,88.16377,-0.70012,0.83806,-1.63944,2.00342,2.63631,1.31294,-0.19168
normal,2022-07-12,534,2022-07-12 01:08:10.098,0.03465,0.03761,88.93198,2.10083,-0.77207,-1.63197,2.85325,1.84356,1.31859,-0.3937
normal,2022-07-12,535,2022-07-12 01:08:17.418,0.02876,0.04868,89.22126,-0.54512,-0.92697,-1.64177,2.00577,1.79248,1.31092,-0.38673
normal,2022-07-12,537,2022-07-12 01:08:36.204,0.03236,0.04458,91.03247,1.4811,-0.74632,-1.64892,2.62294,1.80989,1.29854,-0.09562
normal,2022-07-12,538,2022-07-12 01:08:43.101,0.03168,0.0554,90.84725,-0.85902,-1.23212,-1.6511,1.98635,1.74714,1.2944,-0.202
normal,2022-07-12,539,2022-07-12 01:08:50.376,0.03771,0.03596,82.89378,-0.81926,-1.18786,-1.53243,1.92074,2.00227,1.4247,-0.34678
normal,2022-07-12,540,2022-07-12 01:08:57.809,0.03357,0.04413,82.45384,-1.49585,-0.73781,-1.52156,1.60184,1.91449,1.41001,-0.09718
normal,2022-07-12,543,2022-07-12 01:09:24.628,0.03341,0.04745,90.44276,-0.92129,-0.47591,-1.65581,1.94558,2.26336,1.29598,-0.28192
normal,2022-07-12,544,2022-07-12 01:09:31.181,0.03203,0.04814,83.17008,-0.84109,-1.11707,-1.55003,2.02033,1.75322,1.40958,-0.54317
normal,2022-07-12,545,2022-07-12 01:09:38.574,0.03723,0.04332,89.57534,-0.0633,-0.48226,-1.64904,2.41422,2.04402,1.29182,-0.44425
normal,2022-07-12,546,2022-07-12 01:09:45.935,0.02734,0.05335,89.36976,-1.16034,-0.7342,-1.63548,1.81502,1.98676,1.3138,-0.08744
normal,2022-07-12,549,2022-07-12 01:10:12.668,0.02521,0.03968,88.77847,-0.36362,-0.08065,-1.6341,2.2299,1.94455,1.31262,-0.43603
normal,2022-07-12,550,2022-07-12 01:10:19.455,0.04525,0.05032,87.53501,-0.63166,-1.03626,-1.60518,2.12132,1.74444,1.33596,0.20357
normal,2022-07-12,551,2022-07-12 01:10:27.547,0.03652,0.04034,87.21932,1.1213,0.20105,-1.61912,2.52278,2.30009,1.32427,-0.15209
normal,2022-07-12,552,2022-07-12 01:10:35.472,0.04142,0.02949,81.29106,-0.34951,-0.92255,-1.53872,2.13636,1.76496,1.41632,-0.62599
normal,2022-07-12,553,2022-07-12 01:10:42.742,0.02559,0.03671,82.10973,-1.32555,-0.24881,-1.51561,1.7735,2.09943,1.42683,-0.2677
normal,2022-07-12,556,2022-07-12 01:11:02.037,0.02971,0.04313,83.566,-0.82136,-0.97382,-1.54056,2.07456,1.84254,1.3886,-0.44537
normal,2022-07-12,557,2022-07-12 01:11:08.848,0.03765,0.03553,90.89228,-1.31269,-0.71846,-1.65979,1.73073,2.03633,1.28785,-0.19251
normal,2022-07-12,558,2022-07-12 01:11:15.904,0.02801,0.0328,89.20606,-0.71144,0.31783,-1.63577,2.05093,2.13903,1.29728,-0.48982
normal,2022-07-12,559,2022-07-12 01:11:23.327,0.04614,0.0569,84.97046,-1.11595,-0.40244,-1.58347,1.72044,2.23445,1.34801,-0.20128
normal,2022-07-12,562,2022-07-12 01:11:49.290,0.0611,0.05312,89.46017,-1.15635,-0.40916,-1.53748,1.7877,2.03089,1.36144,0.7568
normal,2022-07-12,563,2022-07-12 01:11:57.196,0.06279,0.04801,79.01136,-0.43414,-0.48262,-1.4993,2.12744,2.01424,1.41791,0.25944
normal,2022-07-12,564,2022-07-12 01:12:04.384,0.0591,0.11387,144.82361,-0.41634,-1.22926,-1.49952,2.26339,1.642,1.39082,0.28712
normal,2022-07-12,565,2022-07-12 01:12:11.747,0.06953,0.15274,160.79637,0.90644,-1.37653,-1.50592,2.29885,1.69743,1.4158,0.47698
normal,2022-07-12,568,2022-07-12 01:12:30.885,0.06322,0.14257,165.53606,0.17815,-1.58384,-1.4682,2.21,1.64305,1.43274,0.33333
normal,2022-07-12,569,2022-07-12 01:12:37.555,0.054,0.03885,84.34238,-0.83825,-0.3058,-1.58266,1.92668,2.14605,1.32116,0.03817
normal,2022-07-12,570,2022-07-12 01:12:44.512,0.09668,0.10495,128.10818,-0.47587,-1.2041,-1.43686,1.97516,1.71864,1.44005,0.05062
normal,2022-07-12,571,2022-07-12 01:12:52.568,0.0443,0.05036,82.60034,-0.46771,-1.29752,-1.55786,2.12748,1.65295,1.32683,0.06171
normal,2022-07-12,572,2022-07-12 01:13:00.019,0.07753,0.1606,170.68706,0.12583,-1.40801,-1.50048,2.41199,1.61689,1.41919,0.4762
normal,2022-07-12,573,2022-07-12 01:13:07.457,0.08705,0.09598,119.70905,-0.63075,-0.16704,-1.46704,1.92039,1.84135,1.44733,0.40164
normal,2022-07-12,575,2022-07-12 01:13:26.240,0.05752,0.11004,116.84779,-0.10356,-1.42241,-1.33171,1.99761,1.98013,1.54555,0.43973
normal,2022-07-12,576,2022-07-12 01:13:34.340,0.08805,0.18034,170.45473,1.22711,-1.38946,-1.30517,2.40154,1.62312,1.53715,0.46503
normal,2022-07-12,577,2022-07-12 01:13:40.856,0.06386,0.10622,110.25013,-0.16856,-1.14958,-1.42023,2.43897,1.80753,1.44639,0.33728
normal,2022-07-12,578,2022-07-12 01:13:48.079,0.05839,0.05676,83.36824,1.13091,-1.13242,-1.57921,2.55257,1.9905,1.34473,-0.00488
normal,2022-07-12,579,2022-07-12 01:13:56.030,0.10092,0.08894,102.40629,-0.27164,0.07325,-1.35085,1.92215,2.03415,1.53404,0.23999
normal,2022-07-12,580,2022-07-12 01:14:03.569,0.06495,0.07273,92.9028,-0.06181,-0.79342,-1.42302,2.08255,1.83265,1.48987,0.54802
normal,2022-07-12,582,2022-07-12 01:14:30.269,0.0612,0.06278,86.34574,-0.66635,-0.77787,-1.34134,2.18913,2.06638,1.52055,0.60254
normal,2022-07-12,583,2022-07-12 01:14:36.752,0.07693,0.05745,85.29953,-0.32989,-0.88187,-1.60492,2.11247,1.89855,1.31428,0.23096
normal,2022-07-12,584,2022-07-12 01:14:44.135,0.0675,0.18677,157.18651,0.37781,-0.92079,-1.27197,2.4843,1.79575,1.55724,0.45298
normal,2022-07-12,585,2022-07-12 01:14:51.639,0.06961,0.08985,108.87013,-0.53478,-0.66329,-1.50492,2.23917,1.95263,1.39922,0.00829
normal,2022-07-12,587,2022-07-12 01:15:18.519,0.0844,0.16931,179.62409,-0.83624,-1.35167,-1.41102,1.92949,1.70453,1.46378,0.47951
normal,2022-07-12,588,2022-07-12 01:15:25.133,0.07644,0.10475,108.4836,-0.9754,-0.96861,-1.28167,1.82413,1.94441,1.58168,0.34741
normal,2022-07-12,589,2022-07-12 01:15:32.336,0.06597,0.03879,88.46113,-1.18345,-1.1114,-1.60878,1.76693,1.89793,1.29019,0.32187
normal,2022-07-12,590,2022-07-12 01:15:39.616,0.07921,0.1842,160.29862,1.28555,-1.39955,-1.28017,2.69874,1.67377,1.56611,0.46993
normal,2022-07-12,593,2022-07-12 01:16:05.744,0.0848,0.09104,113.63492,-1.4442,-0.75014,-1.44626,1.64856,1.84502,1.41648,0.31516
normal,2022-07-12,594,2022-07-12 01:16:12.594,0.06154,0.05813,87.54242,0.67364,-0.35542,-1.63209,2.12691,2.23755,1.30562,-0.21855
normal,2022-07-12,595,2022-07-12 01:16:20.092,0.08955,0.18945,182.24062,-0.91462,-1.34275,-1.4675,1.87805,1.5405,1.43211,0.39256
normal,2022-07-12,596,2022-07-12 01:16:27.477,0.07101,0.09122,98.45465,-1.56333,-1.17263,-1.29534,1.66331,1.73869,1.52131,0.11216
normal,2022-07-12,598,2022-07-12 01:16:46.024,0.07095,0.13049,140.93056,0.76902,-1.22709,-1.30656,2.66205,1.84928,1.52742,0.32841
normal,2022-07-12,599,2022-07-12 01:16:52.728,0.05834,0.03422,77.445,-0.28326,0.91435,-1.47249,2.18558,2.27826,1.45535,0.28541
anomaly,2022-07-17,2,2022-07-17 10:51:18.224,0.40539,0.29052,102.99884,0.82866,0.32019,-0.11707,2.40709,2.12827,1.78237,-0.38179
anomaly,2022-07-17,3,2022-07-17 10:51:24.915,0.65598,0.3735,102.39483,-1.5195,-1.00736,-0.31318,1.52896,1.79388,1.59497,-0.37283
anomaly,2022-07-17,4,2022-07-17 10:51:32.234,0.04508,0.09702,106.57372,1.89425,-1.1962,1.27666,2.50101,1.34777,2.42728,0.29888
anomaly,2022-07-17,7,2022-07-17 10:51:58.184,0.55927,0.21653,113.39807,3.01837,5.42655,2.25049,2.77607,3.23467,2.88042,-0.65026
anomaly,2022-07-17,8,2022-07-17 10:52:05.407,0.20472,0.20082,76.07384,0.07534,-1.62868,9.69219,2.71161,1.79646,3.87054,-0.59635
anomaly,2022-07-17,9,2022-07-17 10:52:12.767,0.29475,0.26712,85.27632,1.78611,3.65189,-0.56216,2.52705,2.81237,2.18075,-0.50692
anomaly,2022-07-17,12,2022-07-17 10:52:39.672,0.07832,0.15955,60.63701,-0.75096,0.4589,0.26385,1.58773,1.20522,2.49676,-0.08615
anomaly,2022-07-17,13,2022-07-17 10:52:46.755,0.34051,0.16392,59.4441,12.58468,-1.7638,0.19461,4.02409,1.66117,2.64713,-0.42266
anomaly,2022-07-17,14,2022-07-17 10:52:54.169,0.82876,0.31407,104.90927,-0.74008,-0.57008,7.18203,2.05305,1.91255,1.49993,-0.42245
anomaly,2022-07-17,16,2022-07-17 10:53:13.264,0.1993,0.1897,135.66941,12.02723,6.48841,0.43975,3.70085,3.13165,2.10003,-0.89574
anomaly,2022-07-17,17,2022-07-17 10:53:19.944,0.03414,0.05851,204.25915,-1.00927,-0.68593,-0.25186,1.7308,1.47526,1.35399,-0.2727
anomaly,2022-07-17,18,2022-07-17 10:53:27.353,0.391,0.22408,282.87328,1.26597,3.77153,-0.64652,2.30413,3.02011,1.67726,-0.03054
anomaly,2022-07-17,19,2022-07-17 10:53:34.839,0.72898,0.22723,253.72014,1.89138,0.57224,-0.97351,2.47362,2.2414,1.5176,-0.01035
