class,date,segment_id,window_start,PC1,PC2
normal,2022-07-12,1,2022-07-12 00:00:01.019,1.3383,-1.2386
normal,2022-07-12,2,2022-07-12 00:00:08.024,0.593,-0.3733
normal,2022-07-12,3,2022-07-12 00:00:15.467,-0.9699,-0.5307
normal,2022-07-12,5,2022-07-12 00:00:34.252,-1.3898,-0.0531
normal,2022-07-12,6,2022-07-12 00:00:41.256,1.3927,-0.7106
normal,2022-07-12,7,2022-07-12 00:00:49.176,-2.6998,1.5771
normal,2022-07-12,8,2022-07-12 00:00:56.468,2.3385,-0.5564
normal,2022-07-12,9,2022-07-12 00:01:03.876,0.2361,-0.6226
normal,2022-07-12,11,2022-07-12 00:01:22.722,0.438,-1.3366
normal,2022-07-12,12,2022-07-12 00:01:29.357,-1.6969,0.0305
normal,2022-07-12,13,2022-07-12 00:01:36.646,0.382,-0.695
normal,2022-07-12,14,2022-07-12 00:01:43.957,2.1487,-0.3809
normal,2022-07-12,16,2022-07-12 00:02:02.794,1.8906,-1.3338
normal,2022-07-12,17,2022-07-12 00:02:09.424,-0.0925,0.3338
normal,2022-07-12,18,2022-07-12 00:02:16.721,-1.8568,-0.4523
normal,2022-07-12,19,2022-07-12 00:02:24.676,-0.999,-0.1077
normal,2022-07-12,20,2022-07-12 00:02:32.036,-1.5664,1.0136
normal,2022-07-12,21,2022-07-12 00:02:40.100,-1.1334,-0.2286
normal,2022-07-12,23,2022-07-12 00:02:58.834,-0.751,0.5115
normal,2022-07-12,24,2022-07-12 00:03:05.500,-2.3534,1.8049
normal,2022-07-12,25,2022-07-12 00:03:12.929,1.9793,-1.5546
normal,2022-07-12,26,2022-07-12 00:03:20.515,-2.0529,0.2761
normal,2022-07-12,28,2022-07-12 00:03:46.176,-3.4886,2.5107
normal,2022-07-12,29,2022-07-12 00:03:54.044,-1.1278,-1.3655
normal,2022-07-12,30,2022-07-12 00:04:01.240,-0.4493,-0.0566
normal,2022-07-12,31,2022-07-12 00:04:08.513,2.2554,-0.9721
normal,2022-07-12,34,2022-07-12 00:04:27.327,1.526,-0.1236
normal,2022-07-12,35,2022-07-12 00:04:34.037,0.4781,-0.9293
normal,2022-07-12,36,2022-07-12 00:04:41.316,-1.0044,0.0189
normal,2022-07-12,37,2022-07-12 00:04:49.255,1.3315,0.5767
normal,2022-07-12,38,2022-07-12 00:04:56.841,-1.4709,0.509
normal,2022-07-12,42,2022-07-12 00:05:23.996,-0.306,-1.1133
normal,2022-07-12,43,2022-07-12 00:05:30.507,-1.7771,0.7883
normal,2022-07-12,44,2022-07-12 00:05:37.599,1.6484,-1.3562
normal,2022-07-12,45,2022-07-12 00:05:45.004,-0.2637,-0.0142
normal,2022-07-12,48,2022-07-12 00:06:04.060,1.4452,-0.4831
normal,2022-07-12,49,2022-07-12 00:06:10.677,-0.9956,1.8216
normal,2022-07-12,50,2022-07-12 00:06:17.934,1.4291,-0.2547
normal,2022-07-12,51,2022-07-12 00:06:25.647,1.2663,-1.0876
normal,2022-07-12,52,2022-07-12 00:06:30.884,-1.7245,0.0375
normal,2022-07-12,53,2022-07-12 00:06:37.731,0.3098,0.4943
normal,2022-07-12,54,2022-07-12 00:06:44.540,1.3064,-1.6138
normal,2022-07-12,55,2022-07-12 00:06:51.146,-2.1056,1.0963
normal,2022-07-12,56,2022-07-12 00:06:59.298,0.0305,-0.2691
normal,2022-07-12,57,2022-07-12 00:07:06.344,-1.0499,-0.1101
normal,2022-07-12,58,2022-07-12 00:07:14.147,-0.3633,-1.202
normal,2022-07-12,59,2022-07-12 00:07:20.848,-2.4169,1.1527
normal,2022-07-12,60,2022-07-12 00:07:27.471,1.6283,-1.259
normal,2022-07-12,61,2022-07-12 00:07:34.347,-0.0355,-0.049
normal,2022-07-12,62,2022-07-12 00:07:41.060,-1.248,-1.3208
normal,2022-07-12,63,2022-07-12 00:07:47.824,2.9556,-0.5813
normal,2022-07-12,64,2022-07-12 00:07:54.379,0.8729,-0.3954
normal,2022-07-12,65,2022-07-12 00:08:01.267,-1.3532,-0.0336
normal,2022-07-12,66,2022-07-12 00:08:07.837,0.7864,-1.154
normal,2022-07-12,67,2022-07-12 00:08:14.592,1.1557,0.0332
normal,2022-07-12,68,2022-07-12 00:08:27.924,0.2474,0.3532
normal,2022-07-12,69,2022-07-12 00:08:34.706,1.8919,-0.9113
normal,2022-07-12,70,2022-07-12 00:08:41.456,-1.9192,0.7138
normal,2022-07-12,71,2022-07-12 00:08:48.162,-0.183,-0.8574
normal,2022-07-12,72,2022-07-12 00:08:54.980,2.1681,-0.3036
normal,2022-07-12,73,2022-07-12 00:09:01.584,-1.9865,0.0206
normal,2022-07-12,74,2022-07-12 00:09:08.333,0.2629,-0.6537
normal,2022-07-12,75,2022-07-12 00:09:14.936,1.6215,-1.3403
normal,2022-07-12,76,2022-07-12 00:09:21.584,-0.2559,-0.7757
normal,2022-07-12,77,2022-07-12 00:09:29.652,1.7534,-1.3604
normal,2022-07-12,79,2022-07-12 00:09:43.191,0.0315,0.3552
normal,2022-07-12,80,2022-07-12 00:09:49.866,2.1057,-0.6048
normal,2022-07-12,81,2022-07-12 00:09:56.927,-1.4129,-0.3027
normal,2022-07-12,82,2022-07-12 00:10:04.367,0.2154,-0.8766
normal,2022-07-12,85,2022-07-12 00:10:30.156,2.1873,-1.326
normal,2022-07-12,86,2022-07-12 00:10:37.172,-0.1305,-0.6806
normal,2022-07-12,87,2022-07-12 00:10:44.451,-1.1617,0.0268
normal,2022-07-12,88,2022-07-12 00:10:51.996,1.8388,-1.0739
normal,2022-07-12,90,2022-07-12 00:11:10.794,1.3191,-1.5058
normal,2022-07-12,91,2022-07-12 00:11:17.440,0.597,-0.0349
normal,2022-07-12,92,2022-07-12 00:11:24.856,-2.3209,0.2478
normal,2022-07-12,93,2022-07-12 00:11:32.366,2.3383,-1.0582
normal,2022-07-12,95,2022-07-12 00:11:51.026,0.5659,0.7582
normal,2022-07-12,96,2022-07-12 00:11:57.744,1.0846,-0.4646
normal,2022-07-12,97,2022-07-12 00:12:05.043,-2.2848,-0.4076
normal,2022-07-12,98,2022-07-12 00:12:12.364,1.7805,-0.4108
normal,2022-07-12,99,2022-07-12 00:12:20.377,-0.4903,1.3381
normal,2022-07-12,101,2022-07-12 00:12:39.692,-0.6781,0.6979
normal,2022-07-12,102,2022-07-12 00:12:46.247,1.7432,-2.0848
normal,2022-07-12,103,2022-07-12 00:12:53.264,-0.2802,-0.8122
normal,2022-07-12,104,2022-07-12 00:13:00.789,-1.0868,0.3093
normal,2022-07-12,105,2022-07-12 00:13:08.671,-1.2144,0.6148
normal,2022-07-12,106,2022-07-12 00:13:15.973,-0.3788,-0.5764
normal,2022-07-12,108,2022-07-12 00:13:34.836,-0.6134,-0.3974
normal,2022-07-12,109,2022-07-12 00:13:41.386,1.8429,-1.3226
normal,2022-07-12,110,2022-07-12 00:13:48.757,-0.7519,-0.4606
normal,2022-07-12,111,2022-07-12 00:13:56.076,-1.2647,-0.4238
normal,2022-07-12,113,2022-07-12 00:14:15.084,-1.9556,-0.3806
normal,2022-07-12,114,2022-07-12 00:14:21.810,1.7254,-1.1003
normal,2022-07-12,115,2022-07-12 00:14:28.908,1.2914,0.0785
normal,2022-07-12,116,2022-07-12 00:14:36.236,-1.2595,0.5811
normal,2022-07-12,117,2022-07-12 00:14:44.137,0.9476,-0.0786
normal,2022-07-12,120,2022-07-12 00:15:03.077,1.291,-1.4053
normal,2022-07-12,121,2022-07-12 00:15:09.884,-1.9957,1.2613
normal,2022-07-12,122,2022-07-12 00:15:16.840,0.7139,-0.1242
normal,2022-07-12,123,2022-07-12 00:15:24.069,2.2408,-0.9569
normal,2022-07-12,126,2022-07-12 00:15:43.448,2.0543,-1.1308
normal,2022-07-12,127,2022-07-12 00:15:50.226,-0.504,0.801
normal,2022-07-12,128,2022-07-12 00:15:57.185,0.7042,-0.8853
normal,2022-07-12,129,2022-07-12 00:16:04.604,1.4803,-0.8879
normal,2022-07-12,130,2022-07-12 00:16:11.955,-1.0175,-0.4767
normal,2022-07-12,132,2022-07-12 00:16:30.864,-1.4692,-0.0545
normal,2022-07-12,133,2022-07-12 00:16:37.667,0.6245,0.3708
normal,2022-07-12,134,2022-07-12 00:16:45.025,1.6448,-1.3671
normal,2022-07-12,135,2022-07-12 00:16:52.451,-1.5798,-0.3035
normal,2022-07-12,137,2022-07-12 00:17:11.040,0.9636,-0.5468
normal,2022-07-12,138,2022-07-12 00:17:17.847,-1.3088,-0.581
normal,2022-07-12,139,2022-07-12 00:17:25.927,-2.6278,0.6326
normal,2022-07-12,140,2022-07-12 00:17:33.180,-1.6928,0.0576
normal,2022-07-12,141,2022-07-12 00:17:40.604,2.1536,-0.9561
normal,2022-07-12,145,2022-07-12 00:18:07.804,1.5654,-0.5337
normal,2022-07-12,146,2022-07-12 00:18:14.563,1.0176,-0.5617
normal,2022-07-12,147,2022-07-12 00:18:21.724,-1.8478,0.1374
normal,2022-07-12,148,2022-07-12 00:18:29.172,0.8919,-0.2687
normal,2022-07-12,149,2022-07-12 00:18:37.000,-1.957,0.4163
normal,2022-07-12,153,2022-07-12 00:19:10.928,-1.3931,0.2726
normal,2022-07-12,154,2022-07-12 00:19:18.874,-0.305,-0.2901
normal,2022-07-12,155,2022-07-12 00:19:25.771,-1.9695,0.3325
normal,2022-07-12,156,2022-07-12 00:19:33.176,2.7456,-0.2947
normal,2022-07-12,159,2022-07-12 00:19:59.344,-0.0596,-0.6115
normal,2022-07-12,160,2022-07-12 00:20:06.136,-1.5293,-0.6309
normal,2022-07-12,161,2022-07-12 00:20:13.469,2.0515,-1.0749
normal,2022-07-12,162,2022-07-12 00:20:20.837,0.6241,-0.317
normal,2022-07-12,165,2022-07-12 00:20:46.631,-0.9709,0.4925
normal,2022-07-12,166,2022-07-12 00:20:53.536,1.7486,-1.0379
normal,2022-07-12,167,2022-07-12 00:21:01.016,0.2323,0.0202
normal,2022-07-12,170,2022-07-12 00:21:27.304,-0.7735,-0.9017
normal,2022-07-12,171,2022-07-12 00:21:34.458,1.6271,-0.359
normal,2022-07-12,172,2022-07-12 00:21:41.800,-0.1115,0.503
normal,2022-07-12,173,2022-07-12 00:21:49.728,3.154,-0.2102
normal,2022-07-12,176,2022-07-12 00:22:08.578,0.7862,-0.907
normal,2022-07-12,177,2022-07-12 00:22:15.349,0.5141,-0.9188
normal,2022-07-12,178,2022-07-12 00:22:22.469,-1.1769,1.0654
normal,2022-07-12,179,2022-07-12 00:22:29.676,1.5159,-0.1791
normal,2022-07-12,180,2022-07-12 00:22:37.072,1.6132,-0.6332
normal,2022-07-12,182,2022-07-12 00:22:55.436,2.0398,-1.868
normal,2022-07-12,183,2022-07-12 00:23:02.403,-0.6156,-0.0489
normal,2022-07-12,184,2022-07-12 00:23:09.820,-1.1537,-0.7428
normal,2022-07-12,185,2022-07-12 00:23:17.804,-1.8046,-0.5701
normal,2022-07-12,186,2022-07-12 00:23:25.244,0.0213,-1.047
normal,2022-07-12,188,2022-07-12 00:23:43.770,-1.4494,-0.3794
normal,2022-07-12,189,2022-07-12 00:23:50.475,2.8085,-0.328
normal,2022-07-12,190,2022-07-12 00:23:57.787,1.3611,-0.2875
normal,2022-07-12,191,2022-07-12 00:24:05.240,-2.1589,0.5938
normal,2022-07-12,193,2022-07-12 00:24:24.154,-1.4623,0.5225
normal,2022-07-12,194,2022-07-12 00:24:31.096,2.8116,-0.623
normal,2022-07-12,195,2022-07-12 00:24:38.106,0.3483,-0.6851
normal,2022-07-12,196,2022-07-12 00:24:45.475,-2.377,1.4071
normal,2022-07-12,199,2022-07-12 00:25:11.648,2.2962,-0.4864
normal,2022-07-12,200,2022-07-12 00:25:18.484,0.8174,-0.3438
normal,2022-07-12,201,2022-07-12 00:25:25.693,-1.6053,-1.1807
normal,2022-07-12,202,2022-07-12 00:25:33.144,3.5529,0.3988
normal,2022-07-12,204,2022-07-12 00:25:51.628,-0.2892,-0.1039
normal,2022-07-12,205,2022-07-12 00:25:58.587,2.0204,-1.0869
normal,2022-07-12,206,2022-07-12 00:26:05.860,-0.8827,-0.759
normal,2022-07-12,207,2022-07-12 00:26:13.308,-1.3728,-0.1645
normal,2022-07-12,210,2022-07-12 00:26:33.413,1.1698,-0.8919
normal,2022-07-12,211,2022-07-12 00:26:40.148,-1.1964,0.8593
normal,2022-07-12,212,2022-07-12 00:26:46.964,0.5622,-0.2005
normal,2022-07-12,213,2022-07-12 00:26:54.234,2.6813,-1.0349
normal,2022-07-12,214,2022-07-12 00:27:01.523,-0.6483,-0.8147
normal,2022-07-12,217,2022-07-12 00:27:28.511,2.4072,-1.1968
normal,2022-07-12,218,2022-07-12 00:27:34.964,-1.4383,0.1329
normal,2022-07-12,219,2022-07-12 00:27:42.343,-0.3724,0.0357
normal,2022-07-12,220,2022-07-12 00:27:49.707,1.877,-0.6744
normal,2022-07-12,222,2022-07-12 00:28:08.813,1.9972,-1.3501
normal,2022-07-12,223,2022-07-12 00:28:15.508,0.2475,0.2228
normal,2022-07-12,224,2022-07-12 00:28:22.540,-1.4427,1.2735
normal,2022-07-12,225,2022-07-12 00:28:29.932,2.5998,-1.0799
normal,2022-07-12,228,2022-07-12 00:28:55.524,2.4647,-0.3256
normal,2022-07-12,229,2022-07-12 00:29:03.724,2.6494,-1.0471
normal,2022-07-12,230,2022-07-12 00:29:10.692,1.1234,0.0958
normal,2022-07-12,231,2022-07-12 00:29:18.174,-1.9143,0.829
normal,2022-07-12,234,2022-07-12 00:29:37.245,-0.1472,1.0711
normal,2022-07-12,235,2022-07-12 00:29:43.784,0.1825,-0.4977
normal,2022-07-12,236,2022-07-12 00:29:51.008,1.7355,-1.2703
normal,2022-07-12,237,2022-07-12 00:29:58.344,-0.8845,-0.969
normal,2022-07-12,240,2022-07-12 00:30:17.375,-0.3856,-0.1878
normal,2022-07-12,241,2022-07-12 00:30:24.188,-1.2302,-1.1189
normal,2022-07-12,242,2022-07-12 00:30:31.099,2.3182,-1.2228
normal,2022-07-12,243,2022-07-12 00:30:38.443,0.9406,0.1228
normal,2022-07-12,246,2022-07-12 00:31:04.445,-1.6384,1.4436
normal,2022-07-12,247,2022-07-12 00:31:12.498,-0.3445,-0.1345
normal,2022-07-12,248,2022-07-12 00:31:19.432,-1.5891,0.5195
normal,2022-07-12,249,2022-07-12 00:31:26.607,2.6533,-0.8712
normal,2022-07-12,250,2022-07-12 00:31:34.001,0.2847,-0.092
normal,2022-07-12,252,2022-07-12 00:31:52.700,1.4196,-0.9479
normal,2022-07-12,253,2022-07-12 00:31:59.520,-2.5398,1.2535
normal,2022-07-12,254,2022-07-12 00:32:06.848,1.0841,-0.7976
normal,2022-07-12,255,2022-07-12 00:32:14.276,1.9238,0.9594
normal,2022-07-12,258,2022-07-12 00:32:40.108,-1.9904,0.8258
normal,2022-07-12,259,2022-07-12 00:32:46.971,0.523,-0.6392
normal,2022-07-12,260,2022-07-12 00:32:54.244,1.8634,-1.3323
normal,2022-07-12,262,2022-07-12 00:33:09.576,1.3783,-0.2021
normal,2022-07-12,265,2022-07-12 00:33:36.340,1.6409,-1.0983
normal,2022-07-12,266,2022-07-12 00:33:43.034,1.1634,-0.6702
normal,2022-07-12,267,2022-07-12 00:33:50.328,-1.4232,0.1419
normal,2022-07-12,268,2022-07-12 00:33:57.698,2.445,0.0716
normal,2022-07-12,271,2022-07-12 00:34:16.859,2.5469,-1.0683
normal,2022-07-12,272,2022-07-12 00:34:23.487,2.2788,-0.0467
normal,2022-07-12,273,2022-07-12 00:34:30.344,-0.9791,-0.1143
normal,2022-07-12,274,2022-07-12 00:34:38.368,1.33,-0.1524
normal,2022-07-12,275,2022-07-12 00:34:47.428,-2.265,0.7259
normal,2022-07-12,276,2022-07-12 00:34:54.356,0.9435,-0.7959
normal,2022-07-12,277,2022-07-12 00:35:01.771,2.6835,-0.1041
normal,2022-07-12,278,2022-07-12 00:35:09.147,-2.1047,0.5933
normal,2022-07-12,281,2022-07-12 00:35:35.714,2.8928,-0.2219
normal,2022-07-12,282,2022-07-12 00:35:42.635,-1.4701,-0.3065
normal,2022-07-12,283,2022-07-12 00:35:49.915,-2.9373,0.8943
normal,2022-07-12,284,2022-07-12 00:35:57.396,2.4873,-1.9662
normal,2022-07-12,286,2022-07-12 00:36:09.498,-0.3765,0.3296
normal,2022-07-12,287,2022-07-12 00:36:16.144,2.7192,-0.2941
normal,2022-07-12,288,2022-07-12 00:36:23.060,-1.3507,-1.501
normal,2022-07-12,289,2022-07-12 00:36:30.268,-0.9881,-0.9744
normal,2022-07-12,290,2022-07-12 00:36:37.628,1.6161,-2.0096
normal,2022-07-12,293,2022-07-12 00:36:56.656,2.1567,-0.7392
normal,2022-07-12,294,2022-07-12 00:37:03.532,-0.3504,-1.2807
normal,2022-07-12,295,2022-07-12 00:37:10.460,-2.6048,1.512
normal,2022-07-12,296,2022-07-12 00:37:17.826,2.7176,-0.2301
normal,2022-07-12,297,2022-07-12 00:37:25.356,-0.4666,-0.385
normal,2022-07-12,299,2022-07-12 00:37:43.818,0.8386,-0.8646
normal,2022-07-12,300,2022-07-12 00:37:50.646,-0.3382,0.5005
normal,2022-07-12,301,2022-07-12 00:37:58.036,1.9963,-0.1826
normal,2022-07-12,302,2022-07-12 00:38:05.247,2.1192,-0.535
normal,2022-07-12,304,2022-07-12 00:38:23.996,2.7016,-1.1079
normal,2022-07-12,305,2022-07-12 00:38:30.802,-0.7982,-0.6842
normal,2022-07-12,306,2022-07-12 00:38:38.196,-0.3364,-0.5342
normal,2022-07-12,307,2022-07-12 00:38:46.118,-0.7892,0.8965
normal,2022-07-12,308,2022-07-12 00:38:53.556,0.1909,-0.3128
normal,2022-07-12,310,2022-07-12 00:39:12.408,-0.3194,-0.8148
normal,2022-07-12,311,2022-07-12 00:39:19.187,2.2599,-0.5965
normal,2022-07-12,312,2022-07-12 00:39:26.431,-0.7449,-0.3114
normal,2022-07-12,313,2022-07-12 00:39:33.671,-0.9755,-0.8415
normal,2022-07-12,316,2022-07-12 00:39:52.684,-2.4929,1.5185
normal,2022-07-12,317,2022-07-12 00:39:59.339,2.5871,-0.6351
normal,2022-07-12,318,2022-07-12 00:40:06.360,1.1657,-1.1069
normal,2022-07-12,319,2022-07-12 00:40:13.700,-2.2688,0.3555
normal,2022-07-12,323,2022-07-12 00:40:40.736,1.9254,-1.4269
normal,2022-07-12,324,2022-07-12 00:40:47.365,-2.2793,0.3325
normal,2022-07-12,325,2022-07-12 00:40:54.376,-0.8074,-0.4068
normal,2022-07-12,326,2022-07-12 00:41:01.666,2.1834,-1.0631
normal,2022-07-12,329,2022-07-12 00:41:20.699,1.939,-0.4148
normal,2022-07-12,330,2022-07-12 00:41:27.365,1.8279,-0.5096
normal,2022-07-12,331,2022-07-12 00:41:34.340,-1.8388,0.8182
normal,2022-07-12,332,2022-07-12 00:41:41.792,1.3716,-0.4752
normal,2022-07-12,335,2022-07-12 00:42:07.634,1.8742,-1.2371
normal,2022-07-12,336,2022-07-12 00:42:14.514,-2.6966,1.7048
normal,2022-07-12,337,2022-07-12 00:42:22.016,0.2048,-0.491
normal,2022-07-12,338,2022-07-12 00:42:29.988,-1.8192,1.2328
normal,2022-07-12,339,2022-07-12 00:42:37.291,-0.047,-0.2024
normal,2022-07-12,341,2022-07-12 00:42:49.028,-0.2208,-0.3429
normal,2022-07-12,342,2022-07-12 00:42:55.875,-1.659,0.499
normal,2022-07-12,343,2022-07-12 00:43:02.714,2.8716,0.1633
normal,2022-07-12,344,2022-07-12 00:43:10.136,0.2086,0.0283
normal,2022-07-12,345,2022-07-12 00:43:17.444,-1.4827,0.4569
normal,2022-07-12,348,2022-07-12 00:43:36.564,0.0438,-0.6552
normal,2022-07-12,349,2022-07-12 00:43:43.101,2.3785,-1.5286
normal,2022-07-12,350,2022-07-12 00:43:50.346,-0.4429,-0.9787
normal,2022-07-12,351,2022-07-12 00:43:57.668,-0.8435,0.3497
normal,2022-07-12,354,2022-07-12 00:44:16.984,0.0685,-0.0648
normal,2022-07-12,355,2022-07-12 00:44:23.658,2.4003,-1.4157
normal,2022-07-12,356,2022-07-12 00:44:30.632,-0.0238,-0.5281
normal,2022-07-12,357,2022-07-12 00:44:37.912,-1.8526,-1.2475
normal,2022-07-12,358,2022-07-12 00:44:45.286,2.087,-0.6661
normal,2022-07-12,360,2022-07-12 00:45:03.856,1.3864,-1.2346
normal,2022-07-12,361,2022-07-12 00:45:11.940,-1.5296,-0.4831
normal,2022-07-12,362,2022-07-12 00:45:18.744,2.3402,-1.5025
normal,2022-07-12,363,2022-07-12 00:45:26.036,1.5725,0.3131
normal,2022-07-12,364,2022-07-12 00:45:33.352,-0.5435,0.9222
normal,2022-07-12,366,2022-07-12 00:45:52.392,-1.9452,0.4106
normal,2022-07-12,367,2022-07-12 00:45:59.061,1.617,-1.6168
normal,2022-07-12,368,2022-07-12 00:46:06.348,1.2698,-1.6336
normal,2022-07-12,369,2022-07-12 00:46:13.785,-3.0521,2.3342
normal,2022-07-12,372,2022-07-12 00:46:33.084,-1.0634,0.124
normal,2022-07-12,373,2022-07-12 00:46:39.756,2.2635,-0.5868
normal,2022-07-12,374,2022-07-12 00:46:46.758,2.5497,0.8032
normal,2022-07-12,375,2022-07-12 00:46:54.243,-0.6998,-0.498
normal,2022-07-12,376,2022-07-12 00:47:01.644,2.4841,-1.3381
normal,2022-07-12,378,2022-07-12 00:47:13.396,-1.1973,-0.1454
normal,2022-07-12,379,2022-07-12 00:47:19.991,0.2626,-0.5452
normal,2022-07-12,380,2022-07-12 00:47:26.888,3.0094,-0.2036
normal,2022-07-12,381,2022-07-12 00:47:34.187,0.114,0.3934
normal,2022-07-12,384,2022-07-12 00:48:01.231,2.6992,-0.7234
normal,2022-07-12,385,2022-07-12 00:48:08.059,-0.8654,-0.2905
normal,2022-07-12,386,2022-07-12 00:48:15.176,-1.7405,0.9126
normal,2022-07-12,387,2022-07-12 00:48:22.550,2.4409,-0.6981
normal,2022-07-12,390,2022-07-12 00:48:41.645,1.7477,-1.216
normal,2022-07-12,391,2022-07-12 00:48:48.296,1.7745,0.5765
normal,2022-07-12,392,2022-07-12 00:48:55.484,-2.022,2.198
normal,2022-07-12,393,2022-07-12 00:49:02.914,1.6819,-0.0824
normal,2022-07-12,396,2022-07-12 00:49:28.867,0.7249,-0.2372
normal,2022-07-12,397,2022-07-12 00:49:35.908,-2.9955,1.726
normal,2022-07-12,398,2022-07-12 00:49:43.299,2.5359,-0.363
normal,2022-07-12,399,2022-07-12 00:49:50.687,0.3336,-0.7188
normal,2022-07-12,401,2022-07-12 00:50:17.327,2.0757,-1.061
normal,2022-07-12,402,2022-07-12 00:50:24.136,0.8453,-0.4813
normal,2022-07-12,403,2022-07-12 00:50:31.652,-2.3103,-0.162
normal,2022-07-12,404,2022-07-12 00:50:38.906,2.5029,-0.3156
normal,2022-07-12,406,2022-07-12 00:50:57.924,2.3953,-0.7238
normal,2022-07-12,407,2022-07-12 00:51:04.548,0.0839,-0.2907
normal,2022-07-12,408,2022-07-12 00:51:11.763,-0.7631,0.0796
normal,2022-07-12,409,2022-07-12 00:51:19.148,1.8623,-1.2992
normal,2022-07-12,411,2022-07-12 00:51:38.356,1.6673,-1.0557
normal,2022-07-12,412,2022-07-12 00:51:44.948,1.7904,-0.1242
normal,2022-07-12,413,2022-07-12 00:51:52.236,-1.4839,1.39
normal,2022-07-12,414,2022-07-12 00:51:59.601,1.4265,-1.0109
normal,2022-07-12,418,2022-07-12 00:52:34.472,0.0435,-1.1529
normal,2022-07-12,419,2022-07-12 00:52:41.109,-1.6571,-0.6592
normal,2022-07-12,420,2022-07-12 00:52:48.596,1.7868,-1.2638
normal,2022-07-12,421,2022-07-12 00:52:55.716,1.4282,-1.3542
normal,2022-07-12,423,2022-07-12 00:53:14.556,2.8583,0.3016
normal,2022-07-12,424,2022-07-12 00:53:21.159,-0.8643,-0.38
normal,2022-07-12,425,2022-07-12 00:53:28.676,-0.7298,0.4128
normal,2022-07-12,426,2022-07-12 00:53:36.108,2.9977,-0.3813
normal,2022-07-12,428,2022-07-12 00:53:54.754,2.8146,-0.1151
normal,2022-07-12,429,2022-07-12 00:54:01.503,0.4828,0.0697
normal,2022-07-12,430,2022-07-12 00:54:08.675,-2.007,0.2771
normal,2022-07-12,431,2022-07-12 00:54:16.182,2.893,-0.6695
normal,2022-07-12,432,2022-07-12 00:54:24.163,-1.4841,0.2867
normal,2022-07-12,434,2022-07-12 00:54:42.836,-1.3446,-1.2424
normal,2022-07-12,435,2022-07-12 00:54:49.444,-0.1341,-0.1024
normal,2022-07-12,436,2022-07-12 00:54:56.793,2.6746,0.0543
normal,2022-07-12,437,2022-07-12 00:55:04.188,-2.8927,1.5916
normal,2022-07-12,439,2022-07-12 00:55:22.668,0.5942,-0.6072
normal,2022-07-12,440,2022-07-12 00:55:29.658,-1.0913,0.9065
normal,2022-07-12,441,2022-07-12 00:55:37.168,2.4641,-1.1532
normal,2022-07-12,444,2022-07-12 00:56:04.252,-1.5872,0.3475
normal,2022-07-12,445,2022-07-12 00:56:11.164,2.2984,-0.9263
normal,2022-07-12,446,2022-07-12 00:56:18.027,1.6614,0.3568
normal,2022-07-12,447,2022-07-12 00:56:25.332,-2.0932,-0.2734
normal,2022-07-12,448,2022-07-12 00:56:32.839,2.3575,-0.6598
normal,2022-07-12,450,2022-07-12 00:56:51.384,0.1157,-0.9708
normal,2022-07-12,451,2022-07-12 00:56:58.193,2.4241,-0.8308
normal,2022-07-12,452,2022-07-12 00:57:05.547,-1.5538,0.2187
normal,2022-07-12,453,2022-07-12 00:57:12.912,0.4628,-0.6145
normal,2022-07-12,455,2022-07-12 00:57:31.680,-0.4868,0.2952
normal,2022-07-12,456,2022-07-12 00:57:38.447,2.9742,0.5154
normal,2022-07-12,457,2022-07-12 00:57:45.692,-1.4512,0.4159
normal,2022-07-12,458,2022-07-12 00:57:53.087,-0.3354,0.1754
normal,2022-07-12,461,2022-07-12 00:58:19.087,2.0831,-1.8624
normal,2022-07-12,462,2022-07-12 00:58:25.993,-1.3824,-0.8661
normal,2022-07-12,463,2022-07-12 00:58:33.343,-0.6605,-0.5513
normal,2022-07-12,464,2022-07-12 00:58:41.288,-1.7173,-0.1377
normal,2022-07-12,465,2022-07-12 00:58:48.559,-0.5601,0.1189
normal,2022-07-12,467,2022-07-12 00:59:07.268,-1.6554,0.8374
normal,2022-07-12,468,2022-07-12 00:59:13.885,2.8899,-0.8056
normal,2022-07-12,469,2022-07-12 00:59:21.219,0.1378,-1.0176
normal,2022-07-12,470,2022-07-12 00:59:29.147,2.2238,-0.9392
normal,2022-07-12,471,2022-07-12 00:59:36.571,-0.3482,0.2137
normal,2022-07-12,473,2022-07-12 00:59:55.492,-1.5093,1.5669
normal,2022-07-12,474,2022-07-12 01:00:02.160,-1.0843,-1.2327
normal,2022-07-12,475,2022-07-12 01:00:09.265,-2.4167,0.1076
normal,2022-07-12,476,2022-07-12 01:00:16.692,-2.2547,0.1538
normal,2022-07-12,478,2022-07-12 01:00:35.624,-2.3976,0.1907
normal,2022-07-12,479,2022-07-12 01:00:42.304,-0.9463,-0.5116
normal,2022-07-12,480,2022-07-12 01:00:51.560,-1.1799,-0.4915
normal,2022-07-12,481,2022-07-12 01:00:58.332,-2.2407,-0.1765
normal,2022-07-12,482,2022-07-12 01:01:05.524,-2.1226,-0.2209
normal,2022-07-12,483,2022-07-12 01:01:14.618,-2.9699,0.3316
normal,2022-07-12,484,2022-07-12 01:01:21.496,-2.2649,-0.007
normal,2022-07-12,485,2022-07-12 01:01:29.371,-2.3918,0.001
normal,2022-07-12,486,2022-07-12 01:01:37.360,-1.6689,0.114
normal,2022-07-12,487,2022-07-12 01:01:45.406,-1.6875,0.3424
normal,2022-07-12,488,2022-07-12 01:01:52.960,-2.5809,1.2039
normal,2022-07-12,489,2022-07-12 01:02:00.318,-2.0758,0.1647
normal,2022-07-12,490,2022-07-12 01:02:08.325,-1.6133,-0.5678
normal,2022-07-12,492,2022-07-12 01:02:34.880,-2.0765,2.0263
normal,2022-07-12,493,2022-07-12 01:02:41.698,-5.3051,4.1666
normal,2022-07-12,494,2022-07-12 01:02:49.071,-2.4259,0.9104
normal,2022-07-12,495,2022-07-12 01:02:56.432,-2.0445,-0.2771
normal,2022-07-12,498,2022-07-12 01:03:23.541,-2.3059,0.247
normal,2022-07-12,499,2022-07-12 01:03:31.348,-2.3274,1.5151
normal,2022-07-12,500,2022-07-12 01:03:38.002,-2.9386,0.2629
normal,2022-07-12,501,2022-07-12 01:03:45.260,-1.8839,0.686
normal,2022-07-12,502,2022-07-12 01:03:52.600,-2.3631,1.0851
normal,2022-07-12,505,2022-07-12 01:04:19.355,-2.2364,-0.1803
normal,2022-07-12,506,2022-07-12 01:04:26.309,-2.8935,0.117
normal,2022-07-12,507,2022-07-12 01:04:33.399,-2.2566,0.1026
normal,2022-07-12,508,2022-07-12 01:04:40.739,-2.4684,0.252
normal,2022-07-12,510,2022-07-12 01:04:59.756,-2.6749,0.5083
normal,2022-07-12,511,2022-07-12 01:05:06.344,-3.2242,0.5527
normal,2022-07-12,512,2022-07-12 01:05:13.640,-2.43,0.86
normal,2022-07-12,513,2022-07-12 01:05:21.120,-2.11,-0.4726
normal,2022-07-12,515,2022-07-12 01:05:46.704,-2.927,0.7362
normal,2022-07-12,516,2022-07-12 01:05:54.730,-3.8092,2.2879
normal,2022-07-12,517,2022-07-12 01:06:02.096,-2.2103,0.1671
normal,2022-07-12,518,2022-07-12 01:06:09.421,-2.2817,0.6797
normal,2022-07-12,520,2022-07-12 01:06:28.258,-1.6778,1.0731
normal,2022-07-12,521,2022-07-12 01:06:34.908,-3.5594,1.004
normal,2022-07-12,522,2022-07-12 01:06:42.033,-2.0741,-0.1867
normal,2022-07-12,523,2022-07-12 01:06:49.373,-1.7794,-0.9036
normal,2022-07-12,525,2022-07-12 01:07:09.319,-1.4161,0.9023
normal,2022-07-12,526,2022-07-12 01:07:16.004,-2.17,-0.1798
normal,2022-07-12,527,2022-07-12 01:07:22.667,-2.3217,0.3754
normal,2022-07-12,528,2022-07-12 01:07:30.060,-2.1118,0.4124
normal,2022-07-12,529,2022-07-12 01:07:37.455,-2.0349,0.5289
normal,2022-07-12,532,2022-07-12 01:07:56.116,-2.6035,-0.2662
normal,2022-07-12,533,2022-07-12 01:08:02.824,-3.0609,1.1683
normal,2022-07-12,534,2022-07-12 01:08:10.098,-0.7594,1.3287
normal,2022-07-12,535,2022-07-12 01:08:17.418,-1.7125,-0.2552
normal,2022-07-12,537,2022-07-12 01:08:36.204,-0.7065,0.5609
normal,2022-07-12,538,2022-07-12 01:08:43.101,-1.4266,-0.7663
normal,2022-07-12,539,2022-07-12 01:08:50.376,-1.8766,0.024
normal,2022-07-12,540,2022-07-12 01:08:57.809,-2.0119,-0.6257
normal,2022-07-12,543,2022-07-12 01:09:24.628,-2.3866,0.1745
normal,2022-07-12,544,2022-07-12 01:09:31.181,-1.6838,-0.0034
normal,2022-07-12,545,2022-07-12 01:09:38.574,-1.8217,0.7362
normal,2022-07-12,546,2022-07-12 01:09:45.935,-1.9234,-0.5999
normal,2022-07-12,549,2022-07-12 01:10:12.668,-2.0535,0.5553
normal,2022-07-12,550,2022-07-12 01:10:19.455,-0.9151,-0.7613
normal,2022-07-12,551,2022-07-12 01:10:27.547,-1.7217,1.4938
normal,2022-07-12,552,2022-07-12 01:10:35.472,-1.7691,0.4882
normal,2022-07-12,553,2022-07-12 01:10:42.742,-2.4198,0.1543
normal,2022-07-12,556,2022-07-12 01:11:02.037,-1.7642,0.0557
normal,2022-07-12,557,2022-07-12 01:11:08.848,-2.3,-0.5491
normal,2022-07-12,558,2022-07-12 01:11:15.904,-2.6888,0.7439
normal,2022-07-12,559,2022-07-12 01:11:23.327,-2.3375,0.0765
normal,2022-07-12,562,2022-07-12 01:11:49.290,-1.0795,-1.0274
normal,2022-07-12,563,2022-07-12 01:11:57.196,-1.1667,0.1103
normal,2022-07-12,564,2022-07-12 01:12:04.384,0.793,-0.9467
normal,2022-07-12,565,2022-07-12 01:12:11.747,1.7865,-0.7624
normal,2022-07-12,568,2022-07-12 01:12:30.885,1.5595,-1.0264
normal,2022-07-12,569,2022-07-12 01:12:37.555,-2.0068,0.0052
normal,2022-07-12,570,2022-07-12 01:12:44.512,0.2433,-0.4537
normal,2022-07-12,571,2022-07-12 01:12:52.568,-0.8929,-0.7445
normal,2022-07-12,572,2022-07-12 01:13:00.019,2.0288,-0.986
normal,2022-07-12,573,2022-07-12 01:13:07.457,-0.1339,-0.338
normal,2022-07-12,575,2022-07-12 01:13:26.240,0.4171,-0.4447
normal,2022-07-12,576,2022-07-12 01:13:34.340,2.6431,-0.2971
normal,2022-07-12,577,2022-07-12 01:13:40.856,0.4821,-0.2338
normal,2022-07-12,578,2022-07-12 01:13:48.079,-0.6316,0.6278
normal,2022-07-12,579,2022-07-12 01:13:56.030,-0.5233,0.6275
normal,2022-07-12,580,2022-07-12 01:14:03.569,-0.0801,-0.3572
normal,2022-07-12,582,2022-07-12 01:14:30.269,-0.4259,-0.1124
normal,2022-07-12,583,2022-07-12 01:14:36.752,-0.9363,-0.3562
normal,2022-07-12,584,2022-07-12 01:14:44.135,2.0702,-0.0372
normal,2022-07-12,585,2022-07-12 01:14:51.639,-0.5524,0.1327
normal,2022-07-12,587,2022-07-12 01:15:18.519,1.6809,-1.4006
normal,2022-07-12,588,2022-07-12 01:15:25.133,-0.0399,-0.335
normal,2022-07-12,589,2022-07-12 01:15:32.336,-1.3895,-1.174
normal,2022-07-12,590,2022-07-12 01:15:39.616,2.7536,0.0771
normal,2022-07-12,593,2022-07-12 01:16:05.744,-0.5602,-0.9588
normal,2022-07-12,594,2022-07-12 01:16:12.594,-1.7208,0.8889
normal,2022-07-12,595,2022-07-12 01:16:20.092,1.87,-1.6288
normal,2022-07-12,596,2022-07-12 01:16:27.477,-0.5352,-0.7778
normal,2022-07-12,598,2022-07-12 01:16:46.024,1.5148,0.3101
normal,2022-07-12,599,2022-07-12 01:16:52.728,-1.8366,1.138
anomaly,2022-07-17,2,2022-07-17 10:51:18.224,2.8038,4.7623
anomaly,2022-07-17,3,2022-07-17 10:51:24.915,3.7242,3.2202
anomaly,2022-07-17,4,2022-07-17 10:51:32.234,3.5723,3.1198
anomaly,2022-07-17,7,2022-07-17 10:51:58.184,3.1203,13.4168
anomaly,2022-07-17,8,2022-07-17 10:52:05.407,8.0986,12.2768
anomaly,2022-07-17,9,2022-07-17 10:52:12.767,0.9308,7.4825
anomaly,2022-07-17,12,2022-07-17 10:52:39.672,1.6397,2.5776
anomaly,2022-07-17,13,2022-07-17 10:52:46.755,6.9655,9.5768
anomaly,2022-07-17,14,2022-07-17 10:52:54.169,6.3433,9.0549
anomaly,2022-07-17,16,2022-07-17 10:53:13.264,1.9969,12.9099
anomaly,2022-07-17,17,2022-07-17 10:53:19.944,0.2908,-0.6619
anomaly,2022-07-17,18,2022-07-17 10:53:27.353,2.3092,5.4673
anomaly,2022-07-17,19,2022-07-17 10:53:34.839,4.9621,4.8367
