configuration,input_label,input_kind,window_samples,fold,threshold,precision,recall,f1,tn,fp,fn,tp,pr_auc
raw_single,단일시점,원변수 단일시점,1,1,0.5015570521354675,1.0,0.5,0.6666666666666666,91,0,1,1,1.0
raw_window_5,원데이터 0.5초,원데이터 window,5,1,0.8198305368423461,1.0,0.5,0.6666666666666666,91,0,1,1,1.0
raw_window_10,원데이터 1.0초,원데이터 window,10,1,0.8098120093345642,1.0,0.5,0.6666666666666666,91,0,1,1,1.0
raw_window_15,원데이터 1.5초,원데이터 window,15,1,0.4143779277801513,1.0,1.0,1.0,91,0,0,2,1.0
raw_window_20,원데이터 2.0초,원데이터 window,20,1,0.3862858414649963,1.0,1.0,1.0,91,0,0,2,1.0
derived_5,파생 0.5초,파생변수/파생채널,5,1,0.8368070721626281,1.0,1.0,1.0,91,0,0,2,1.0
derived_10,파생 1.0초,파생변수/파생채널,10,1,0.8299988508224487,1.0,1.0,1.0,91,0,0,2,1.0
derived_15,파생 1.5초,파생변수/파생채널,15,1,0.7199752330780029,1.0,1.0,1.0,91,0,0,2,1.0
derived_20,파생 2.0초,파생변수/파생채널,20,1,0.8314002752304077,1.0,1.0,1.0,91,0,0,2,1.0
raw_single,단일시점,원변수 단일시점,1,2,0.4001827836036682,0.6666666666666666,1.0,0.8,90,1,0,2,1.0
raw_window_5,원데이터 0.5초,원데이터 window,5,2,0.4927910864353179,1.0,1.0,1.0,91,0,0,2,1.0
raw_window_10,원데이터 1.0초,원데이터 window,10,2,0.6683079004287719,1.0,0.5,0.6666666666666666,91,0,1,1,1.0
raw_window_15,원데이터 1.5초,원데이터 window,15,2,0.6489579081535339,1.0,1.0,1.0,91,0,0,2,1.0
raw_window_20,원데이터 2.0초,원데이터 window,20,2,0.6963423490524292,1.0,0.5,0.6666666666666666,91,0,1,1,1.0
derived_5,파생 0.5초,파생변수/파생채널,5,2,0.5263429284095764,1.0,1.0,1.0,91,0,0,2,1.0
derived_10,파생 1.0초,파생변수/파생채널,10,2,0.5679004192352294,1.0,1.0,1.0,91,0,0,2,1.0
derived_15,파생 1.5초,파생변수/파생채널,15,2,0.8613502383232116,1.0,1.0,1.0,91,0,0,2,1.0
derived_20,파생 2.0초,파생변수/파생채널,20,2,0.6628011465072631,1.0,1.0,1.0,91,0,0,2,1.0
raw_single,단일시점,원변수 단일시점,1,3,0.5346530079841613,1.0,0.6666666666666666,0.8,90,0,1,2,1.0
raw_window_5,원데이터 0.5초,원데이터 window,5,3,0.5005943179130554,1.0,0.6666666666666666,0.8,90,0,1,2,1.0
raw_window_10,원데이터 1.0초,원데이터 window,10,3,0.352323830127716,1.0,1.0,1.0,90,0,0,3,1.0
raw_window_15,원데이터 1.5초,원데이터 window,15,3,0.2131486386060714,1.0,0.6666666666666666,0.8,90,0,1,2,1.0
raw_window_20,원데이터 2.0초,원데이터 window,20,3,0.1258273124694824,1.0,0.6666666666666666,0.8,90,0,1,2,1.0
derived_5,파생 0.5초,파생변수/파생채널,5,3,0.2844473421573638,1.0,0.6666666666666666,0.8,90,0,1,2,0.9166666666666665
derived_10,파생 1.0초,파생변수/파생채널,10,3,0.5734362602233886,1.0,0.6666666666666666,0.8,90,0,1,2,1.0
derived_15,파생 1.5초,파생변수/파생채널,15,3,0.6221278309822083,1.0,0.6666666666666666,0.8,90,0,1,2,0.8666666666666667
derived_20,파생 2.0초,파생변수/파생채널,20,3,0.5421127080917358,1.0,0.6666666666666666,0.8,90,0,1,2,0.6875
raw_single,단일시점,원변수 단일시점,1,4,0.4133418202400207,1.0,0.3333333333333333,0.5,90,0,2,1,0.6984126984126984
raw_window_5,원데이터 0.5초,원데이터 window,5,4,0.2879309058189392,1.0,1.0,1.0,90,0,0,3,1.0
raw_window_10,원데이터 1.0초,원데이터 window,10,4,0.7296719551086425,1.0,0.6666666666666666,0.8,90,0,1,2,1.0
raw_window_15,원데이터 1.5초,원데이터 window,15,4,0.3111055493354797,1.0,1.0,1.0,90,0,0,3,1.0
raw_window_20,원데이터 2.0초,원데이터 window,20,4,0.465837150812149,1.0,0.3333333333333333,0.5,90,0,2,1,1.0
derived_5,파생 0.5초,파생변수/파생채널,5,4,0.1236837655305862,1.0,0.6666666666666666,0.8,90,0,1,2,0.8666666666666667
derived_10,파생 1.0초,파생변수/파생채널,10,4,0.3795452415943145,1.0,0.3333333333333333,0.5,90,0,2,1,0.9166666666666665
derived_15,파생 1.5초,파생변수/파생채널,15,4,0.0167293865233659,0.75,1.0,0.8571428571428571,89,1,0,3,0.9166666666666665
derived_20,파생 2.0초,파생변수/파생채널,20,4,0.8335933685302734,1.0,0.3333333333333333,0.5,90,0,2,1,1.0
raw_single,단일시점,원변수 단일시점,1,5,0.2902878820896148,1.0,1.0,1.0,90,0,0,3,1.0
raw_window_5,원데이터 0.5초,원데이터 window,5,5,0.4047041833400726,1.0,1.0,1.0,90,0,0,3,1.0
raw_window_10,원데이터 1.0초,원데이터 window,10,5,0.6343713402748107,1.0,1.0,1.0,90,0,0,3,1.0
raw_window_15,원데이터 1.5초,원데이터 window,15,5,0.7637209892272949,1.0,0.6666666666666666,0.8,90,0,1,2,1.0
raw_window_20,원데이터 2.0초,원데이터 window,20,5,0.6506841778755188,1.0,0.6666666666666666,0.8,90,0,1,2,1.0
derived_5,파생 0.5초,파생변수/파생채널,5,5,0.9884279370307922,0.0,0.0,0.0,90,0,3,0,1.0
derived_10,파생 1.0초,파생변수/파생채널,10,5,0.2418853640556335,1.0,1.0,1.0,90,0,0,3,1.0
derived_15,파생 1.5초,파생변수/파생채널,15,5,0.0633667260408401,1.0,1.0,1.0,90,0,0,3,1.0
derived_20,파생 2.0초,파생변수/파생채널,20,5,0.9966744184494019,1.0,0.6666666666666666,0.8,90,0,1,2,1.0
