group,label,baseline_score,baseline_pred,independent_run_pred,independent_or_pred,markov_run_pred,markov_or_pred,markov_first_alarm_window,upper_run_pred,upper_or_pred,fold,baseline_threshold,warning_threshold,independent_k,markov_k,upper_k
normal_1,0,0.97919255,0,0,0,0,0,,0,0,1,11.706974983215332,2.061180353164673,3,8,18
normal_3,0,0.23975523,0,0,0,0,0,,0,0,1,11.706974983215332,2.061180353164673,3,8,18
normal_8,0,1.2620876,0,0,0,0,0,,0,0,1,11.706974983215332,2.061180353164673,3,8,18
normal_51,0,1.0174295,0,0,0,0,0,,0,0,1,11.706974983215332,2.061180353164673,3,8,18
normal_56,0,0.83230263,0,0,0,0,0,,0,0,1,11.706974983215332,2.061180353164673,3,8,18
normal_58,0,0.42572477,0,0,0,0,0,,0,0,1,11.706974983215332,2.061180353164673,3,8,18
normal_62,0,0.24647863,0,0,0,0,0,,0,0,1,11.706974983215332,2.061180353164673,3,8,18
normal_71,0,0.4891409,0,0,0,0,0,,0,0,1,11.706974983215332,2.061180353164673,3,8,18
normal_77,0,1.2426327,0,0,0,0,0,,0,0,1,11.706974983215332,2.061180353164673,3,8,18
normal_79,0,0.45489192,0,0,0,0,0,,0,0,1,11.706974983215332,2.061180353164673,3,8,18
normal_86,0,0.54331493,0,0,0,0,0,,0,0,1,11.706974983215332,2.061180353164673,3,8,18
normal_87,0,0.3753083,0,0,0,0,0,,0,0,1,11.706974983215332,2.061180353164673,3,8,18
normal_95,0,1.1430755,0,0,0,0,0,,0,0,1,11.706974983215332,2.061180353164673,3,8,18
normal_99,0,0.42364073,0,0,0,0,0,,0,0,1,11.706974983215332,2.061180353164673,3,8,18
normal_102,0,1.3685671,0,0,0,0,0,,0,0,1,11.706974983215332,2.061180353164673,3,8,18
normal_103,0,0.52337885,0,0,0,0,0,,0,0,1,11.706974983215332,2.061180353164673,3,8,18
normal_115,0,0.9519003,0,0,0,0,0,,0,0,1,11.706974983215332,2.061180353164673,3,8,18
normal_130,0,0.4100347,0,0,0,0,0,,0,0,1,11.706974983215332,2.061180353164673,3,8,18
normal_147,0,0.30730328,0,0,0,0,0,,0,0,1,11.706974983215332,2.061180353164673,3,8,18
normal_160,0,0.25701144,0,0,0,0,0,,0,0,1,11.706974983215332,2.061180353164673,3,8,18
normal_167,0,0.79542446,0,0,0,0,0,,0,0,1,11.706974983215332,2.061180353164673,3,8,18
normal_173,0,1.103,0,0,0,0,0,,0,0,1,11.706974983215332,2.061180353164673,3,8,18
normal_177,0,0.973582,0,0,0,0,0,,0,0,1,11.706974983215332,2.061180353164673,3,8,18
normal_178,0,0.4947648,0,0,0,0,0,,0,0,1,11.706974983215332,2.061180353164673,3,8,18
normal_183,0,0.40955308,0,0,0,0,0,,0,0,1,11.706974983215332,2.061180353164673,3,8,18
normal_185,0,0.24673073,0,0,0,0,0,,0,0,1,11.706974983215332,2.061180353164673,3,8,18
normal_188,0,0.33768785,0,0,0,0,0,,0,0,1,11.706974983215332,2.061180353164673,3,8,18
normal_190,0,0.9344982,0,0,0,0,0,,0,0,1,11.706974983215332,2.061180353164673,3,8,18
normal_206,0,0.38149837,0,0,0,0,0,,0,0,1,11.706974983215332,2.061180353164673,3,8,18
normal_207,0,0.42783952,0,0,0,0,0,,0,0,1,11.706974983215332,2.061180353164673,3,8,18
normal_212,0,0.84932977,0,0,0,0,0,,0,0,1,11.706974983215332,2.061180353164673,3,8,18
normal_223,0,0.68819094,0,0,0,0,0,,0,0,1,11.706974983215332,2.061180353164673,3,8,18
normal_224,0,0.3996502,0,0,0,0,0,,0,0,1,11.706974983215332,2.061180353164673,3,8,18
normal_225,0,1.0653315,0,0,0,0,0,,0,0,1,11.706974983215332,2.061180353164673,3,8,18
normal_229,0,1.3776659,0,0,0,0,0,,0,0,1,11.706974983215332,2.061180353164673,3,8,18
normal_237,0,0.42510173,0,0,0,0,0,,0,0,1,11.706974983215332,2.061180353164673,3,8,18
normal_243,0,0.9543295,0,0,0,0,0,,0,0,1,11.706974983215332,2.061180353164673,3,8,18
normal_246,0,0.28322628,0,0,0,0,0,,0,0,1,11.706974983215332,2.061180353164673,3,8,18
normal_258,0,0.30465117,0,0,0,0,0,,0,0,1,11.706974983215332,2.061180353164673,3,8,18
normal_260,0,1.5816847,0,0,0,0,0,,0,0,1,11.706974983215332,2.061180353164673,3,8,18
normal_265,0,1.2975384,0,0,0,0,0,,0,0,1,11.706974983215332,2.061180353164673,3,8,18
normal_266,0,0.7351773,0,0,0,0,0,,0,0,1,11.706974983215332,2.061180353164673,3,8,18
normal_268,0,1.127555,0,0,0,0,0,,0,0,1,11.706974983215332,2.061180353164673,3,8,18
normal_288,0,0.38661513,0,0,0,0,0,,0,0,1,11.706974983215332,2.061180353164673,3,8,18
normal_294,0,0.68141294,0,0,0,0,0,,0,0,1,11.706974983215332,2.061180353164673,3,8,18
normal_299,0,1.0114738,0,0,0,0,0,,0,0,1,11.706974983215332,2.061180353164673,3,8,18
normal_304,0,2.0171134,0,0,0,0,0,,0,0,1,11.706974983215332,2.061180353164673,3,8,18
normal_305,0,0.34578952,0,0,0,0,0,,0,0,1,11.706974983215332,2.061180353164673,3,8,18
normal_310,0,0.523453,0,0,0,0,0,,0,0,1,11.706974983215332,2.061180353164673,3,8,18
normal_311,0,1.6103538,0,0,0,0,0,,0,0,1,11.706974983215332,2.061180353164673,3,8,18
normal_349,0,1.7017378,0,0,0,0,0,,0,0,1,11.706974983215332,2.061180353164673,3,8,18
normal_356,0,0.58283454,0,0,0,0,0,,0,0,1,11.706974983215332,2.061180353164673,3,8,18
normal_363,0,0.9388711,0,0,0,0,0,,0,0,1,11.706974983215332,2.061180353164673,3,8,18
normal_367,0,1.2665629,0,0,0,0,0,,0,0,1,11.706974983215332,2.061180353164673,3,8,18
normal_387,0,2.0422697,0,0,0,0,0,,0,0,1,11.706974983215332,2.061180353164673,3,8,18
normal_390,0,1.2965767,0,0,0,0,0,,0,0,1,11.706974983215332,2.061180353164673,3,8,18
normal_392,0,0.24787012,0,0,0,0,0,,0,0,1,11.706974983215332,2.061180353164673,3,8,18
normal_397,0,0.67263746,0,0,0,0,0,,0,0,1,11.706974983215332,2.061180353164673,3,8,18
normal_398,0,1.5960602,0,0,0,0,0,,0,0,1,11.706974983215332,2.061180353164673,3,8,18
normal_403,0,0.312469,0,0,0,0,0,,0,0,1,11.706974983215332,2.061180353164673,3,8,18
normal_404,0,1.8701708,0,0,0,0,0,,0,0,1,11.706974983215332,2.061180353164673,3,8,18
normal_406,0,1.5046691,0,0,0,0,0,,0,0,1,11.706974983215332,2.061180353164673,3,8,18
normal_408,0,0.34896153,0,0,0,0,0,,0,0,1,11.706974983215332,2.061180353164673,3,8,18
normal_411,0,1.174664,0,0,0,0,0,,0,0,1,11.706974983215332,2.061180353164673,3,8,18
normal_421,0,1.3600298,0,0,0,0,0,,0,0,1,11.706974983215332,2.061180353164673,3,8,18
normal_426,0,1.7494575,0,0,0,0,0,,0,0,1,11.706974983215332,2.061180353164673,3,8,18
normal_428,0,1.427106,0,0,0,0,0,,0,0,1,11.706974983215332,2.061180353164673,3,8,18
normal_430,0,0.44684476,0,0,0,0,0,,0,0,1,11.706974983215332,2.061180353164673,3,8,18
normal_451,0,1.6191043,0,0,0,0,0,,0,0,1,11.706974983215332,2.061180353164673,3,8,18
normal_453,0,1.1858615,0,0,0,0,0,,0,0,1,11.706974983215332,2.061180353164673,3,8,18
normal_463,0,0.44016236,0,0,0,0,0,,0,0,1,11.706974983215332,2.061180353164673,3,8,18
normal_469,0,0.6783801,0,0,0,0,0,,0,0,1,11.706974983215332,2.061180353164673,3,8,18
normal_473,0,0.2274971,0,0,0,0,0,,0,0,1,11.706974983215332,2.061180353164673,3,8,18
normal_475,0,0.24251477,0,0,0,0,0,,0,0,1,11.706974983215332,2.061180353164673,3,8,18
normal_485,0,0.16580112,0,0,0,0,0,,0,0,1,11.706974983215332,2.061180353164673,3,8,18
normal_488,0,0.27677298,0,0,0,0,0,,0,0,1,11.706974983215332,2.061180353164673,3,8,18
normal_508,0,0.27347156,0,0,0,0,0,,0,0,1,11.706974983215332,2.061180353164673,3,8,18
normal_511,0,0.2618002,0,0,0,0,0,,0,0,1,11.706974983215332,2.061180353164673,3,8,18
normal_526,0,0.2029215,0,0,0,0,0,,0,0,1,11.706974983215332,2.061180353164673,3,8,18
normal_529,0,0.24725652,0,0,0,0,0,,0,0,1,11.706974983215332,2.061180353164673,3,8,18
normal_545,0,0.20806234,0,0,0,0,0,,0,0,1,11.706974983215332,2.061180353164673,3,8,18
normal_549,0,0.19462943,0,0,0,0,0,,0,0,1,11.706974983215332,2.061180353164673,3,8,18
normal_550,0,0.24497277,0,0,0,0,0,,0,0,1,11.706974983215332,2.061180353164673,3,8,18
normal_551,0,0.20739026,0,0,0,0,0,,0,0,1,11.706974983215332,2.061180353164673,3,8,18
normal_556,0,0.19476934,0,0,0,0,0,,0,0,1,11.706974983215332,2.061180353164673,3,8,18
normal_564,0,0.718708,0,0,0,0,0,,0,0,1,11.706974983215332,2.061180353164673,3,8,18
normal_569,0,0.27085745,0,0,0,0,0,,0,0,1,11.706974983215332,2.061180353164673,3,8,18
normal_577,0,0.6896679,0,0,0,0,0,,0,0,1,11.706974983215332,2.061180353164673,3,8,18
normal_580,0,0.3983591,0,0,0,0,0,,0,0,1,11.706974983215332,2.061180353164673,3,8,18
normal_583,0,0.44908366,0,0,0,0,0,,0,0,1,11.706974983215332,2.061180353164673,3,8,18
normal_596,0,0.4343812,0,0,0,0,0,,0,0,1,11.706974983215332,2.061180353164673,3,8,18
anomaly_12,1,12.831036,1,0,1,0,1,,0,1,1,11.706974983215332,2.061180353164673,3,8,18
anomaly_14,1,115.27295,1,0,1,0,1,,0,1,1,11.706974983215332,2.061180353164673,3,8,18
normal_5,0,0.25758728,0,0,0,0,0,,0,0,2,21.014223098754883,2.067941904067993,3,20,146
normal_6,0,0.91321903,0,0,0,0,0,,0,0,2,21.014223098754883,2.067941904067993,3,20,146
normal_9,0,0.6880014,0,0,0,0,0,,0,0,2,21.014223098754883,2.067941904067993,3,20,146
normal_11,0,0.94710475,0,0,0,0,0,,0,0,2,21.014223098754883,2.067941904067993,3,20,146
normal_13,0,0.97610223,0,0,0,0,0,,0,0,2,21.014223098754883,2.067941904067993,3,20,146
normal_20,0,0.58848244,0,0,0,0,0,,0,0,2,21.014223098754883,2.067941904067993,3,20,146
normal_21,0,0.46270144,0,0,0,0,0,,0,0,2,21.014223098754883,2.067941904067993,3,20,146
normal_26,0,0.35086095,0,0,0,0,0,,0,0,2,21.014223098754883,2.067941904067993,3,20,146
normal_29,0,0.3349819,0,0,0,0,0,,0,0,2,21.014223098754883,2.067941904067993,3,20,146
normal_42,0,0.36722878,0,0,0,0,0,,0,0,2,21.014223098754883,2.067941904067993,3,20,146
normal_43,0,0.47082588,0,0,0,0,0,,0,0,2,21.014223098754883,2.067941904067993,3,20,146
normal_44,0,1.1521116,0,0,0,0,0,,0,0,2,21.014223098754883,2.067941904067993,3,20,146
normal_53,0,1.312545,0,0,0,0,0,,0,0,2,21.014223098754883,2.067941904067993,3,20,146
normal_57,0,0.34048644,0,0,0,0,0,,0,0,2,21.014223098754883,2.067941904067993,3,20,146
normal_75,0,1.330733,0,0,0,0,0,,0,0,2,21.014223098754883,2.067941904067993,3,20,146
normal_90,0,1.6159148,0,0,0,0,0,,0,0,2,21.014223098754883,2.067941904067993,3,20,146
normal_101,0,0.5282784,0,0,0,0,0,,0,0,2,21.014223098754883,2.067941904067993,3,20,146
normal_108,0,0.60035807,0,0,0,0,0,,0,0,2,21.014223098754883,2.067941904067993,3,20,146
normal_114,0,1.2589004,0,0,0,0,0,,0,0,2,21.014223098754883,2.067941904067993,3,20,146
normal_122,0,0.534732,0,0,0,0,0,,0,0,2,21.014223098754883,2.067941904067993,3,20,146
normal_126,0,1.72153,0,0,0,0,0,,0,0,2,21.014223098754883,2.067941904067993,3,20,146
normal_128,0,0.9243438,0,0,0,0,0,,0,0,2,21.014223098754883,2.067941904067993,3,20,146
normal_146,0,1.2291805,0,0,0,0,0,,0,0,2,21.014223098754883,2.067941904067993,3,20,146
normal_148,0,1.2106427,0,0,0,0,0,,0,0,2,21.014223098754883,2.067941904067993,3,20,146
normal_149,0,0.26611108,0,0,0,0,0,,0,0,2,21.014223098754883,2.067941904067993,3,20,146
normal_159,0,0.6750017,0,0,0,0,0,,0,0,2,21.014223098754883,2.067941904067993,3,20,146
normal_161,0,1.5129178,0,0,0,0,0,,0,0,2,21.014223098754883,2.067941904067993,3,20,146
normal_166,0,1.0950419,0,0,0,0,0,,0,0,2,21.014223098754883,2.067941904067993,3,20,146
normal_179,0,2.6925051,0,1,1,0,0,,0,0,2,21.014223098754883,2.067941904067993,3,20,146
normal_182,0,1.4892817,0,0,0,0,0,,0,0,2,21.014223098754883,2.067941904067993,3,20,146
normal_186,0,0.5500797,0,0,0,0,0,,0,0,2,21.014223098754883,2.067941904067993,3,20,146
normal_191,0,0.3794342,0,0,0,0,0,,0,0,2,21.014223098754883,2.067941904067993,3,20,146
normal_200,0,0.87791604,0,0,0,0,0,,0,0,2,21.014223098754883,2.067941904067993,3,20,146
normal_205,0,1.704595,0,0,0,0,0,,0,0,2,21.014223098754883,2.067941904067993,3,20,146
normal_210,0,1.1289263,0,0,0,0,0,,0,0,2,21.014223098754883,2.067941904067993,3,20,146
normal_211,0,0.32233354,0,0,0,0,0,,0,0,2,21.014223098754883,2.067941904067993,3,20,146
normal_214,0,0.3620317,0,0,0,0,0,,0,0,2,21.014223098754883,2.067941904067993,3,20,146
normal_217,0,1.3257095,0,0,0,0,0,,0,0,2,21.014223098754883,2.067941904067993,3,20,146
normal_231,0,0.38987318,0,0,0,0,0,,0,0,2,21.014223098754883,2.067941904067993,3,20,146
normal_235,0,0.4802784,0,0,0,0,0,,0,0,2,21.014223098754883,2.067941904067993,3,20,146
normal_236,0,1.4085385,0,0,0,0,0,,0,0,2,21.014223098754883,2.067941904067993,3,20,146
normal_247,0,0.80581856,0,0,0,0,0,,0,0,2,21.014223098754883,2.067941904067993,3,20,146
normal_249,0,1.2319148,0,0,0,0,0,,0,0,2,21.014223098754883,2.067941904067993,3,20,146
normal_250,0,0.7173886,0,0,0,0,0,,0,0,2,21.014223098754883,2.067941904067993,3,20,146
normal_254,0,1.0254567,0,0,0,0,0,,0,0,2,21.014223098754883,2.067941904067993,3,20,146
normal_255,0,1.1196942,0,0,0,0,0,,0,0,2,21.014223098754883,2.067941904067993,3,20,146
normal_277,0,2.3358595,0,0,0,0,0,,0,0,2,21.014223098754883,2.067941904067993,3,20,146
normal_282,0,0.2639517,0,0,0,0,0,,0,0,2,21.014223098754883,2.067941904067993,3,20,146
normal_289,0,0.29237002,0,0,0,0,0,,0,0,2,21.014223098754883,2.067941904067993,3,20,146
normal_290,0,1.5809766,0,0,0,0,0,,0,0,2,21.014223098754883,2.067941904067993,3,20,146
normal_301,0,1.2804743,0,0,0,0,0,,0,0,2,21.014223098754883,2.067941904067993,3,20,146
normal_308,0,0.7034848,0,0,0,0,0,,0,0,2,21.014223098754883,2.067941904067993,3,20,146
normal_317,0,1.0773605,0,0,0,0,0,,0,0,2,21.014223098754883,2.067941904067993,3,20,146
normal_323,0,1.5982685,0,0,0,0,0,,0,0,2,21.014223098754883,2.067941904067993,3,20,146
normal_325,0,0.49068752,0,0,0,0,0,,0,0,2,21.014223098754883,2.067941904067993,3,20,146
normal_332,0,1.4875429,0,0,0,0,0,,0,0,2,21.014223098754883,2.067941904067993,3,20,146
normal_355,0,1.6913389,0,0,0,0,0,,0,0,2,21.014223098754883,2.067941904067993,3,20,146
normal_358,0,1.5122852,0,0,0,0,0,,0,0,2,21.014223098754883,2.067941904067993,3,20,146
normal_366,0,0.40464565,0,0,0,0,0,,0,0,2,21.014223098754883,2.067941904067993,3,20,146
normal_376,0,1.1676958,0,0,0,0,0,,0,0,2,21.014223098754883,2.067941904067993,3,20,146
normal_386,0,0.38004273,0,0,0,0,0,,0,0,2,21.014223098754883,2.067941904067993,3,20,146
normal_393,0,0.7866528,0,0,0,0,0,,0,0,2,21.014223098754883,2.067941904067993,3,20,146
normal_409,0,1.2615043,0,0,0,0,0,,0,0,2,21.014223098754883,2.067941904067993,3,20,146
normal_419,0,0.28250858,0,0,0,0,0,,0,0,2,21.014223098754883,2.067941904067993,3,20,146
normal_420,0,1.6488698,0,0,0,0,0,,0,0,2,21.014223098754883,2.067941904067993,3,20,146
normal_434,0,0.32605466,0,0,0,0,0,,0,0,2,21.014223098754883,2.067941904067993,3,20,146
normal_440,0,0.38620687,0,0,0,0,0,,0,0,2,21.014223098754883,2.067941904067993,3,20,146
normal_444,0,0.4403262,0,0,0,0,0,,0,0,2,21.014223098754883,2.067941904067993,3,20,146
normal_452,0,0.3175858,0,0,0,0,0,,0,0,2,21.014223098754883,2.067941904067993,3,20,146
normal_455,0,0.52550095,0,0,0,0,0,,0,0,2,21.014223098754883,2.067941904067993,3,20,146
normal_456,0,1.9358182,0,0,0,0,0,,0,0,2,21.014223098754883,2.067941904067993,3,20,146
normal_462,0,0.34979638,0,0,0,0,0,,0,0,2,21.014223098754883,2.067941904067993,3,20,146
normal_471,0,0.57038254,0,0,0,0,0,,0,0,2,21.014223098754883,2.067941904067993,3,20,146
normal_490,0,0.17847207,0,0,0,0,0,,0,0,2,21.014223098754883,2.067941904067993,3,20,146
normal_492,0,0.2951378,0,0,0,0,0,,0,0,2,21.014223098754883,2.067941904067993,3,20,146
normal_499,0,0.20413737,0,0,0,0,0,,0,0,2,21.014223098754883,2.067941904067993,3,20,146
normal_516,0,0.24453683,0,0,0,0,0,,0,0,2,21.014223098754883,2.067941904067993,3,20,146
normal_517,0,0.20361885,0,0,0,0,0,,0,0,2,21.014223098754883,2.067941904067993,3,20,146
normal_518,0,0.17666776,0,0,0,0,0,,0,0,2,21.014223098754883,2.067941904067993,3,20,146
normal_539,0,0.21531087,0,0,0,0,0,,0,0,2,21.014223098754883,2.067941904067993,3,20,146
normal_552,0,0.23540962,0,0,0,0,0,,0,0,2,21.014223098754883,2.067941904067993,3,20,146
normal_557,0,0.22503565,0,0,0,0,0,,0,0,2,21.014223098754883,2.067941904067993,3,20,146
normal_559,0,0.23382857,0,0,0,0,0,,0,0,2,21.014223098754883,2.067941904067993,3,20,146
normal_562,0,0.3637654,0,0,0,0,0,,0,0,2,21.014223098754883,2.067941904067993,3,20,146
normal_568,0,1.2003281,0,0,0,0,0,,0,0,2,21.014223098754883,2.067941904067993,3,20,146
normal_576,0,1.7093168,0,0,0,0,0,,0,0,2,21.014223098754883,2.067941904067993,3,20,146
normal_588,0,0.7954665,0,0,0,0,0,,0,0,2,21.014223098754883,2.067941904067993,3,20,146
normal_590,0,1.3986187,0,0,0,0,0,,0,0,2,21.014223098754883,2.067941904067993,3,20,146
normal_593,0,0.80378085,0,0,0,0,0,,0,0,2,21.014223098754883,2.067941904067993,3,20,146
normal_594,0,0.6213551,0,0,0,0,0,,0,0,2,21.014223098754883,2.067941904067993,3,20,146
normal_595,0,1.383297,0,0,0,0,0,,0,0,2,21.014223098754883,2.067941904067993,3,20,146
anomaly_7,1,54.100704,1,1,1,0,1,,0,1,2,21.014223098754883,2.067941904067993,3,20,146
anomaly_9,1,15.381326,0,0,0,0,0,,0,0,2,21.014223098754883,2.067941904067993,3,20,146
normal_18,0,0.29063275,0,0,0,0,0,,0,0,3,5.26069450378418,1.90915048122406,3,10,36
normal_19,0,0.5856896,0,0,0,0,0,,0,0,3,5.26069450378418,1.90915048122406,3,10,36
normal_24,0,0.35982475,0,0,0,0,0,,0,0,3,5.26069450378418,1.90915048122406,3,10,36
normal_25,0,1.1369421,0,0,0,0,0,,0,0,3,5.26069450378418,1.90915048122406,3,10,36
normal_30,0,0.5925201,0,0,0,0,0,,0,0,3,5.26069450378418,1.90915048122406,3,10,36
normal_36,0,0.24680944,0,0,0,0,0,,0,0,3,5.26069450378418,1.90915048122406,3,10,36
normal_45,0,0.6859972,0,0,0,0,0,,0,0,3,5.26069450378418,1.90915048122406,3,10,36
normal_48,0,0.9417743,0,0,0,0,0,,0,0,3,5.26069450378418,1.90915048122406,3,10,36
normal_54,0,1.0803447,0,0,0,0,0,,0,0,3,5.26069450378418,1.90915048122406,3,10,36
normal_55,0,0.23072068,0,0,0,0,0,,0,0,3,5.26069450378418,1.90915048122406,3,10,36
normal_63,0,1.3955089,0,0,0,0,0,,0,0,3,5.26069450378418,1.90915048122406,3,10,36
normal_68,0,1.1669737,0,0,0,0,0,,0,0,3,5.26069450378418,1.90915048122406,3,10,36
normal_80,0,1.4911398,0,0,0,0,0,,0,0,3,5.26069450378418,1.90915048122406,3,10,36
normal_85,0,1.1378235,0,0,0,0,0,,0,0,3,5.26069450378418,1.90915048122406,3,10,36
normal_88,0,1.4087805,0,0,0,0,0,,0,0,3,5.26069450378418,1.90915048122406,3,10,36
normal_93,0,1.2586141,0,0,0,0,0,,0,0,3,5.26069450378418,1.90915048122406,3,10,36
normal_96,0,0.8756613,0,0,0,0,0,,0,0,3,5.26069450378418,1.90915048122406,3,10,36
normal_110,0,0.6297161,0,0,0,0,0,,0,0,3,5.26069450378418,1.90915048122406,3,10,36
normal_120,0,0.99136925,0,0,0,0,0,,0,0,3,5.26069450378418,1.90915048122406,3,10,36
normal_121,0,0.3126984,0,0,0,0,0,,0,0,3,5.26069450378418,1.90915048122406,3,10,36
normal_123,0,2.2355502,0,0,0,0,0,,0,0,3,5.26069450378418,1.90915048122406,3,10,36
normal_153,0,0.3619014,0,0,0,0,0,,0,0,3,5.26069450378418,1.90915048122406,3,10,36
normal_154,0,0.47812757,0,0,0,0,0,,0,0,3,5.26069450378418,1.90915048122406,3,10,36
normal_172,0,0.9361892,0,0,0,0,0,,0,0,3,5.26069450378418,1.90915048122406,3,10,36
normal_189,0,1.6243902,0,0,0,0,0,,0,0,3,5.26069450378418,1.90915048122406,3,10,36
normal_195,0,0.6857426,0,0,0,0,0,,0,0,3,5.26069450378418,1.90915048122406,3,10,36
normal_204,0,0.58563936,0,0,0,0,0,,0,0,3,5.26069450378418,1.90915048122406,3,10,36
normal_219,0,0.34331036,0,0,0,0,0,,0,0,3,5.26069450378418,1.90915048122406,3,10,36
normal_228,0,1.4134775,0,0,0,0,0,,0,0,3,5.26069450378418,1.90915048122406,3,10,36
normal_248,0,0.50568384,0,0,0,0,0,,0,0,3,5.26069450378418,1.90915048122406,3,10,36
normal_267,0,0.38408998,0,0,0,0,0,,0,0,3,5.26069450378418,1.90915048122406,3,10,36
normal_271,0,1.3411016,0,0,0,0,0,,0,0,3,5.26069450378418,1.90915048122406,3,10,36
normal_281,0,1.671513,0,0,0,0,0,,0,0,3,5.26069450378418,1.90915048122406,3,10,36
normal_283,0,0.3699236,0,0,0,0,0,,0,0,3,5.26069450378418,1.90915048122406,3,10,36
normal_287,0,1.6176144,0,0,0,0,0,,0,0,3,5.26069450378418,1.90915048122406,3,10,36
normal_293,0,1.4645914,0,0,0,0,0,,0,0,3,5.26069450378418,1.90915048122406,3,10,36
normal_296,0,1.3064831,0,0,0,0,0,,0,0,3,5.26069450378418,1.90915048122406,3,10,36
normal_297,0,0.4470626,0,0,0,0,0,,0,0,3,5.26069450378418,1.90915048122406,3,10,36
normal_306,0,0.43787536,0,0,0,0,0,,0,0,3,5.26069450378418,1.90915048122406,3,10,36
normal_312,0,0.54219115,0,0,0,0,0,,0,0,3,5.26069450378418,1.90915048122406,3,10,36
normal_316,0,0.370679,0,0,0,0,0,,0,0,3,5.26069450378418,1.90915048122406,3,10,36
normal_319,0,0.27276307,0,0,0,0,0,,0,0,3,5.26069450378418,1.90915048122406,3,10,36
normal_330,0,0.83128405,0,0,0,0,0,,0,0,3,5.26069450378418,1.90915048122406,3,10,36
normal_335,0,1.4273672,0,0,0,0,0,,0,0,3,5.26069450378418,1.90915048122406,3,10,36
normal_336,0,0.40134075,0,0,0,0,0,,0,0,3,5.26069450378418,1.90915048122406,3,10,36
normal_342,0,0.35185245,0,0,0,0,0,,0,0,3,5.26069450378418,1.90915048122406,3,10,36
normal_345,0,0.27721313,0,0,0,0,0,,0,0,3,5.26069450378418,1.90915048122406,3,10,36
normal_348,0,0.4681467,0,0,0,0,0,,0,0,3,5.26069450378418,1.90915048122406,3,10,36
normal_350,0,0.3310607,0,0,0,0,0,,0,0,3,5.26069450378418,1.90915048122406,3,10,36
normal_357,0,0.20877951,0,0,0,0,0,,0,0,3,5.26069450378418,1.90915048122406,3,10,36
normal_362,0,1.4836136,0,0,0,0,0,,0,0,3,5.26069450378418,1.90915048122406,3,10,36
normal_368,0,1.0988432,0,0,0,0,0,,0,0,3,5.26069450378418,1.90915048122406,3,10,36
normal_369,0,0.5671628,0,0,0,0,0,,0,0,3,5.26069450378418,1.90915048122406,3,10,36
normal_373,0,1.1408815,0,0,0,0,0,,0,0,3,5.26069450378418,1.90915048122406,3,10,36
normal_378,0,0.35051838,0,0,0,0,0,,0,0,3,5.26069450378418,1.90915048122406,3,10,36
normal_381,0,0.85815185,0,0,0,0,0,,0,0,3,5.26069450378418,1.90915048122406,3,10,36
normal_385,0,0.50536567,0,0,0,0,0,,0,0,3,5.26069450378418,1.90915048122406,3,10,36
normal_391,0,1.0720057,0,0,0,0,0,,0,0,3,5.26069450378418,1.90915048122406,3,10,36
normal_401,0,1.428208,0,0,0,0,0,,0,0,3,5.26069450378418,1.90915048122406,3,10,36
normal_412,0,1.2035342,0,0,0,0,0,,0,0,3,5.26069450378418,1.90915048122406,3,10,36
normal_414,0,1.3638667,0,0,0,0,0,,0,0,3,5.26069450378418,1.90915048122406,3,10,36
normal_418,0,0.6349994,0,0,0,0,0,,0,0,3,5.26069450378418,1.90915048122406,3,10,36
normal_424,0,0.4826524,0,0,0,0,0,,0,0,3,5.26069450378418,1.90915048122406,3,10,36
normal_429,0,0.81294304,0,0,0,0,0,,0,0,3,5.26069450378418,1.90915048122406,3,10,36
normal_435,0,0.59125865,0,0,0,0,0,,0,0,3,5.26069450378418,1.90915048122406,3,10,36
normal_436,0,1.6754459,0,0,0,0,0,,0,0,3,5.26069450378418,1.90915048122406,3,10,36
normal_437,0,0.50139713,0,0,0,0,0,,0,0,3,5.26069450378418,1.90915048122406,3,10,36
normal_439,0,0.7675615,0,0,0,0,0,,0,0,3,5.26069450378418,1.90915048122406,3,10,36
normal_450,0,0.935414,0,0,0,0,0,,0,0,3,5.26069450378418,1.90915048122406,3,10,36
normal_458,0,0.5652805,0,0,0,0,0,,0,0,3,5.26069450378418,1.90915048122406,3,10,36
normal_465,0,0.45665944,0,0,0,0,0,,0,0,3,5.26069450378418,1.90915048122406,3,10,36
normal_468,0,1.6732582,0,0,0,0,0,,0,0,3,5.26069450378418,1.90915048122406,3,10,36
normal_474,0,0.22365028,0,0,0,0,0,,0,0,3,5.26069450378418,1.90915048122406,3,10,36
normal_476,0,0.19611049,0,0,0,0,0,,0,0,3,5.26069450378418,1.90915048122406,3,10,36
normal_478,0,0.25102875,0,0,0,0,0,,0,0,3,5.26069450378418,1.90915048122406,3,10,36
normal_494,0,0.21825929,0,0,0,0,0,,0,0,3,5.26069450378418,1.90915048122406,3,10,36
normal_510,0,0.21858549,0,0,0,0,0,,0,0,3,5.26069450378418,1.90915048122406,3,10,36
normal_512,0,0.20471528,0,0,0,0,0,,0,0,3,5.26069450378418,1.90915048122406,3,10,36
normal_515,0,0.19230832,0,0,0,0,0,,0,0,3,5.26069450378418,1.90915048122406,3,10,36
normal_520,0,0.27874225,0,0,0,0,0,,0,0,3,5.26069450378418,1.90915048122406,3,10,36
normal_521,0,0.19282307,0,0,0,0,0,,0,0,3,5.26069450378418,1.90915048122406,3,10,36
normal_522,0,0.19967048,0,0,0,0,0,,0,0,3,5.26069450378418,1.90915048122406,3,10,36
normal_528,0,0.23298204,0,0,0,0,0,,0,0,3,5.26069450378418,1.90915048122406,3,10,36
normal_533,0,0.18565376,0,0,0,0,0,,0,0,3,5.26069450378418,1.90915048122406,3,10,36
normal_546,0,0.19350363,0,0,0,0,0,,0,0,3,5.26069450378418,1.90915048122406,3,10,36
normal_553,0,0.16735724,0,0,0,0,0,,0,0,3,5.26069450378418,1.90915048122406,3,10,36
normal_565,0,1.07486,0,0,0,0,0,,0,0,3,5.26069450378418,1.90915048122406,3,10,36
normal_578,0,0.40361047,0,0,0,0,0,,0,0,3,5.26069450378418,1.90915048122406,3,10,36
normal_582,0,0.39639613,0,0,0,0,0,,0,0,3,5.26069450378418,1.90915048122406,3,10,36
normal_584,0,1.1914437,0,0,0,0,0,,0,0,3,5.26069450378418,1.90915048122406,3,10,36
anomaly_2,1,28.074366,1,1,1,0,1,,0,1,3,5.26069450378418,1.90915048122406,3,10,36
anomaly_4,1,0.47729778,0,0,0,0,0,,0,0,3,5.26069450378418,1.90915048122406,3,10,36
anomaly_16,1,19.202642,1,1,1,0,1,,0,1,3,5.26069450378418,1.90915048122406,3,10,36
normal_7,0,0.43774322,0,0,0,0,0,,0,0,4,125.02782440185548,1.9517581462860107,3,10,35
normal_17,0,0.8321026,0,0,0,0,0,,0,0,4,125.02782440185548,1.9517581462860107,3,10,35
normal_28,0,0.4246851,0,0,0,0,0,,0,0,4,125.02782440185548,1.9517581462860107,3,10,35
normal_31,0,1.1864,0,0,0,0,0,,0,0,4,125.02782440185548,1.9517581462860107,3,10,35
normal_34,0,0.961468,0,0,0,0,0,,0,0,4,125.02782440185548,1.9517581462860107,3,10,35
normal_52,0,0.31446943,0,0,0,0,0,,0,0,4,125.02782440185548,1.9517581462860107,3,10,35
normal_59,0,0.4616796,0,0,0,0,0,,0,0,4,125.02782440185548,1.9517581462860107,3,10,35
normal_61,0,0.6467034,0,0,0,0,0,,0,0,4,125.02782440185548,1.9517581462860107,3,10,35
normal_66,0,0.936646,0,0,0,0,0,,0,0,4,125.02782440185548,1.9517581462860107,3,10,35
normal_69,0,1.1338373,0,0,0,0,0,,0,0,4,125.02782440185548,1.9517581462860107,3,10,35
normal_70,0,0.22797714,0,0,0,0,0,,0,0,4,125.02782440185548,1.9517581462860107,3,10,35
normal_72,0,0.99140865,0,0,0,0,0,,0,0,4,125.02782440185548,1.9517581462860107,3,10,35
normal_73,0,0.22859055,0,0,0,0,0,,0,0,4,125.02782440185548,1.9517581462860107,3,10,35
normal_76,0,0.6505027,0,0,0,0,0,,0,0,4,125.02782440185548,1.9517581462860107,3,10,35
normal_81,0,0.3647353,0,0,0,0,0,,0,0,4,125.02782440185548,1.9517581462860107,3,10,35
normal_82,0,0.7645142,0,0,0,0,0,,0,0,4,125.02782440185548,1.9517581462860107,3,10,35
normal_92,0,0.30137044,0,0,0,0,0,,0,0,4,125.02782440185548,1.9517581462860107,3,10,35
normal_97,0,0.22185978,0,0,0,0,0,,0,0,4,125.02782440185548,1.9517581462860107,3,10,35
normal_98,0,0.902507,0,0,0,0,0,,0,0,4,125.02782440185548,1.9517581462860107,3,10,35
normal_104,0,0.449945,0,0,0,0,0,,0,0,4,125.02782440185548,1.9517581462860107,3,10,35
normal_106,0,0.42257148,0,0,0,0,0,,0,0,4,125.02782440185548,1.9517581462860107,3,10,35
normal_109,0,1.6649374,0,0,0,0,0,,0,0,4,125.02782440185548,1.9517581462860107,3,10,35
normal_111,0,0.37787154,0,0,0,0,0,,0,0,4,125.02782440185548,1.9517581462860107,3,10,35
normal_117,0,0.8608239,0,0,0,0,0,,0,0,4,125.02782440185548,1.9517581462860107,3,10,35
normal_127,0,0.2878386,0,0,0,0,0,,0,0,4,125.02782440185548,1.9517581462860107,3,10,35
normal_129,0,1.088646,0,0,0,0,0,,0,0,4,125.02782440185548,1.9517581462860107,3,10,35
normal_132,0,0.22937457,0,0,0,0,0,,0,0,4,125.02782440185548,1.9517581462860107,3,10,35
normal_133,0,0.560594,0,0,0,0,0,,0,0,4,125.02782440185548,1.9517581462860107,3,10,35
normal_134,0,1.294767,0,0,0,0,0,,0,0,4,125.02782440185548,1.9517581462860107,3,10,35
normal_137,0,0.6734895,0,0,0,0,0,,0,0,4,125.02782440185548,1.9517581462860107,3,10,35
normal_140,0,0.31532228,0,0,0,0,0,,0,0,4,125.02782440185548,1.9517581462860107,3,10,35
normal_155,0,0.3144486,0,0,0,0,0,,0,0,4,125.02782440185548,1.9517581462860107,3,10,35
normal_156,0,1.6891587,0,0,0,0,0,,0,0,4,125.02782440185548,1.9517581462860107,3,10,35
normal_165,0,0.4686294,0,0,0,0,0,,0,0,4,125.02782440185548,1.9517581462860107,3,10,35
normal_170,0,0.46224806,0,0,0,0,0,,0,0,4,125.02782440185548,1.9517581462860107,3,10,35
normal_180,0,1.3184887,0,0,0,0,0,,0,0,4,125.02782440185548,1.9517581462860107,3,10,35
normal_184,0,0.25400507,0,0,0,0,0,,0,0,4,125.02782440185548,1.9517581462860107,3,10,35
normal_194,0,1.580849,0,0,0,0,0,,0,0,4,125.02782440185548,1.9517581462860107,3,10,35
normal_201,0,0.19140428,0,0,0,0,0,,0,0,4,125.02782440185548,1.9517581462860107,3,10,35
normal_222,0,1.4555613,0,0,0,0,0,,0,0,4,125.02782440185548,1.9517581462860107,3,10,35
normal_230,0,0.88147795,0,0,0,0,0,,0,0,4,125.02782440185548,1.9517581462860107,3,10,35
normal_234,0,0.37006417,0,0,0,0,0,,0,0,4,125.02782440185548,1.9517581462860107,3,10,35
normal_240,0,0.56454414,0,0,0,0,0,,0,0,4,125.02782440185548,1.9517581462860107,3,10,35
normal_242,0,1.5193021,0,0,0,0,0,,0,0,4,125.02782440185548,1.9517581462860107,3,10,35
normal_252,0,1.3055532,0,0,0,0,0,,0,0,4,125.02782440185548,1.9517581462860107,3,10,35
normal_253,0,0.25894743,0,0,0,0,0,,0,0,4,125.02782440185548,1.9517581462860107,3,10,35
normal_272,0,1.1476752,0,0,0,0,0,,0,0,4,125.02782440185548,1.9517581462860107,3,10,35
normal_274,0,0.7933042,0,0,0,0,0,,0,0,4,125.02782440185548,1.9517581462860107,3,10,35
normal_275,0,0.3238984,0,0,0,0,0,,0,0,4,125.02782440185548,1.9517581462860107,3,10,35
normal_276,0,0.50383717,0,0,0,0,0,,0,0,4,125.02782440185548,1.9517581462860107,3,10,35
normal_278,0,0.31903112,0,0,0,0,0,,0,0,4,125.02782440185548,1.9517581462860107,3,10,35
normal_284,0,1.6122179,0,0,0,0,0,,0,0,4,125.02782440185548,1.9517581462860107,3,10,35
normal_295,0,0.31018963,0,0,0,0,0,,0,0,4,125.02782440185548,1.9517581462860107,3,10,35
normal_307,0,0.27956936,0,0,0,0,0,,0,0,4,125.02782440185548,1.9517581462860107,3,10,35
normal_326,0,1.6895468,0,0,0,0,0,,0,0,4,125.02782440185548,1.9517581462860107,3,10,35
normal_329,0,1.3173009,0,0,0,0,0,,0,0,4,125.02782440185548,1.9517581462860107,3,10,35
normal_339,0,0.75539213,0,0,0,0,0,,0,0,4,125.02782440185548,1.9517581462860107,3,10,35
normal_341,0,0.6401946,0,0,0,0,0,,0,0,4,125.02782440185548,1.9517581462860107,3,10,35
normal_343,0,1.6015462,0,0,0,0,0,,0,0,4,125.02782440185548,1.9517581462860107,3,10,35
normal_344,0,0.6604787,0,0,0,0,0,,0,0,4,125.02782440185548,1.9517581462860107,3,10,35
normal_375,0,0.49013123,0,0,0,0,0,,0,0,4,125.02782440185548,1.9517581462860107,3,10,35
normal_396,0,0.7860244,0,0,0,0,0,,0,0,4,125.02782440185548,1.9517581462860107,3,10,35
normal_399,0,0.8879093,0,0,0,0,0,,0,0,4,125.02782440185548,1.9517581462860107,3,10,35
normal_431,0,1.3644328,0,0,0,0,0,,0,0,4,125.02782440185548,1.9517581462860107,3,10,35
normal_445,0,1.5808455,0,0,0,0,0,,0,0,4,125.02782440185548,1.9517581462860107,3,10,35
normal_448,0,1.190177,0,0,0,0,0,,0,0,4,125.02782440185548,1.9517581462860107,3,10,35
normal_457,0,0.3152863,0,0,0,0,0,,0,0,4,125.02782440185548,1.9517581462860107,3,10,35
normal_470,0,1.604729,0,0,0,0,0,,0,0,4,125.02782440185548,1.9517581462860107,3,10,35
normal_486,0,0.2170124,0,0,0,0,0,,0,0,4,125.02782440185548,1.9517581462860107,3,10,35
normal_487,0,0.25806078,0,0,0,0,0,,0,0,4,125.02782440185548,1.9517581462860107,3,10,35
normal_498,0,0.20709716,0,0,0,0,0,,0,0,4,125.02782440185548,1.9517581462860107,3,10,35
normal_500,0,0.23214488,0,0,0,0,0,,0,0,4,125.02782440185548,1.9517581462860107,3,10,35
normal_502,0,0.22212036,0,0,0,0,0,,0,0,4,125.02782440185548,1.9517581462860107,3,10,35
normal_505,0,0.20833115,0,0,0,0,0,,0,0,4,125.02782440185548,1.9517581462860107,3,10,35
normal_506,0,0.19924384,0,0,0,0,0,,0,0,4,125.02782440185548,1.9517581462860107,3,10,35
normal_513,0,0.27688605,0,0,0,0,0,,0,0,4,125.02782440185548,1.9517581462860107,3,10,35
normal_525,0,0.22215365,0,0,0,0,0,,0,0,4,125.02782440185548,1.9517581462860107,3,10,35
normal_527,0,0.22681348,0,0,0,0,0,,0,0,4,125.02782440185548,1.9517581462860107,3,10,35
normal_532,0,0.19803028,0,0,0,0,0,,0,0,4,125.02782440185548,1.9517581462860107,3,10,35
normal_535,0,0.22298126,0,0,0,0,0,,0,0,4,125.02782440185548,1.9517581462860107,3,10,35
normal_537,0,0.20383684,0,0,0,0,0,,0,0,4,125.02782440185548,1.9517581462860107,3,10,35
normal_543,0,0.18417291,0,0,0,0,0,,0,0,4,125.02782440185548,1.9517581462860107,3,10,35
normal_544,0,0.2034188,0,0,0,0,0,,0,0,4,125.02782440185548,1.9517581462860107,3,10,35
normal_558,0,0.18009901,0,0,0,0,0,,0,0,4,125.02782440185548,1.9517581462860107,3,10,35
normal_563,0,0.35435888,0,0,0,0,0,,0,0,4,125.02782440185548,1.9517581462860107,3,10,35
normal_570,0,1.4284848,0,0,0,0,0,,0,0,4,125.02782440185548,1.9517581462860107,3,10,35
normal_572,0,1.132077,0,0,0,0,0,,0,0,4,125.02782440185548,1.9517581462860107,3,10,35
normal_585,0,0.52103776,0,0,0,0,0,,0,0,4,125.02782440185548,1.9517581462860107,3,10,35
normal_587,0,1.2762219,0,0,0,0,0,,0,0,4,125.02782440185548,1.9517581462860107,3,10,35
normal_599,0,0.3180765,0,0,0,0,0,,0,0,4,125.02782440185548,1.9517581462860107,3,10,35
anomaly_8,1,11.504283,0,1,1,0,0,,0,0,4,125.02782440185548,1.9517581462860107,3,10,35
anomaly_17,1,5.105226,0,0,0,0,0,,0,0,4,125.02782440185548,1.9517581462860107,3,10,35
anomaly_18,1,20.113567,0,1,1,0,0,,0,0,4,125.02782440185548,1.9517581462860107,3,10,35
normal_2,0,0.7590038,0,0,0,0,0,,0,0,5,126.86495971679688,2.122143507003784,3,9,23
normal_12,0,0.29856303,0,0,0,0,0,,0,0,5,126.86495971679688,2.122143507003784,3,9,23
normal_14,0,1.2676741,0,0,0,0,0,,0,0,5,126.86495971679688,2.122143507003784,3,9,23
normal_16,0,1.4338713,0,0,0,0,0,,0,0,5,126.86495971679688,2.122143507003784,3,9,23
normal_23,0,0.5964449,0,0,0,0,0,,0,0,5,126.86495971679688,2.122143507003784,3,9,23
normal_35,0,1.0164611,0,0,0,0,0,,0,0,5,126.86495971679688,2.122143507003784,3,9,23
normal_37,0,0.95167476,0,0,0,0,0,,0,0,5,126.86495971679688,2.122143507003784,3,9,23
normal_38,0,0.2928755,0,0,0,0,0,,0,0,5,126.86495971679688,2.122143507003784,3,9,23
normal_49,0,0.282282,0,0,0,0,0,,0,0,5,126.86495971679688,2.122143507003784,3,9,23
normal_50,0,1.1261997,0,0,0,0,0,,0,0,5,126.86495971679688,2.122143507003784,3,9,23
normal_60,0,1.0835596,0,0,0,0,0,,0,0,5,126.86495971679688,2.122143507003784,3,9,23
normal_64,0,0.8913183,0,0,0,0,0,,0,0,5,126.86495971679688,2.122143507003784,3,9,23
normal_65,0,0.56112576,0,0,0,0,0,,0,0,5,126.86495971679688,2.122143507003784,3,9,23
normal_67,0,0.97263175,0,0,0,0,0,,0,0,5,126.86495971679688,2.122143507003784,3,9,23
normal_74,0,0.6277764,0,0,0,0,0,,0,0,5,126.86495971679688,2.122143507003784,3,9,23
normal_91,0,0.91375107,0,0,0,0,0,,0,0,5,126.86495971679688,2.122143507003784,3,9,23
normal_105,0,0.222322,0,0,0,0,0,,0,0,5,126.86495971679688,2.122143507003784,3,9,23
normal_113,0,0.2844868,0,0,0,0,0,,0,0,5,126.86495971679688,2.122143507003784,3,9,23
normal_116,0,0.22101241,0,0,0,0,0,,0,0,5,126.86495971679688,2.122143507003784,3,9,23
normal_135,0,0.24806137,0,0,0,0,0,,0,0,5,126.86495971679688,2.122143507003784,3,9,23
normal_138,0,0.48152125,0,0,0,0,0,,0,0,5,126.86495971679688,2.122143507003784,3,9,23
normal_139,0,0.3695428,0,0,0,0,0,,0,0,5,126.86495971679688,2.122143507003784,3,9,23
normal_141,0,1.3555864,0,0,0,0,0,,0,0,5,126.86495971679688,2.122143507003784,3,9,23
normal_145,0,0.94805217,0,0,0,0,0,,0,0,5,126.86495971679688,2.122143507003784,3,9,23
normal_162,0,0.77898645,0,0,0,0,0,,0,0,5,126.86495971679688,2.122143507003784,3,9,23
normal_171,0,1.3409864,0,0,0,0,0,,0,0,5,126.86495971679688,2.122143507003784,3,9,23
normal_176,0,0.8241728,0,0,0,0,0,,0,0,5,126.86495971679688,2.122143507003784,3,9,23
normal_193,0,0.507268,0,0,0,0,0,,0,0,5,126.86495971679688,2.122143507003784,3,9,23
normal_196,0,0.4976999,0,0,0,0,0,,0,0,5,126.86495971679688,2.122143507003784,3,9,23
normal_199,0,1.4794627,0,0,0,0,0,,0,0,5,126.86495971679688,2.122143507003784,3,9,23
normal_202,0,1.2448238,0,0,0,0,0,,0,0,5,126.86495971679688,2.122143507003784,3,9,23
normal_213,0,1.5561197,0,0,0,0,0,,0,0,5,126.86495971679688,2.122143507003784,3,9,23
normal_218,0,0.5891113,0,0,0,0,0,,0,0,5,126.86495971679688,2.122143507003784,3,9,23
normal_220,0,1.2503799,0,0,0,0,0,,0,0,5,126.86495971679688,2.122143507003784,3,9,23
normal_241,0,0.34466037,0,0,0,0,0,,0,0,5,126.86495971679688,2.122143507003784,3,9,23
normal_259,0,0.95676726,0,0,0,0,0,,0,0,5,126.86495971679688,2.122143507003784,3,9,23
normal_262,0,1.2580686,0,0,0,0,0,,0,0,5,126.86495971679688,2.122143507003784,3,9,23
normal_273,0,0.23334785,0,0,0,0,0,,0,0,5,126.86495971679688,2.122143507003784,3,9,23
normal_286,0,0.634018,0,0,0,0,0,,0,0,5,126.86495971679688,2.122143507003784,3,9,23
normal_300,0,0.25013107,0,0,0,0,0,,0,0,5,126.86495971679688,2.122143507003784,3,9,23
normal_302,0,1.9845228,0,0,0,0,0,,0,0,5,126.86495971679688,2.122143507003784,3,9,23
normal_313,0,0.19634436,0,0,0,0,0,,0,0,5,126.86495971679688,2.122143507003784,3,9,23
normal_318,0,1.2710131,0,0,0,0,0,,0,0,5,126.86495971679688,2.122143507003784,3,9,23
normal_324,0,0.42422366,0,0,0,0,0,,0,0,5,126.86495971679688,2.122143507003784,3,9,23
normal_331,0,0.33706087,0,0,0,0,0,,0,0,5,126.86495971679688,2.122143507003784,3,9,23
normal_337,0,0.5694527,0,0,0,0,0,,0,0,5,126.86495971679688,2.122143507003784,3,9,23
normal_338,0,0.29024166,0,0,0,0,0,,0,0,5,126.86495971679688,2.122143507003784,3,9,23
normal_351,0,0.41425982,0,0,0,0,0,,0,0,5,126.86495971679688,2.122143507003784,3,9,23
normal_354,0,0.6106487,0,0,0,0,0,,0,0,5,126.86495971679688,2.122143507003784,3,9,23
normal_360,0,1.4926246,0,0,0,0,0,,0,0,5,126.86495971679688,2.122143507003784,3,9,23
normal_361,0,0.30262402,0,0,0,0,0,,0,0,5,126.86495971679688,2.122143507003784,3,9,23
normal_364,0,0.29547435,0,0,0,0,0,,0,0,5,126.86495971679688,2.122143507003784,3,9,23
normal_372,0,0.3098847,0,0,0,0,0,,0,0,5,126.86495971679688,2.122143507003784,3,9,23
normal_374,0,1.3476441,0,0,0,0,0,,0,0,5,126.86495971679688,2.122143507003784,3,9,23
normal_379,0,0.6014361,0,0,0,0,0,,0,0,5,126.86495971679688,2.122143507003784,3,9,23
normal_380,0,1.7704678,0,0,0,0,0,,0,0,5,126.86495971679688,2.122143507003784,3,9,23
normal_384,0,1.550578,0,0,0,0,0,,0,0,5,126.86495971679688,2.122143507003784,3,9,23
normal_402,0,0.92680866,0,0,0,0,0,,0,0,5,126.86495971679688,2.122143507003784,3,9,23
normal_407,0,0.9523875,0,0,0,0,0,,0,0,5,126.86495971679688,2.122143507003784,3,9,23
normal_413,0,0.28622478,0,0,0,0,0,,0,0,5,126.86495971679688,2.122143507003784,3,9,23
normal_423,0,2.013899,0,0,0,0,0,,0,0,5,126.86495971679688,2.122143507003784,3,9,23
normal_425,0,0.39727288,0,0,0,0,0,,0,0,5,126.86495971679688,2.122143507003784,3,9,23
normal_432,0,0.28466386,0,0,0,0,0,,0,0,5,126.86495971679688,2.122143507003784,3,9,23
normal_441,0,1.6792065,0,0,0,0,0,,0,0,5,126.86495971679688,2.122143507003784,3,9,23
normal_446,0,1.4442385,0,0,0,0,0,,0,0,5,126.86495971679688,2.122143507003784,3,9,23
normal_447,0,0.2657749,0,0,0,0,0,,0,0,5,126.86495971679688,2.122143507003784,3,9,23
normal_461,0,1.8251089,0,0,0,0,0,,0,0,5,126.86495971679688,2.122143507003784,3,9,23
normal_464,0,0.2707215,0,0,0,0,0,,0,0,5,126.86495971679688,2.122143507003784,3,9,23
normal_467,0,0.28358638,0,0,0,0,0,,0,0,5,126.86495971679688,2.122143507003784,3,9,23
normal_479,0,0.22860448,0,0,0,0,0,,0,0,5,126.86495971679688,2.122143507003784,3,9,23
normal_480,0,0.26651216,0,0,0,0,0,,0,0,5,126.86495971679688,2.122143507003784,3,9,23
normal_481,0,0.23070528,0,0,0,0,0,,0,0,5,126.86495971679688,2.122143507003784,3,9,23
normal_482,0,0.21922377,0,0,0,0,0,,0,0,5,126.86495971679688,2.122143507003784,3,9,23
normal_483,0,0.20653772,0,0,0,0,0,,0,0,5,126.86495971679688,2.122143507003784,3,9,23
normal_484,0,0.26634535,0,0,0,0,0,,0,0,5,126.86495971679688,2.122143507003784,3,9,23
normal_489,0,0.19067657,0,0,0,0,0,,0,0,5,126.86495971679688,2.122143507003784,3,9,23
normal_493,0,0.24097587,0,0,0,0,0,,0,0,5,126.86495971679688,2.122143507003784,3,9,23
normal_495,0,0.20205939,0,0,0,0,0,,0,0,5,126.86495971679688,2.122143507003784,3,9,23
normal_501,0,0.26134658,0,0,0,0,0,,0,0,5,126.86495971679688,2.122143507003784,3,9,23
normal_507,0,0.18812764,0,0,0,0,0,,0,0,5,126.86495971679688,2.122143507003784,3,9,23
normal_523,0,0.2600026,0,0,0,0,0,,0,0,5,126.86495971679688,2.122143507003784,3,9,23
normal_534,0,0.24034873,0,0,0,0,0,,0,0,5,126.86495971679688,2.122143507003784,3,9,23
normal_538,0,0.21385224,0,0,0,0,0,,0,0,5,126.86495971679688,2.122143507003784,3,9,23
normal_540,0,0.18801522,0,0,0,0,0,,0,0,5,126.86495971679688,2.122143507003784,3,9,23
normal_571,0,0.29134068,0,0,0,0,0,,0,0,5,126.86495971679688,2.122143507003784,3,9,23
normal_573,0,0.7742022,0,0,0,0,0,,0,0,5,126.86495971679688,2.122143507003784,3,9,23
normal_575,0,0.6385899,0,0,0,0,0,,0,0,5,126.86495971679688,2.122143507003784,3,9,23
normal_579,0,0.8327254,0,0,0,0,0,,0,0,5,126.86495971679688,2.122143507003784,3,9,23
normal_589,0,0.28848025,0,0,0,0,0,,0,0,5,126.86495971679688,2.122143507003784,3,9,23
normal_598,0,0.9315861,0,0,0,0,0,,0,0,5,126.86495971679688,2.122143507003784,3,9,23
anomaly_3,1,54.512924,0,1,1,0,0,,0,0,5,126.86495971679688,2.122143507003784,3,9,23
anomaly_13,1,37.033913,0,1,1,0,0,,0,0,5,126.86495971679688,2.122143507003784,3,9,23
anomaly_19,1,136.00024,1,0,1,0,1,,0,1,5,126.86495971679688,2.122143507003784,3,9,23
