fold,configuration,input_label,train_normal_windows,train_anomaly_windows,feature_count,features,fit_seconds
1,raw_single,단일시점,2710,80,3,"AI0_Vibration,AI1_Vibration,AI2_Current",0.061
1,raw_window_5,원데이터 0.5초,2698,80,15,"t01_AI0_Vibration,t01_AI1_Vibration,t01_AI2_Current,t02_AI0_Vibration,t02_AI1_Vibration,t02_AI2_Current,t03_AI0_Vibration,t03_AI1_Vibration,t03_AI2_Current,t04_AI0_Vibration,t04_AI1_Vibration,t04_AI2_Current,t05_AI0_Vibration,t05_AI1_Vibration,t05_AI2_Current",0.083
1,raw_window_10,원데이터 1.0초,1998,61,30,"t01_AI0_Vibration,t01_AI1_Vibration,t01_AI2_Current,t02_AI0_Vibration,t02_AI1_Vibration,t02_AI2_Current,t03_AI0_Vibration,t03_AI1_Vibration,t03_AI2_Current,t04_AI0_Vibration,t04_AI1_Vibration,t04_AI2_Current,t05_AI0_Vibration,t05_AI1_Vibration,t05_AI2_Current,t06_AI0_Vibration,t06_AI1_Vibration,t06_AI2_Current,t07_AI0_Vibration,t07_AI1_Vibration,t07_AI2_Current,t08_AI0_Vibration,t08_AI1_Vibration,t08_AI2_Current,t09_AI0_Vibration,t09_AI1_Vibration,t09_AI2_Current,t10_AI0_Vibration,t10_AI1_Vibration,t10_AI2_Current",0.093
1,raw_window_15,원데이터 1.5초,1329,40,45,"t01_AI0_Vibration,t01_AI1_Vibration,t01_AI2_Current,t02_AI0_Vibration,t02_AI1_Vibration,t02_AI2_Current,t03_AI0_Vibration,t03_AI1_Vibration,t03_AI2_Current,t04_AI0_Vibration,t04_AI1_Vibration,t04_AI2_Current,t05_AI0_Vibration,t05_AI1_Vibration,t05_AI2_Current,t06_AI0_Vibration,t06_AI1_Vibration,t06_AI2_Current,t07_AI0_Vibration,t07_AI1_Vibration,t07_AI2_Current,t08_AI0_Vibration,t08_AI1_Vibration,t08_AI2_Current,t09_AI0_Vibration,t09_AI1_Vibration,t09_AI2_Current,t10_AI0_Vibration,t10_AI1_Vibration,t10_AI2_Current,t11_AI0_Vibration,t11_AI1_Vibration,t11_AI2_Current,t12_AI0_Vibration,t12_AI1_Vibration,t12_AI2_Current,t13_AI0_Vibration,t13_AI1_Vibration,t13_AI2_Current,t14_AI0_Vibration,t14_AI1_Vibration,t14_AI2_Current,t15_AI0_Vibration,t15_AI1_Vibration,t15_AI2_Current",0.086
1,raw_window_20,원데이터 2.0초,903,28,60,"t01_AI0_Vibration,t01_AI1_Vibration,t01_AI2_Current,t02_AI0_Vibration,t02_AI1_Vibration,t02_AI2_Current,t03_AI0_Vibration,t03_AI1_Vibration,t03_AI2_Current,t04_AI0_Vibration,t04_AI1_Vibration,t04_AI2_Current,t05_AI0_Vibration,t05_AI1_Vibration,t05_AI2_Current,t06_AI0_Vibration,t06_AI1_Vibration,t06_AI2_Current,t07_AI0_Vibration,t07_AI1_Vibration,t07_AI2_Current,t08_AI0_Vibration,t08_AI1_Vibration,t08_AI2_Current,t09_AI0_Vibration,t09_AI1_Vibration,t09_AI2_Current,t10_AI0_Vibration,t10_AI1_Vibration,t10_AI2_Current,t11_AI0_Vibration,t11_AI1_Vibration,t11_AI2_Current,t12_AI0_Vibration,t12_AI1_Vibration,t12_AI2_Current,t13_AI0_Vibration,t13_AI1_Vibration,t13_AI2_Current,t14_AI0_Vibration,t14_AI1_Vibration,t14_AI2_Current,t15_AI0_Vibration,t15_AI1_Vibration,t15_AI2_Current,t16_AI0_Vibration,t16_AI1_Vibration,t16_AI2_Current,t17_AI0_Vibration,t17_AI1_Vibration,t17_AI2_Current,t18_AI0_Vibration,t18_AI1_Vibration,t18_AI2_Current,t19_AI0_Vibration,t19_AI1_Vibration,t19_AI2_Current,t20_AI0_Vibration,t20_AI1_Vibration,t20_AI2_Current",0.096
1,derived_5,파생 0.5초,2698,80,19,"AI0_RMS,AI1_RMS,AI0_AI1_RMS_diff,AI0_AI1_RMS_ratio,AI0_AI1_corr,Current_RMS,Current_RMS_to_AI0_RMS_ratio,Current_RMS_to_AI1_RMS_ratio,AI0_current_residual,AI1_current_residual,AI0_RMS_slope,AI1_RMS_slope,Current_RMS_slope,dCurrent_RMS_x_dAI0_RMS,dCurrent_RMS_x_dAI1_RMS,AI0_kurtosis,AI1_kurtosis,AI0_crest_factor,AI1_crest_factor",0.084
1,derived_10,파생 1.0초,1998,61,19,"AI0_RMS,AI1_RMS,AI0_AI1_RMS_diff,AI0_AI1_RMS_ratio,AI0_AI1_corr,Current_RMS,Current_RMS_to_AI0_RMS_ratio,Current_RMS_to_AI1_RMS_ratio,AI0_current_residual,AI1_current_residual,AI0_RMS_slope,AI1_RMS_slope,Current_RMS_slope,dCurrent_RMS_x_dAI0_RMS,dCurrent_RMS_x_dAI1_RMS,AI0_kurtosis,AI1_kurtosis,AI0_crest_factor,AI1_crest_factor",0.079
1,derived_15,파생 1.5초,1329,40,19,"AI0_RMS,AI1_RMS,AI0_AI1_RMS_diff,AI0_AI1_RMS_ratio,AI0_AI1_corr,Current_RMS,Current_RMS_to_AI0_RMS_ratio,Current_RMS_to_AI1_RMS_ratio,AI0_current_residual,AI1_current_residual,AI0_RMS_slope,AI1_RMS_slope,Current_RMS_slope,dCurrent_RMS_x_dAI0_RMS,dCurrent_RMS_x_dAI1_RMS,AI0_kurtosis,AI1_kurtosis,AI0_crest_factor,AI1_crest_factor",0.066
1,derived_20,파생 2.0초,903,28,19,"AI0_RMS,AI1_RMS,AI0_AI1_RMS_diff,AI0_AI1_RMS_ratio,AI0_AI1_corr,Current_RMS,Current_RMS_to_AI0_RMS_ratio,Current_RMS_to_AI1_RMS_ratio,AI0_current_residual,AI1_current_residual,AI0_RMS_slope,AI1_RMS_slope,Current_RMS_slope,dCurrent_RMS_x_dAI0_RMS,dCurrent_RMS_x_dAI1_RMS,AI0_kurtosis,AI1_kurtosis,AI0_crest_factor,AI1_crest_factor",0.056
2,raw_single,단일시점,2710,80,3,"AI0_Vibration,AI1_Vibration,AI2_Current",0.055
2,raw_window_5,원데이터 0.5초,2703,80,15,"t01_AI0_Vibration,t01_AI1_Vibration,t01_AI2_Current,t02_AI0_Vibration,t02_AI1_Vibration,t02_AI2_Current,t03_AI0_Vibration,t03_AI1_Vibration,t03_AI2_Current,t04_AI0_Vibration,t04_AI1_Vibration,t04_AI2_Current,t05_AI0_Vibration,t05_AI1_Vibration,t05_AI2_Current",0.077
2,raw_window_10,원데이터 1.0초,2021,62,30,"t01_AI0_Vibration,t01_AI1_Vibration,t01_AI2_Current,t02_AI0_Vibration,t02_AI1_Vibration,t02_AI2_Current,t03_AI0_Vibration,t03_AI1_Vibration,t03_AI2_Current,t04_AI0_Vibration,t04_AI1_Vibration,t04_AI2_Current,t05_AI0_Vibration,t05_AI1_Vibration,t05_AI2_Current,t06_AI0_Vibration,t06_AI1_Vibration,t06_AI2_Current,t07_AI0_Vibration,t07_AI1_Vibration,t07_AI2_Current,t08_AI0_Vibration,t08_AI1_Vibration,t08_AI2_Current,t09_AI0_Vibration,t09_AI1_Vibration,t09_AI2_Current,t10_AI0_Vibration,t10_AI1_Vibration,t10_AI2_Current",0.096
2,raw_window_15,원데이터 1.5초,1349,41,45,"t01_AI0_Vibration,t01_AI1_Vibration,t01_AI2_Current,t02_AI0_Vibration,t02_AI1_Vibration,t02_AI2_Current,t03_AI0_Vibration,t03_AI1_Vibration,t03_AI2_Current,t04_AI0_Vibration,t04_AI1_Vibration,t04_AI2_Current,t05_AI0_Vibration,t05_AI1_Vibration,t05_AI2_Current,t06_AI0_Vibration,t06_AI1_Vibration,t06_AI2_Current,t07_AI0_Vibration,t07_AI1_Vibration,t07_AI2_Current,t08_AI0_Vibration,t08_AI1_Vibration,t08_AI2_Current,t09_AI0_Vibration,t09_AI1_Vibration,t09_AI2_Current,t10_AI0_Vibration,t10_AI1_Vibration,t10_AI2_Current,t11_AI0_Vibration,t11_AI1_Vibration,t11_AI2_Current,t12_AI0_Vibration,t12_AI1_Vibration,t12_AI2_Current,t13_AI0_Vibration,t13_AI1_Vibration,t13_AI2_Current,t14_AI0_Vibration,t14_AI1_Vibration,t14_AI2_Current,t15_AI0_Vibration,t15_AI1_Vibration,t15_AI2_Current",0.118
2,raw_window_20,원데이터 2.0초,917,28,60,"t01_AI0_Vibration,t01_AI1_Vibration,t01_AI2_Current,t02_AI0_Vibration,t02_AI1_Vibration,t02_AI2_Current,t03_AI0_Vibration,t03_AI1_Vibration,t03_AI2_Current,t04_AI0_Vibration,t04_AI1_Vibration,t04_AI2_Current,t05_AI0_Vibration,t05_AI1_Vibration,t05_AI2_Current,t06_AI0_Vibration,t06_AI1_Vibration,t06_AI2_Current,t07_AI0_Vibration,t07_AI1_Vibration,t07_AI2_Current,t08_AI0_Vibration,t08_AI1_Vibration,t08_AI2_Current,t09_AI0_Vibration,t09_AI1_Vibration,t09_AI2_Current,t10_AI0_Vibration,t10_AI1_Vibration,t10_AI2_Current,t11_AI0_Vibration,t11_AI1_Vibration,t11_AI2_Current,t12_AI0_Vibration,t12_AI1_Vibration,t12_AI2_Current,t13_AI0_Vibration,t13_AI1_Vibration,t13_AI2_Current,t14_AI0_Vibration,t14_AI1_Vibration,t14_AI2_Current,t15_AI0_Vibration,t15_AI1_Vibration,t15_AI2_Current,t16_AI0_Vibration,t16_AI1_Vibration,t16_AI2_Current,t17_AI0_Vibration,t17_AI1_Vibration,t17_AI2_Current,t18_AI0_Vibration,t18_AI1_Vibration,t18_AI2_Current,t19_AI0_Vibration,t19_AI1_Vibration,t19_AI2_Current,t20_AI0_Vibration,t20_AI1_Vibration,t20_AI2_Current",0.119
2,derived_5,파생 0.5초,2703,80,19,"AI0_RMS,AI1_RMS,AI0_AI1_RMS_diff,AI0_AI1_RMS_ratio,AI0_AI1_corr,Current_RMS,Current_RMS_to_AI0_RMS_ratio,Current_RMS_to_AI1_RMS_ratio,AI0_current_residual,AI1_current_residual,AI0_RMS_slope,AI1_RMS_slope,Current_RMS_slope,dCurrent_RMS_x_dAI0_RMS,dCurrent_RMS_x_dAI1_RMS,AI0_kurtosis,AI1_kurtosis,AI0_crest_factor,AI1_crest_factor",0.082
2,derived_10,파생 1.0초,2021,62,19,"AI0_RMS,AI1_RMS,AI0_AI1_RMS_diff,AI0_AI1_RMS_ratio,AI0_AI1_corr,Current_RMS,Current_RMS_to_AI0_RMS_ratio,Current_RMS_to_AI1_RMS_ratio,AI0_current_residual,AI1_current_residual,AI0_RMS_slope,AI1_RMS_slope,Current_RMS_slope,dCurrent_RMS_x_dAI0_RMS,dCurrent_RMS_x_dAI1_RMS,AI0_kurtosis,AI1_kurtosis,AI0_crest_factor,AI1_crest_factor",0.073
2,derived_15,파생 1.5초,1349,41,19,"AI0_RMS,AI1_RMS,AI0_AI1_RMS_diff,AI0_AI1_RMS_ratio,AI0_AI1_corr,Current_RMS,Current_RMS_to_AI0_RMS_ratio,Current_RMS_to_AI1_RMS_ratio,AI0_current_residual,AI1_current_residual,AI0_RMS_slope,AI1_RMS_slope,Current_RMS_slope,dCurrent_RMS_x_dAI0_RMS,dCurrent_RMS_x_dAI1_RMS,AI0_kurtosis,AI1_kurtosis,AI0_crest_factor,AI1_crest_factor",0.061
2,derived_20,파생 2.0초,917,28,19,"AI0_RMS,AI1_RMS,AI0_AI1_RMS_diff,AI0_AI1_RMS_ratio,AI0_AI1_corr,Current_RMS,Current_RMS_to_AI0_RMS_ratio,Current_RMS_to_AI1_RMS_ratio,AI0_current_residual,AI1_current_residual,AI0_RMS_slope,AI1_RMS_slope,Current_RMS_slope,dCurrent_RMS_x_dAI0_RMS,dCurrent_RMS_x_dAI1_RMS,AI0_kurtosis,AI1_kurtosis,AI0_crest_factor,AI1_crest_factor",0.065
3,raw_single,단일시점,2710,80,3,"AI0_Vibration,AI1_Vibration,AI2_Current",0.057
3,raw_window_5,원데이터 0.5초,2700,80,15,"t01_AI0_Vibration,t01_AI1_Vibration,t01_AI2_Current,t02_AI0_Vibration,t02_AI1_Vibration,t02_AI2_Current,t03_AI0_Vibration,t03_AI1_Vibration,t03_AI2_Current,t04_AI0_Vibration,t04_AI1_Vibration,t04_AI2_Current,t05_AI0_Vibration,t05_AI1_Vibration,t05_AI2_Current",0.078
3,raw_window_10,원데이터 1.0초,2003,54,30,"t01_AI0_Vibration,t01_AI1_Vibration,t01_AI2_Current,t02_AI0_Vibration,t02_AI1_Vibration,t02_AI2_Current,t03_AI0_Vibration,t03_AI1_Vibration,t03_AI2_Current,t04_AI0_Vibration,t04_AI1_Vibration,t04_AI2_Current,t05_AI0_Vibration,t05_AI1_Vibration,t05_AI2_Current,t06_AI0_Vibration,t06_AI1_Vibration,t06_AI2_Current,t07_AI0_Vibration,t07_AI1_Vibration,t07_AI2_Current,t08_AI0_Vibration,t08_AI1_Vibration,t08_AI2_Current,t09_AI0_Vibration,t09_AI1_Vibration,t09_AI2_Current,t10_AI0_Vibration,t10_AI1_Vibration,t10_AI2_Current",0.089
3,raw_window_15,원데이터 1.5초,1334,36,45,"t01_AI0_Vibration,t01_AI1_Vibration,t01_AI2_Current,t02_AI0_Vibration,t02_AI1_Vibration,t02_AI2_Current,t03_AI0_Vibration,t03_AI1_Vibration,t03_AI2_Current,t04_AI0_Vibration,t04_AI1_Vibration,t04_AI2_Current,t05_AI0_Vibration,t05_AI1_Vibration,t05_AI2_Current,t06_AI0_Vibration,t06_AI1_Vibration,t06_AI2_Current,t07_AI0_Vibration,t07_AI1_Vibration,t07_AI2_Current,t08_AI0_Vibration,t08_AI1_Vibration,t08_AI2_Current,t09_AI0_Vibration,t09_AI1_Vibration,t09_AI2_Current,t10_AI0_Vibration,t10_AI1_Vibration,t10_AI2_Current,t11_AI0_Vibration,t11_AI1_Vibration,t11_AI2_Current,t12_AI0_Vibration,t12_AI1_Vibration,t12_AI2_Current,t13_AI0_Vibration,t13_AI1_Vibration,t13_AI2_Current,t14_AI0_Vibration,t14_AI1_Vibration,t14_AI2_Current,t15_AI0_Vibration,t15_AI1_Vibration,t15_AI2_Current",0.097
3,raw_window_20,원데이터 2.0초,911,24,60,"t01_AI0_Vibration,t01_AI1_Vibration,t01_AI2_Current,t02_AI0_Vibration,t02_AI1_Vibration,t02_AI2_Current,t03_AI0_Vibration,t03_AI1_Vibration,t03_AI2_Current,t04_AI0_Vibration,t04_AI1_Vibration,t04_AI2_Current,t05_AI0_Vibration,t05_AI1_Vibration,t05_AI2_Current,t06_AI0_Vibration,t06_AI1_Vibration,t06_AI2_Current,t07_AI0_Vibration,t07_AI1_Vibration,t07_AI2_Current,t08_AI0_Vibration,t08_AI1_Vibration,t08_AI2_Current,t09_AI0_Vibration,t09_AI1_Vibration,t09_AI2_Current,t10_AI0_Vibration,t10_AI1_Vibration,t10_AI2_Current,t11_AI0_Vibration,t11_AI1_Vibration,t11_AI2_Current,t12_AI0_Vibration,t12_AI1_Vibration,t12_AI2_Current,t13_AI0_Vibration,t13_AI1_Vibration,t13_AI2_Current,t14_AI0_Vibration,t14_AI1_Vibration,t14_AI2_Current,t15_AI0_Vibration,t15_AI1_Vibration,t15_AI2_Current,t16_AI0_Vibration,t16_AI1_Vibration,t16_AI2_Current,t17_AI0_Vibration,t17_AI1_Vibration,t17_AI2_Current,t18_AI0_Vibration,t18_AI1_Vibration,t18_AI2_Current,t19_AI0_Vibration,t19_AI1_Vibration,t19_AI2_Current,t20_AI0_Vibration,t20_AI1_Vibration,t20_AI2_Current",0.121
3,derived_5,파생 0.5초,2700,80,19,"AI0_RMS,AI1_RMS,AI0_AI1_RMS_diff,AI0_AI1_RMS_ratio,AI0_AI1_corr,Current_RMS,Current_RMS_to_AI0_RMS_ratio,Current_RMS_to_AI1_RMS_ratio,AI0_current_residual,AI1_current_residual,AI0_RMS_slope,AI1_RMS_slope,Current_RMS_slope,dCurrent_RMS_x_dAI0_RMS,dCurrent_RMS_x_dAI1_RMS,AI0_kurtosis,AI1_kurtosis,AI0_crest_factor,AI1_crest_factor",0.097
3,derived_10,파생 1.0초,2003,54,19,"AI0_RMS,AI1_RMS,AI0_AI1_RMS_diff,AI0_AI1_RMS_ratio,AI0_AI1_corr,Current_RMS,Current_RMS_to_AI0_RMS_ratio,Current_RMS_to_AI1_RMS_ratio,AI0_current_residual,AI1_current_residual,AI0_RMS_slope,AI1_RMS_slope,Current_RMS_slope,dCurrent_RMS_x_dAI0_RMS,dCurrent_RMS_x_dAI1_RMS,AI0_kurtosis,AI1_kurtosis,AI0_crest_factor,AI1_crest_factor",0.065
3,derived_15,파생 1.5초,1334,36,19,"AI0_RMS,AI1_RMS,AI0_AI1_RMS_diff,AI0_AI1_RMS_ratio,AI0_AI1_corr,Current_RMS,Current_RMS_to_AI0_RMS_ratio,Current_RMS_to_AI1_RMS_ratio,AI0_current_residual,AI1_current_residual,AI0_RMS_slope,AI1_RMS_slope,Current_RMS_slope,dCurrent_RMS_x_dAI0_RMS,dCurrent_RMS_x_dAI1_RMS,AI0_kurtosis,AI1_kurtosis,AI0_crest_factor,AI1_crest_factor",0.045
3,derived_20,파생 2.0초,911,24,19,"AI0_RMS,AI1_RMS,AI0_AI1_RMS_diff,AI0_AI1_RMS_ratio,AI0_AI1_corr,Current_RMS,Current_RMS_to_AI0_RMS_ratio,Current_RMS_to_AI1_RMS_ratio,AI0_current_residual,AI1_current_residual,AI0_RMS_slope,AI1_RMS_slope,Current_RMS_slope,dCurrent_RMS_x_dAI0_RMS,dCurrent_RMS_x_dAI1_RMS,AI0_kurtosis,AI1_kurtosis,AI0_crest_factor,AI1_crest_factor",0.051
4,raw_single,단일시점,2710,80,3,"AI0_Vibration,AI1_Vibration,AI2_Current",0.063
4,raw_window_5,원데이터 0.5초,2702,80,15,"t01_AI0_Vibration,t01_AI1_Vibration,t01_AI2_Current,t02_AI0_Vibration,t02_AI1_Vibration,t02_AI2_Current,t03_AI0_Vibration,t03_AI1_Vibration,t03_AI2_Current,t04_AI0_Vibration,t04_AI1_Vibration,t04_AI2_Current,t05_AI0_Vibration,t05_AI1_Vibration,t05_AI2_Current",0.078
4,raw_window_10,원데이터 1.0초,2018,62,30,"t01_AI0_Vibration,t01_AI1_Vibration,t01_AI2_Current,t02_AI0_Vibration,t02_AI1_Vibration,t02_AI2_Current,t03_AI0_Vibration,t03_AI1_Vibration,t03_AI2_Current,t04_AI0_Vibration,t04_AI1_Vibration,t04_AI2_Current,t05_AI0_Vibration,t05_AI1_Vibration,t05_AI2_Current,t06_AI0_Vibration,t06_AI1_Vibration,t06_AI2_Current,t07_AI0_Vibration,t07_AI1_Vibration,t07_AI2_Current,t08_AI0_Vibration,t08_AI1_Vibration,t08_AI2_Current,t09_AI0_Vibration,t09_AI1_Vibration,t09_AI2_Current,t10_AI0_Vibration,t10_AI1_Vibration,t10_AI2_Current",0.094
4,raw_window_15,원데이터 1.5초,1341,41,45,"t01_AI0_Vibration,t01_AI1_Vibration,t01_AI2_Current,t02_AI0_Vibration,t02_AI1_Vibration,t02_AI2_Current,t03_AI0_Vibration,t03_AI1_Vibration,t03_AI2_Current,t04_AI0_Vibration,t04_AI1_Vibration,t04_AI2_Current,t05_AI0_Vibration,t05_AI1_Vibration,t05_AI2_Current,t06_AI0_Vibration,t06_AI1_Vibration,t06_AI2_Current,t07_AI0_Vibration,t07_AI1_Vibration,t07_AI2_Current,t08_AI0_Vibration,t08_AI1_Vibration,t08_AI2_Current,t09_AI0_Vibration,t09_AI1_Vibration,t09_AI2_Current,t10_AI0_Vibration,t10_AI1_Vibration,t10_AI2_Current,t11_AI0_Vibration,t11_AI1_Vibration,t11_AI2_Current,t12_AI0_Vibration,t12_AI1_Vibration,t12_AI2_Current,t13_AI0_Vibration,t13_AI1_Vibration,t13_AI2_Current,t14_AI0_Vibration,t14_AI1_Vibration,t14_AI2_Current,t15_AI0_Vibration,t15_AI1_Vibration,t15_AI2_Current",0.094
4,raw_window_20,원데이터 2.0초,910,28,60,"t01_AI0_Vibration,t01_AI1_Vibration,t01_AI2_Current,t02_AI0_Vibration,t02_AI1_Vibration,t02_AI2_Current,t03_AI0_Vibration,t03_AI1_Vibration,t03_AI2_Current,t04_AI0_Vibration,t04_AI1_Vibration,t04_AI2_Current,t05_AI0_Vibration,t05_AI1_Vibration,t05_AI2_Current,t06_AI0_Vibration,t06_AI1_Vibration,t06_AI2_Current,t07_AI0_Vibration,t07_AI1_Vibration,t07_AI2_Current,t08_AI0_Vibration,t08_AI1_Vibration,t08_AI2_Current,t09_AI0_Vibration,t09_AI1_Vibration,t09_AI2_Current,t10_AI0_Vibration,t10_AI1_Vibration,t10_AI2_Current,t11_AI0_Vibration,t11_AI1_Vibration,t11_AI2_Current,t12_AI0_Vibration,t12_AI1_Vibration,t12_AI2_Current,t13_AI0_Vibration,t13_AI1_Vibration,t13_AI2_Current,t14_AI0_Vibration,t14_AI1_Vibration,t14_AI2_Current,t15_AI0_Vibration,t15_AI1_Vibration,t15_AI2_Current,t16_AI0_Vibration,t16_AI1_Vibration,t16_AI2_Current,t17_AI0_Vibration,t17_AI1_Vibration,t17_AI2_Current,t18_AI0_Vibration,t18_AI1_Vibration,t18_AI2_Current,t19_AI0_Vibration,t19_AI1_Vibration,t19_AI2_Current,t20_AI0_Vibration,t20_AI1_Vibration,t20_AI2_Current",0.105
4,derived_5,파생 0.5초,2702,80,19,"AI0_RMS,AI1_RMS,AI0_AI1_RMS_diff,AI0_AI1_RMS_ratio,AI0_AI1_corr,Current_RMS,Current_RMS_to_AI0_RMS_ratio,Current_RMS_to_AI1_RMS_ratio,AI0_current_residual,AI1_current_residual,AI0_RMS_slope,AI1_RMS_slope,Current_RMS_slope,dCurrent_RMS_x_dAI0_RMS,dCurrent_RMS_x_dAI1_RMS,AI0_kurtosis,AI1_kurtosis,AI0_crest_factor,AI1_crest_factor",0.086
4,derived_10,파생 1.0초,2018,62,19,"AI0_RMS,AI1_RMS,AI0_AI1_RMS_diff,AI0_AI1_RMS_ratio,AI0_AI1_corr,Current_RMS,Current_RMS_to_AI0_RMS_ratio,Current_RMS_to_AI1_RMS_ratio,AI0_current_residual,AI1_current_residual,AI0_RMS_slope,AI1_RMS_slope,Current_RMS_slope,dCurrent_RMS_x_dAI0_RMS,dCurrent_RMS_x_dAI1_RMS,AI0_kurtosis,AI1_kurtosis,AI0_crest_factor,AI1_crest_factor",0.074
4,derived_15,파생 1.5초,1341,41,19,"AI0_RMS,AI1_RMS,AI0_AI1_RMS_diff,AI0_AI1_RMS_ratio,AI0_AI1_corr,Current_RMS,Current_RMS_to_AI0_RMS_ratio,Current_RMS_to_AI1_RMS_ratio,AI0_current_residual,AI1_current_residual,AI0_RMS_slope,AI1_RMS_slope,Current_RMS_slope,dCurrent_RMS_x_dAI0_RMS,dCurrent_RMS_x_dAI1_RMS,AI0_kurtosis,AI1_kurtosis,AI0_crest_factor,AI1_crest_factor",0.071
4,derived_20,파생 2.0초,910,28,19,"AI0_RMS,AI1_RMS,AI0_AI1_RMS_diff,AI0_AI1_RMS_ratio,AI0_AI1_corr,Current_RMS,Current_RMS_to_AI0_RMS_ratio,Current_RMS_to_AI1_RMS_ratio,AI0_current_residual,AI1_current_residual,AI0_RMS_slope,AI1_RMS_slope,Current_RMS_slope,dCurrent_RMS_x_dAI0_RMS,dCurrent_RMS_x_dAI1_RMS,AI0_kurtosis,AI1_kurtosis,AI0_crest_factor,AI1_crest_factor",0.047
5,raw_single,단일시점,2710,80,3,"AI0_Vibration,AI1_Vibration,AI2_Current",0.063
5,raw_window_5,원데이터 0.5초,2699,80,15,"t01_AI0_Vibration,t01_AI1_Vibration,t01_AI2_Current,t02_AI0_Vibration,t02_AI1_Vibration,t02_AI2_Current,t03_AI0_Vibration,t03_AI1_Vibration,t03_AI2_Current,t04_AI0_Vibration,t04_AI1_Vibration,t04_AI2_Current,t05_AI0_Vibration,t05_AI1_Vibration,t05_AI2_Current",0.081
5,raw_window_10,원데이터 1.0초,1996,63,30,"t01_AI0_Vibration,t01_AI1_Vibration,t01_AI2_Current,t02_AI0_Vibration,t02_AI1_Vibration,t02_AI2_Current,t03_AI0_Vibration,t03_AI1_Vibration,t03_AI2_Current,t04_AI0_Vibration,t04_AI1_Vibration,t04_AI2_Current,t05_AI0_Vibration,t05_AI1_Vibration,t05_AI2_Current,t06_AI0_Vibration,t06_AI1_Vibration,t06_AI2_Current,t07_AI0_Vibration,t07_AI1_Vibration,t07_AI2_Current,t08_AI0_Vibration,t08_AI1_Vibration,t08_AI2_Current,t09_AI0_Vibration,t09_AI1_Vibration,t09_AI2_Current,t10_AI0_Vibration,t10_AI1_Vibration,t10_AI2_Current",0.095
5,raw_window_15,원데이터 1.5초,1325,42,45,"t01_AI0_Vibration,t01_AI1_Vibration,t01_AI2_Current,t02_AI0_Vibration,t02_AI1_Vibration,t02_AI2_Current,t03_AI0_Vibration,t03_AI1_Vibration,t03_AI2_Current,t04_AI0_Vibration,t04_AI1_Vibration,t04_AI2_Current,t05_AI0_Vibration,t05_AI1_Vibration,t05_AI2_Current,t06_AI0_Vibration,t06_AI1_Vibration,t06_AI2_Current,t07_AI0_Vibration,t07_AI1_Vibration,t07_AI2_Current,t08_AI0_Vibration,t08_AI1_Vibration,t08_AI2_Current,t09_AI0_Vibration,t09_AI1_Vibration,t09_AI2_Current,t10_AI0_Vibration,t10_AI1_Vibration,t10_AI2_Current,t11_AI0_Vibration,t11_AI1_Vibration,t11_AI2_Current,t12_AI0_Vibration,t12_AI1_Vibration,t12_AI2_Current,t13_AI0_Vibration,t13_AI1_Vibration,t13_AI2_Current,t14_AI0_Vibration,t14_AI1_Vibration,t14_AI2_Current,t15_AI0_Vibration,t15_AI1_Vibration,t15_AI2_Current",0.101
5,raw_window_20,원데이터 2.0초,901,28,60,"t01_AI0_Vibration,t01_AI1_Vibration,t01_AI2_Current,t02_AI0_Vibration,t02_AI1_Vibration,t02_AI2_Current,t03_AI0_Vibration,t03_AI1_Vibration,t03_AI2_Current,t04_AI0_Vibration,t04_AI1_Vibration,t04_AI2_Current,t05_AI0_Vibration,t05_AI1_Vibration,t05_AI2_Current,t06_AI0_Vibration,t06_AI1_Vibration,t06_AI2_Current,t07_AI0_Vibration,t07_AI1_Vibration,t07_AI2_Current,t08_AI0_Vibration,t08_AI1_Vibration,t08_AI2_Current,t09_AI0_Vibration,t09_AI1_Vibration,t09_AI2_Current,t10_AI0_Vibration,t10_AI1_Vibration,t10_AI2_Current,t11_AI0_Vibration,t11_AI1_Vibration,t11_AI2_Current,t12_AI0_Vibration,t12_AI1_Vibration,t12_AI2_Current,t13_AI0_Vibration,t13_AI1_Vibration,t13_AI2_Current,t14_AI0_Vibration,t14_AI1_Vibration,t14_AI2_Current,t15_AI0_Vibration,t15_AI1_Vibration,t15_AI2_Current,t16_AI0_Vibration,t16_AI1_Vibration,t16_AI2_Current,t17_AI0_Vibration,t17_AI1_Vibration,t17_AI2_Current,t18_AI0_Vibration,t18_AI1_Vibration,t18_AI2_Current,t19_AI0_Vibration,t19_AI1_Vibration,t19_AI2_Current,t20_AI0_Vibration,t20_AI1_Vibration,t20_AI2_Current",0.114
5,derived_5,파생 0.5초,2699,80,19,"AI0_RMS,AI1_RMS,AI0_AI1_RMS_diff,AI0_AI1_RMS_ratio,AI0_AI1_corr,Current_RMS,Current_RMS_to_AI0_RMS_ratio,Current_RMS_to_AI1_RMS_ratio,AI0_current_residual,AI1_current_residual,AI0_RMS_slope,AI1_RMS_slope,Current_RMS_slope,dCurrent_RMS_x_dAI0_RMS,dCurrent_RMS_x_dAI1_RMS,AI0_kurtosis,AI1_kurtosis,AI0_crest_factor,AI1_crest_factor",0.084
5,derived_10,파생 1.0초,1996,63,19,"AI0_RMS,AI1_RMS,AI0_AI1_RMS_diff,AI0_AI1_RMS_ratio,AI0_AI1_corr,Current_RMS,Current_RMS_to_AI0_RMS_ratio,Current_RMS_to_AI1_RMS_ratio,AI0_current_residual,AI1_current_residual,AI0_RMS_slope,AI1_RMS_slope,Current_RMS_slope,dCurrent_RMS_x_dAI0_RMS,dCurrent_RMS_x_dAI1_RMS,AI0_kurtosis,AI1_kurtosis,AI0_crest_factor,AI1_crest_factor",0.076
5,derived_15,파생 1.5초,1325,42,19,"AI0_RMS,AI1_RMS,AI0_AI1_RMS_diff,AI0_AI1_RMS_ratio,AI0_AI1_corr,Current_RMS,Current_RMS_to_AI0_RMS_ratio,Current_RMS_to_AI1_RMS_ratio,AI0_current_residual,AI1_current_residual,AI0_RMS_slope,AI1_RMS_slope,Current_RMS_slope,dCurrent_RMS_x_dAI0_RMS,dCurrent_RMS_x_dAI1_RMS,AI0_kurtosis,AI1_kurtosis,AI0_crest_factor,AI1_crest_factor",0.064
5,derived_20,파생 2.0초,901,28,19,"AI0_RMS,AI1_RMS,AI0_AI1_RMS_diff,AI0_AI1_RMS_ratio,AI0_AI1_corr,Current_RMS,Current_RMS_to_AI0_RMS_ratio,Current_RMS_to_AI1_RMS_ratio,AI0_current_residual,AI1_current_residual,AI0_RMS_slope,AI1_RMS_slope,Current_RMS_slope,dCurrent_RMS_x_dAI0_RMS,dCurrent_RMS_x_dAI1_RMS,AI0_kurtosis,AI1_kurtosis,AI0_crest_factor,AI1_crest_factor",0.07
