class,segment_id,samples,duration_seconds
normal,1,41,4.0
normal,2,37,3.6
normal,3,24,2.3
normal,4,10,0.9
normal,5,50,4.9
normal,6,50,4.9
normal,7,50,4.9
normal,8,41,4.0
normal,9,26,2.5
normal,10,13,1.2
normal,11,50,4.9
normal,12,50,4.9
normal,13,40,3.9
normal,14,25,2.4
normal,15,14,1.3
normal,16,50,4.9
normal,17,50,4.9
normal,18,36,3.5
normal,19,36,3.5
normal,20,23,2.2
normal,21,22,2.1
normal,22,11,1.0
normal,23,50,4.9
normal,24,50,4.9
normal,25,36,3.5
normal,26,26,2.5
normal,27,12,1.1
normal,28,50,4.9
normal,29,50,4.9
normal,30,42,4.1
normal,31,27,2.6
normal,32,13,1.2
normal,33,2,0.1
normal,34,50,4.9
normal,35,50,4.9
normal,36,38,3.7
normal,37,37,3.6
normal,38,24,2.3
normal,39,12,1.1
normal,40,12,1.1
normal,41,1,0.0
normal,42,50,4.9
normal,43,50,4.9
normal,44,43,4.2
normal,45,29,2.8
normal,46,17,1.6
normal,47,5,0.4
normal,48,50,4.9
normal,49,50,4.9
normal,50,40,3.9
normal,51,22,2.1
normal,52,50,4.9
normal,53,50,4.9
normal,54,50,4.9
normal,55,50,4.9
normal,56,50,4.9
normal,57,50,4.9
normal,58,50,4.9
normal,59,50,4.9
normal,60,50,4.9
normal,61,50,4.9
normal,62,50,4.9
normal,63,50,4.9
normal,64,50,4.9
normal,65,50,4.9
normal,66,50,4.9
normal,67,50,4.9
normal,68,50,4.9
normal,69,50,4.9
normal,70,50,4.9
normal,71,50,4.9
normal,72,50,4.9
normal,73,50,4.9
normal,74,50,4.9
normal,75,50,4.9
normal,76,50,4.9
normal,77,50,4.9
normal,78,12,1.1
normal,79,50,4.9
normal,80,50,4.9
normal,81,42,4.1
normal,82,31,3.0
normal,83,16,1.5
normal,84,5,0.4
normal,85,50,4.9
normal,86,46,4.5
normal,87,33,3.2
normal,88,23,2.2
normal,89,12,1.1
normal,90,50,4.9
normal,91,49,4.8
normal,92,36,3.5
normal,93,23,2.2
normal,94,8,0.7
normal,95,50,4.9
normal,96,50,4.9
normal,97,38,3.7
normal,98,25,2.4
normal,99,24,2.3
normal,100,12,1.1
normal,101,50,4.9
normal,102,50,4.9
normal,103,45,4.4
normal,104,34,3.3
normal,105,34,3.3
normal,106,22,2.1
normal,107,9,0.8
normal,108,50,4.9
normal,109,50,4.9
normal,110,37,3.6
normal,111,23,2.2
normal,112,10,0.9
normal,113,50,4.9
normal,114,50,4.9
normal,115,40,3.9
normal,116,27,2.6
normal,117,27,2.6
normal,118,17,1.6
normal,119,2,0.1
normal,120,50,4.9
normal,121,50,4.9
normal,122,42,4.1
normal,123,29,2.8
normal,124,18,1.7
normal,125,7,0.6
normal,126,50,4.9
normal,127,50,4.9
normal,128,48,4.7
normal,129,36,3.5
normal,130,20,1.9
normal,131,7,0.6
normal,132,50,4.9
normal,133,49,4.8
normal,134,35,3.4
normal,135,22,2.1
normal,136,9,0.8
normal,137,50,4.9
normal,138,48,4.7
normal,139,48,4.7
normal,140,35,3.4
normal,141,23,2.2
normal,142,13,1.2
normal,143,2,0.1
normal,144,1,0.0
normal,145,50,4.9
normal,146,50,4.9
normal,147,40,3.9
normal,148,26,2.5
normal,149,26,2.5
normal,150,15,1.4
normal,151,3,0.2
normal,152,3,0.2
normal,153,50,4.9
normal,154,50,4.9
normal,155,47,4.6
normal,156,34,3.3
normal,157,19,1.8
normal,158,6,0.5
normal,159,50,4.9
normal,160,50,4.9
normal,161,38,3.7
normal,162,26,2.5
normal,163,13,1.2
normal,164,2,0.1
normal,165,50,4.9
normal,166,43,4.2
normal,167,32,3.1
normal,168,19,1.8
normal,169,7,0.6
normal,170,50,4.9
normal,171,42,4.1
normal,172,27,2.6
normal,173,26,2.5
normal,174,14,1.3
normal,175,3,0.2
normal,176,50,4.9
normal,177,50,4.9
normal,178,46,4.5
normal,179,32,3.1
normal,180,20,1.9
normal,181,7,0.6
normal,182,50,4.9
normal,183,47,4.6
normal,184,32,3.1
normal,185,33,3.2
normal,186,22,2.1
normal,187,9,0.8
normal,188,50,4.9
normal,189,50,4.9
normal,190,36,3.5
normal,191,26,2.5
normal,192,12,1.1
normal,193,50,4.9
normal,194,50,4.9
normal,195,42,4.1
normal,196,29,2.8
normal,197,18,1.7
normal,198,6,0.5
normal,199,50,4.9
normal,200,49,4.8
normal,201,33,3.2
normal,202,22,2.1
normal,203,8,0.7
normal,204,50,4.9
normal,205,48,4.7
normal,206,33,3.2
normal,207,22,2.1
normal,208,12,1.1
normal,209,11,1.0
normal,210,50,4.9
normal,211,50,4.9
normal,212,50,4.9
normal,213,38,3.7
normal,214,23,2.2
normal,215,12,1.1
normal,216,10,0.9
normal,217,50,4.9
normal,218,50,4.9
normal,219,38,3.7
normal,220,24,2.3
normal,221,14,1.3
normal,222,50,4.9
normal,223,50,4.9
normal,224,40,3.9
normal,225,29,2.8
normal,226,15,1.4
normal,227,2,0.1
normal,228,50,4.9
normal,229,50,4.9
normal,230,43,4.2
normal,231,32,3.1
normal,232,16,1.5
normal,233,4,0.3
normal,234,50,4.9
normal,235,50,4.9
normal,236,41,4.0
normal,237,26,2.5
normal,238,15,1.4
normal,239,3,0.2
normal,240,50,4.9
normal,241,50,4.9
normal,242,43,4.2
normal,243,29,2.8
normal,244,16,1.5
normal,245,6,0.5
normal,246,50,4.9
normal,247,50,4.9
normal,248,50,4.9
normal,249,35,3.4
normal,250,23,2.2
normal,251,9,0.8
normal,252,50,4.9
normal,253,50,4.9
normal,254,38,3.7
normal,255,27,2.6
normal,256,13,1.2
normal,257,6,0.5
normal,258,50,4.9
normal,259,45,4.4
normal,260,32,3.1
normal,261,19,1.8
normal,262,21,2.0
normal,263,8,0.7
normal,264,9,0.8
normal,265,50,4.9
normal,266,50,4.9
normal,267,39,3.8
normal,268,26,2.5
normal,269,15,1.4
normal,270,4,0.3
normal,271,50,4.9
normal,272,50,4.9
normal,273,43,4.2
normal,274,45,4.4
normal,275,50,4.9
normal,276,47,4.6
normal,277,32,3.1
normal,278,21,2.0
normal,279,8,0.7
normal,280,8,0.7
normal,281,50,4.9
normal,282,48,4.7
normal,283,33,3.2
normal,284,22,2.1
normal,285,10,0.9
normal,286,50,4.9
normal,287,50,4.9
normal,288,50,4.9
normal,289,36,3.5
normal,290,24,2.3
normal,291,13,1.2
normal,292,1,0.0
normal,293,50,4.9
normal,294,50,4.9
normal,295,42,4.1
normal,296,29,2.8
normal,297,20,1.9
normal,298,8,0.7
normal,299,50,4.9
normal,300,48,4.7
normal,301,36,3.5
normal,302,20,1.9
normal,303,9,0.8
normal,304,50,4.9
normal,305,50,4.9
normal,306,38,3.7
normal,307,35,3.4
normal,308,23,2.2
normal,309,9,0.8
normal,310,50,4.9
normal,311,50,4.9
normal,312,38,3.7
normal,313,24,2.3
normal,314,17,1.6
normal,315,1,0.0
normal,316,50,4.9
normal,317,50,4.9
normal,318,42,4.1
normal,319,31,3.0
normal,320,16,1.5
normal,321,3,0.2
normal,322,3,0.2
normal,323,50,4.9
normal,324,50,4.9
normal,325,44,4.3
normal,326,30,2.9
normal,327,19,1.8
normal,328,3,0.2
normal,329,50,4.9
normal,330,50,4.9
normal,331,42,4.1
normal,332,30,2.9
normal,333,14,1.3
normal,334,2,0.1
normal,335,50,4.9
normal,336,45,4.4
normal,337,34,3.3
normal,338,32,3.1
normal,339,20,1.9
normal,340,6,0.5
normal,341,50,4.9
normal,342,50,4.9
normal,343,45,4.4
normal,344,34,3.3
normal,345,21,2.0
normal,346,14,1.3
normal,347,2,0.1
normal,348,50,4.9
normal,349,50,4.9
normal,350,41,4.0
normal,351,28,2.7
normal,352,18,1.7
normal,353,5,0.4
normal,354,50,4.9
normal,355,50,4.9
normal,356,46,4.5
normal,357,32,3.1
normal,358,20,1.9
normal,359,7,0.6
normal,360,50,4.9
normal,361,50,4.9
normal,362,50,4.9
normal,363,34,3.3
normal,364,21,2.0
normal,365,9,0.8
normal,366,50,4.9
normal,367,50,4.9
normal,368,37,3.6
normal,369,27,2.6
normal,370,15,1.4
normal,371,1,0.0
normal,372,50,4.9
normal,373,50,4.9
normal,374,43,4.2
normal,375,30,2.9
normal,376,21,2.0
normal,377,6,0.5
normal,378,50,4.9
normal,379,50,4.9
normal,380,43,4.2
normal,381,29,2.8
normal,382,13,1.2
normal,383,1,0.0
normal,384,50,4.9
normal,385,50,4.9
normal,386,40,3.9
normal,387,28,2.7
normal,388,17,1.6
normal,389,4,0.3
normal,390,50,4.9
normal,391,50,4.9
normal,392,39,3.8
normal,393,25,2.4
normal,394,14,1.3
normal,395,1,0.0
normal,396,50,4.9
normal,397,44,4.3
normal,398,32,3.1
normal,399,22,2.1
normal,400,7,0.6
normal,401,50,4.9
normal,402,46,4.5
normal,403,34,3.3
normal,404,21,2.0
normal,405,12,1.1
normal,406,50,4.9
normal,407,50,4.9
normal,408,38,3.7
normal,409,25,2.4
normal,410,13,1.2
normal,411,50,4.9
normal,412,50,4.9
normal,413,40,3.9
normal,414,28,2.7
normal,415,15,1.4
normal,416,14,1.3
normal,417,1,0.0
normal,418,50,4.9
normal,419,50,4.9
normal,420,38,3.7
normal,421,23,2.2
normal,422,10,0.9
normal,423,50,4.9
normal,424,49,4.8
normal,425,36,3.5
normal,426,24,2.3
normal,427,11,1.0
normal,428,50,4.9
normal,429,50,4.9
normal,430,39,3.8
normal,431,28,2.7
normal,432,25,2.4
normal,433,11,1.0
normal,434,50,4.9
normal,435,49,4.8
normal,436,35,3.4
normal,437,22,2.1
normal,438,10,0.9
normal,439,50,4.9
normal,440,49,4.8
normal,441,34,3.3
normal,442,17,1.6
normal,443,4,0.3
normal,444,50,4.9
normal,445,50,4.9
normal,446,44,4.3
normal,447,31,3.0
normal,448,21,2.0
normal,449,7,0.6
normal,450,50,4.9
normal,451,48,4.7
normal,452,37,3.6
normal,453,24,2.3
normal,454,11,1.0
normal,455,50,4.9
normal,456,50,4.9
normal,457,39,3.8
normal,458,27,2.6
normal,459,18,1.7
normal,460,5,0.4
normal,461,50,4.9
normal,462,48,4.7
normal,463,34,3.3
normal,464,34,3.3
normal,465,20,1.9
normal,466,8,0.7
normal,467,50,4.9
normal,468,49,4.8
normal,469,36,3.5
normal,470,37,3.6
normal,471,24,2.3
normal,472,11,1.0
normal,473,50,4.9
normal,474,50,4.9
normal,475,39,3.8
normal,476,27,2.6
normal,477,14,1.3
normal,478,50,4.9
normal,479,50,4.9
normal,480,50,4.9
normal,481,50,4.9
normal,482,41,4.0
normal,483,50,4.9
normal,484,44,4.3
normal,485,44,4.3
normal,486,44,4.3
normal,487,43,4.2
normal,488,35,3.4
normal,489,23,2.2
normal,490,21,2.0
normal,491,8,0.7
normal,492,50,4.9
normal,493,50,4.9
normal,494,39,3.8
normal,495,27,2.6
normal,496,15,1.4
normal,497,13,1.2
normal,498,50,4.9
normal,499,50,4.9
normal,500,50,4.9
normal,501,37,3.6
normal,502,24,2.3
normal,503,11,1.0
normal,504,13,1.2
normal,505,50,4.9
normal,506,50,4.9
normal,507,38,3.7
normal,508,27,2.6
normal,509,13,1.2
normal,510,50,4.9
normal,511,50,4.9
normal,512,38,3.7
normal,513,26,2.5
normal,514,13,1.2
normal,515,50,4.9
normal,516,50,4.9
normal,517,40,3.9
normal,518,25,2.4
normal,519,13,1.2
normal,520,50,4.9
normal,521,50,4.9
normal,522,39,3.8
normal,523,25,2.4
normal,524,11,1.0
normal,525,50,4.9
normal,526,50,4.9
normal,527,49,4.8
normal,528,36,3.5
normal,529,25,2.4
normal,530,11,1.0
normal,531,1,0.0
normal,532,50,4.9
normal,533,50,4.9
normal,534,38,3.7
normal,535,25,2.4
normal,536,10,0.9
normal,537,50,4.9
normal,538,50,4.9
normal,539,35,3.4
normal,540,23,2.2
normal,541,10,0.9
normal,542,8,0.7
normal,543,50,4.9
normal,544,50,4.9
normal,545,36,3.5
normal,546,22,2.1
normal,547,7,0.6
normal,548,8,0.7
normal,549,50,4.9
normal,550,49,4.8
normal,551,46,4.5
normal,552,45,4.4
normal,553,31,3.0
normal,554,17,1.6
normal,555,3,0.2
normal,556,50,4.9
normal,557,50,4.9
normal,558,45,4.4
normal,559,30,2.9
normal,560,19,1.8
normal,561,5,0.4
normal,562,50,4.9
normal,563,50,4.9
normal,564,44,4.3
normal,565,30,2.9
normal,566,18,1.7
normal,567,4,0.3
normal,568,50,4.9
normal,569,50,4.9
normal,570,44,4.3
normal,571,42,4.1
normal,572,30,2.9
normal,573,20,1.9
normal,574,8,0.7
normal,575,50,4.9
normal,576,50,4.9
normal,577,49,4.8
normal,578,35,3.4
normal,579,35,3.4
normal,580,24,2.3
normal,581,10,0.9
normal,582,50,4.9
normal,583,50,4.9
normal,584,37,3.6
normal,585,25,2.4
normal,586,11,1.0
normal,587,50,4.9
normal,588,50,4.9
normal,589,42,4.1
normal,590,29,2.8
normal,591,18,1.7
normal,592,6,0.5
normal,593,50,4.9
normal,594,46,4.5
normal,595,35,3.4
normal,596,22,2.1
normal,597,8,0.7
normal,598,50,4.9
normal,599,44,4.3
anomaly,1,4,0.3
anomaly,2,50,4.9
anomaly,3,47,4.6
anomaly,4,31,3.0
anomaly,5,18,1.7
anomaly,6,3,0.2
anomaly,7,50,4.9
anomaly,8,40,3.9
anomaly,9,25,2.4
anomaly,10,8,0.7
anomaly,11,4,0.3
anomaly,12,50,4.9
anomaly,13,42,4.1
anomaly,14,28,2.7
anomaly,15,15,1.4
anomaly,16,50,4.9
anomaly,17,50,4.9
anomaly,18,36,3.5
anomaly,19,24,2.3
anomaly,20,10,0.9
anomaly,21,15,1.4
