class,segment_id,AI0_RMS,AI1_RMS,Current_RMS,AI0_AI1_signed_corr
normal,1,0.0626284107502338,0.16396997599194799,151.5188395543844,0.39194281096315703
normal,2,0.07090958386635758,0.12967546795924817,135.4017127871064,0.2411822146200128
normal,3,0.04264503546193859,0.054023431708380025,76.7667776469247,0.09271792056631578
normal,5,0.030584858700834307,0.04933341869818065,80.44214303643099,0.37009117274044273
normal,6,0.07314696453749807,0.14331962052088332,143.88543593320708,0.35428361620332977
normal,7,0.07865810055296275,0.040844006506463096,82.2942680064608,0.2916857808617957
normal,8,0.0955689841658893,0.1800177474418842,164.50188579154405,0.34018934455211286
normal,9,0.07158401765617797,0.1056637272274644,121.80323184869246,0.42616163158086456
normal,11,0.06322395313684522,0.11728332715650593,160.66566801580478,0.3298505912654812
normal,12,0.0554695601889,0.049577314902079964,85.55683737912325,-0.0004067052386865322
normal,13,0.06506150934461942,0.1233451114683918,143.20473392721473,0.33346306771618894
normal,14,0.05723525027463408,0.16474837487301658,179.17425795265774,0.26556427818977707
normal,16,0.08785785787822281,0.18577545283917354,176.50994741413854,0.41811105198065784
normal,17,0.08694163812897707,0.11364294973028463,119.51720776333208,0.13688897313443557
normal,18,0.047688797284058226,0.05329894786344286,85.96621981665176,-0.04237427647988009
normal,19,0.0881087232474742,0.08274104941230802,99.94157388550505,-0.05898104427433746
normal,20,0.0905271173591096,0.039384571291941214,82.51800538330139,0.45241289255092637
normal,21,0.06978052976654735,0.07191080403666754,80.21047431691728,0.3768773656613074
normal,23,0.07928007202475286,0.07509686073798291,102.1665478085882,0.42384972943731286
normal,24,0.06766336217629154,0.04268392926500558,86.87453528613902,0.2587755812596317
normal,25,0.07392815290063724,0.18370111981204687,174.2083850404943,0.6160973113997267
normal,26,0.07074630465084378,0.04164546183079256,83.83211232947659,0.48453776922061104
normal,28,0.06191888645558802,0.03960126996953507,81.83652824441394,0.4431887409820598
normal,29,0.06562977452269664,0.045239276348655266,92.4223599472799,0.5136546143220417
normal,30,0.08154722143825625,0.07144889109811292,92.56420708692062,0.0949054315376141
normal,31,0.07558647944771604,0.18757957189243715,166.46058144119573,0.42969819950580884
normal,34,0.10169313658797235,0.12588651573977255,131.26763832563935,0.48487005892612084
normal,35,0.08880446575369959,0.13297719924671297,165.0721041104112,0.312606199361323
normal,36,0.04000841733310629,0.03575370864190175,79.15499745794018,0.13753483701289143
normal,37,0.07277304238040347,0.13220222075612043,136.40485374999147,0.19454967033178516
normal,38,0.05895013417457165,0.04328291795616372,76.50085451293737,-0.07745780104634825
normal,42,0.04906339008670314,0.044480502553366004,88.52425786773657,0.5163937686556124
normal,43,0.061085986844365545,0.044913505683146136,77.57856128404575,0.5012386823659306
normal,44,0.07129942046503604,0.17413718797143818,180.04932134962644,0.2985286677939821
normal,45,0.06943088321525227,0.09891984864955061,117.91200033300845,0.16491822754395555
normal,48,0.06717182417353276,0.1313375074508421,155.92178626308782,0.3166801014329403
normal,49,0.04578720762341814,0.05816163645909562,75.97603747369864,-0.31988319744474375
normal,50,0.06769955647934484,0.11764301469764364,134.00361318068383,0.23128464512013916
normal,51,0.05928028850933505,0.1605485883463321,161.243525741622,0.31494396373760175
normal,52,0.05392154340289231,0.03997150512552661,84.57281244990182,0.1284409180071445
normal,53,0.11059798988408424,0.16122550686864037,116.59009301383414,-0.26704974735821396
normal,54,0.08704945065392429,0.16713388155577552,168.8070047709253,0.4459862565176641
normal,55,0.0331499192940194,0.04249646234511762,79.02654075812684,0.0010236780231196447
normal,56,0.06431109623035515,0.126659399322948,132.21008029682122,0.24588266228383823
normal,57,0.05863817121721993,0.040683751450056815,87.89394522531651,-0.01920527545959647
normal,58,0.06295423365985801,0.07300240163172717,100.14290764703965,0.6664830587702696
normal,59,0.0752020299898879,0.052774548301240815,85.14370151589327,0.38085209800800446
normal,60,0.06205218767336089,0.16229625718635657,165.77032997805526,0.5126036074359615
normal,61,0.08651638983134931,0.10211444921655309,103.31294941098909,-0.07604737783293368
normal,62,0.058287730937994144,0.03689894911308451,85.9477127340858,0.5117185677773406
normal,63,0.08158882126461933,0.19815031257343502,190.5123415304226,0.5845436299599688
normal,64,0.07434890082711379,0.12711281835125834,143.8102845375207,0.3046889098306564
normal,65,0.07239017074368591,0.05816658791093044,83.75665837983146,0.19068740465113596
normal,66,0.05862771897191634,0.1427113845167932,153.3174940786609,0.3595427721327366
normal,67,0.07710782362575148,0.13135139704700516,146.66396158974598,0.35294201452626367
normal,68,0.08097558090004665,0.11902526962309307,133.48289922528625,-0.13426671294510747
normal,69,0.08333984123005035,0.15850168298585982,158.8211539128734,0.411502909025825
normal,70,0.03981285210582131,0.044654831994981235,76.53372861503551,-0.08193650990487165
normal,71,0.05273750294761784,0.09702206021415954,122.28762997734256,0.46184648813119267
normal,72,0.06941153847848353,0.15231539345253323,161.12640347788738,0.292342830084647
normal,73,0.03591181716023292,0.05209162828708659,78.31853405039409,0.39331129675156007
normal,74,0.059383225507292886,0.089994781875951,98.57085653613824,0.27075726986520826
normal,75,0.08960469372471512,0.1654930326806842,187.5781821023545,0.4366163699473911
normal,76,0.1028780653224972,0.10235207441498194,109.310509567102,0.11902939030704382
normal,77,0.08604100589806003,0.16461944438598375,180.95031226444235,0.50992311700099
normal,79,0.043347597961709484,0.08720999798073613,97.05385089178596,-0.04852856003250569
normal,80,0.09672798723404721,0.1643991239718144,171.18760788662811,0.5536479828162887
normal,81,0.0582567733508302,0.050940521979068884,89.03661901669021,0.24222304857136512
normal,82,0.06507510340714028,0.10519010800379473,119.52645976289722,0.3804667543341673
normal,85,0.07761529975269052,0.19106824637613126,163.9707904016166,0.45696958341829924
normal,86,0.07950298172364355,0.09680543065396692,106.2450862550003,0.06619596471234135
normal,87,0.06870589344881559,0.04827821327317323,78.86855855330276,0.6359831163045169
normal,88,0.10281244870637019,0.19382622051569803,180.63142174271024,0.40539211910945816
normal,90,0.05722751799790027,0.18451928221950137,175.700397819246,0.27696478746686526
normal,91,0.07849432468242529,0.12792157214911015,139.40425569935846,0.2744138725805086
normal,92,0.05198862123147718,0.05395134088463418,82.13153168079064,-0.22381415859259127
normal,93,0.07695669537701057,0.1778983002675967,174.88680176711054,0.42206819598224926
normal,95,0.08913642174414453,0.14408839364934983,141.50817355205268,0.2907986904420178
normal,96,0.08108404157323437,0.14269789866725438,139.34336679672273,0.30585010034605303
normal,97,0.03377334682556645,0.04075030737675484,84.31391746307577,-0.05103919484498948
normal,98,0.06958046929419204,0.14949308703448463,140.72948113037594,0.34220912324790165
normal,99,0.07179148698348572,0.05284263714842401,78.15273159126353,0.20858549295969545
normal,101,0.07752373327794528,0.061893929823125624,96.72366613511602,-0.11756708899439289
normal,102,0.07437202872148911,0.1813106592008589,179.36037840816894,0.5595028680711134
normal,103,0.08594500134679155,0.09258164798490032,95.346975693971,0.242486820957844
normal,104,0.08008480107517281,0.07602491780495392,87.40442329083128,-0.034355158216640695
normal,105,0.036601187669254666,0.056443243433558984,85.42962497466743,0.14299546695114337
normal,106,0.057871222789915196,0.07486063198537667,102.5341766220163,0.08427793617164683
normal,108,0.05166632357009738,0.08031795759386565,109.70712951225016,0.3639291411641091
normal,109,0.07320384116526946,0.19740305746986292,182.66134665351854,0.3813786820266722
normal,110,0.08154917621809554,0.08740406414749831,106.18295176602189,0.20076784795338667
normal,111,0.06668375136418167,0.04218414599645227,85.3035401370527,0.39751554426642893
normal,113,0.05212494612275393,0.036743546813011944,86.19911618453052,0.09186677857603277
normal,114,0.07869509868981676,0.18060366242355108,158.0120318268465,0.4817839476818341
normal,115,0.06492897340864093,0.12722861205719413,132.42938441791208,0.27485449196796347
normal,116,0.03935833209817204,0.04808282184158912,81.54922613797166,-0.09818520925450125
normal,117,0.07668391050213859,0.11638294276825963,140.0804960826186,0.33884460126331933
normal,120,0.06515850902798498,0.15518265019308697,158.3909427252414,0.42917971655228554
normal,121,0.03974794023594178,0.050283869991280504,77.64047719511942,0.06949776277257033
normal,122,0.04791810685847261,0.09624819803871655,112.72643310017216,0.3454090293255495
normal,123,0.11452481985032764,0.18314521678616125,181.4160548593527,0.6436221297974842
normal,126,0.08632689934834913,0.17225885140334588,185.46895136481575,0.4795230374108252
normal,127,0.047829422124880415,0.05256024530289029,78.71974804742904,0.10204820419316611
normal,128,0.07851863780498232,0.11629897286519773,112.98854545376047,0.3712415835875197
normal,129,0.07493410040428856,0.15340703732342267,154.0543075035915,0.39075039706253833
normal,130,0.06949266643718602,0.06992742533727378,82.91868223292481,0.5209615862457023
normal,132,0.03600767845682362,0.03813148193750146,79.36291317363042,-0.08657523625003404
normal,133,0.04124362718590594,0.09721110901872275,110.53549277328241,0.08400850222164427
normal,134,0.09177986767886516,0.1791086394422391,178.36733741476814,0.4327468627406752
normal,135,0.04538030408558321,0.04011071041442672,84.83551067584723,-0.0511800677100555
normal,137,0.07075515579235199,0.11157128734647637,119.7112276360766,0.38828150819559376
normal,138,0.05989569960606521,0.04212151770473139,77.08561582969308,0.11104931012878527
normal,139,0.07694627545307181,0.06156115607832588,91.92619229827584,0.32961564284815037
normal,140,0.06574794843301195,0.048216061018088154,81.68508044949513,0.4928492022227272
normal,141,0.09876669738859348,0.19362817567621712,176.03160565562456,0.4286146440479323
normal,145,0.06620387359135414,0.13911482261319244,138.5512777513842,0.614002824681985
normal,146,0.08378285522856094,0.14903337457344915,146.98608851553706,0.5055009629211944
normal,147,0.04884234567411765,0.04766269007620111,85.3257709399896,-0.1377116680809819
normal,148,0.0975512440128264,0.13190716629205557,121.49263526586229,0.316029285321668
normal,149,0.03783847819085752,0.06286003122334573,85.99509961501755,0.021412886567717206
normal,153,0.060384933380769744,0.048601862649491116,75.61488193305252,-0.06622365594155581
normal,154,0.08479032873358848,0.06687150312240633,94.2045920985744,0.24092515767797346
normal,155,0.05071872904657608,0.048419005403870084,89.40140228795214,0.08877987935753226
normal,156,0.0949501548919221,0.1885766864560675,166.6750047985604,0.5865913069838454
normal,159,0.09556660401390227,0.11251859630167806,118.36669983895844,0.3214481568698109
normal,160,0.05970669674249279,0.04818491712766559,78.81130666126192,0.502815792610666
normal,161,0.06881490648362461,0.19626674705499658,167.39323266732484,0.46456184069193396
normal,162,0.0891004752854888,0.11972407349464018,104.02215883406853,0.5172307492419728
normal,165,0.07934413687759165,0.06994373135885731,78.5560790599138,0.10113749302668276
normal,166,0.07287535336929764,0.16867698315537896,161.4682228030542,0.5114661811001835
normal,167,0.07889014565869427,0.11546202558352249,124.54049652647629,0.1952514528481921
normal,170,0.06896426681731634,0.04636588150191905,86.51722233758697,0.5465653031515725
normal,171,0.10125870006621654,0.18319486440168023,164.92385589415264,0.5191392806699332
normal,172,0.07923535299126268,0.10953128814749692,134.31646349695325,0.18281111976848055
normal,173,0.05557246747356104,0.19453764299512832,160.96400118342783,0.6335400251409798
normal,176,0.05542606638035934,0.14739833387575993,129.36527218953785,0.3074651520226639
normal,177,0.08275489797437974,0.13172997011747176,150.99019233981625,0.4308581068937575
normal,178,0.06615519987763623,0.06510209676730849,85.85277885236853,-0.34143097721882903
normal,179,0.1560029621787676,0.1909326923684103,133.7145545199675,0.1847328694273707
normal,180,0.09168001157095258,0.1562288209323107,152.91206570776063,0.5498796408971979
normal,182,0.07907406157868711,0.20179207833274823,185.4165323781469,0.6957970523785514
normal,183,0.059275272258337196,0.06846380562202192,102.38766143691524,0.5112133762430218
normal,184,0.050254270013104355,0.044602924562185384,88.82339344496526,0.3566117378627659
normal,185,0.04331569683555836,0.05750495522778885,87.51575844508534,0.13901941985639943
normal,186,0.06498520262221238,0.10952512260435959,109.700542285371,0.5024363281001947
normal,188,0.04563848531447993,0.04386927570749259,88.53239494004414,0.435440704537326
normal,189,0.06835505466898552,0.19042151422528392,161.78766849887683,0.3991136430136446
normal,190,0.08592215060739576,0.14679653369834725,125.1852384557899,0.48736664620019315
normal,191,0.039820268261276194,0.053994113818082064,86.97597071540213,0.06912540153332714
normal,193,0.05563897364437989,0.05899595006057619,78.17515192798803,-0.05019084780958074
normal,194,0.0965509073667876,0.19082328143219318,162.68981061595483,0.6274567615689969
normal,195,0.07125968219231686,0.11875901265798734,133.08220941883022,0.27060282280804865
normal,196,0.0642885690885246,0.08401826872799747,80.26928213129594,-0.164895702987909
normal,199,0.08244655686898028,0.19941119341714497,157.20478374940504,0.5700180894973014
normal,200,0.08072525916031488,0.12365954859108132,121.13647580600262,0.40465664884604713
normal,201,0.03163248811981125,0.04510808211784226,80.28099159994532,-0.03863243878960914
normal,202,0.08935751071482462,0.18367560939180247,161.4178052107794,0.6375650178677548
normal,204,0.07832003347068998,0.06372813393863028,98.72285338027658,0.15658947548223953
normal,205,0.094820028635832,0.19061532393632472,165.93870221098385,0.5282419067328298
normal,206,0.07021170748813904,0.05627013704132948,100.33441658159742,0.20436003047394258
normal,207,0.07231652907842023,0.06102812253912125,97.88413783912527,0.14336247705446095
normal,210,0.07764031321613792,0.1536975684311564,153.59534732637061,0.5692636492346312
normal,211,0.04713739434090518,0.06370786148192388,79.08043594069409,-0.008637731903539272
normal,212,0.05531263819010986,0.12964203582403355,117.9690379766957,0.04632055001426462
normal,213,0.08650926994981521,0.17956894710430865,182.9421027266304,0.5496104065109909
normal,214,0.056465477102828066,0.05996357491052381,87.92235241400272,0.1625725506800777
normal,217,0.0924553658258946,0.17749487115787319,187.42413568401736,0.5158135521753021
normal,218,0.09704926659949574,0.07983611194221572,92.55290845903177,0.34881097188751664
normal,219,0.04392364356129851,0.043618405952648015,89.3405236409152,0.4382416056718123
normal,220,0.08052939093678779,0.18743550872393416,167.22843339080723,0.6085462434052733
normal,222,0.09500596680366975,0.1784352692995418,186.19721610791578,0.6931860616065193
normal,223,0.06770043139892094,0.1002269913049873,104.58931911865946,0.13900644232986548
normal,224,0.043172130789434056,0.07560595849964472,76.78798006126706,-0.16746918533462526
normal,225,0.08323377888423666,0.1827604933657709,178.81302172810703,0.6063599079733577
normal,228,0.06685726521740176,0.1772528763098077,161.37696988751944,0.4073059362469691
normal,229,0.07108735771218395,0.19775443406710252,159.7472876055711,0.6897722355550813
normal,230,0.07682040154737542,0.1339948937523367,129.223938200649,0.5409160748152431
normal,231,0.060249623672683626,0.04811530788584856,78.61893008612849,0.07306331630770746
normal,234,0.04103901962522984,0.05997191576980012,78.57729812158279,-0.15771137757273765
normal,235,0.060765934026393444,0.0958365547301759,96.16351651251296,0.08721593621642845
normal,236,0.09961007467821716,0.17903830548167618,182.70481235367785,0.5492420774689161
normal,237,0.07646647107327499,0.0632784305383754,98.8309749494609,0.4917773710535089
normal,240,0.08057318516013873,0.0876511227115774,93.10555125245672,0.159742441716691
normal,241,0.07232643766286295,0.05040172525618542,90.81150337932068,0.588246825997174
normal,242,0.08717888891383051,0.20430629060445007,159.4755297335631,0.6270967825406657
normal,243,0.08443253892487185,0.13116940149878706,120.76226649383887,0.5032209944923682
normal,246,0.03806728153414688,0.051821618926853295,77.22628211310867,0.020457828506676986
normal,247,0.09283424863459606,0.10652844477931704,104.79722320783839,0.14533924330968925
normal,248,0.07789201801982024,0.061980591004765356,95.02291333115653,0.3862498012849862
normal,249,0.08607574454978591,0.19264981394086525,166.09804805474707,0.6376187976449026
normal,250,0.07874768406150115,0.11639618064352455,111.31430157904403,0.3920351059835231
normal,252,0.08959651803083644,0.16284292656084265,145.08271434763284,0.5293140570377867
normal,253,0.03773569585882842,0.053537644626001246,75.19202815110395,-0.0669113419607009
normal,254,0.07096103405073802,0.15396760641527815,135.6943973839102,0.5274622237149923
normal,255,0.08089729149730539,0.144073704395181,123.71172310504333,0.5199304758290223
normal,258,0.051488638426841316,0.050776064593960016,83.94178975144408,-0.06179991946232671
normal,259,0.05343075268232706,0.13616655494375263,147.39529892841088,0.2610435302904845
normal,260,0.09982301045099772,0.19062882027516195,165.54371347577668,0.5669730075210458
normal,262,0.08307854506941006,0.13869223551680893,138.8800946194164,0.34126259902689837
normal,265,0.08394293508151832,0.18739019525965064,147.18922942046296,0.5236401176899008
normal,266,0.08038341110608581,0.13753267253438362,128.16635399334632,0.5033603685902381
normal,267,0.04394152284627832,0.0674531095621247,82.94469917080816,-0.1449208107291365
normal,268,0.07092063725778273,0.16223029534168398,148.1765636172355,0.522077914265406
normal,271,0.09603617362171402,0.21158022651242722,173.883735782835,0.5674308908169852
normal,272,0.07985497939170731,0.17107081455029086,143.05836273317638,0.44118629227241596
normal,273,0.03655483974455366,0.06067159303454953,77.00973604281197,0.1949425932335795
normal,274,0.07832841821491099,0.11514645240431857,130.82151347833343,0.3430994813549277
normal,275,0.04667044339247272,0.06310114043858478,83.64127686000869,-0.21849369696205445
normal,276,0.05746443195403571,0.08712686095688288,118.00083215478173,0.6621252150616546
normal,277,0.10379888880474589,0.19841122413487602,163.09119086890246,0.5319862210818405
normal,278,0.052762001607691116,0.05405770384459555,81.88769837222742,0.13304015193685406
normal,281,0.08442161918016024,0.18584108059454993,174.62855664817118,0.3481122429667236
normal,282,0.03143144798048604,0.05469067958162524,83.5255542881744,-0.17274017951967305
normal,283,0.08143535005512041,0.04622478262577337,88.0755322494465,0.30768404729205723
normal,284,0.09665996574539017,0.2149878496159725,189.24742658244162,0.6776736295324037
normal,286,0.0958379815801126,0.07270868431796851,89.25448142608576,0.3630286809478029
normal,287,0.07261377411207877,0.20303293959256954,165.4007842651927,0.6453161797638313
normal,288,0.06028384778819281,0.053506433341702006,96.74951325122657,0.6910411340270239
normal,289,0.06337509456363753,0.03404918204303886,79.42847698545674,0.3321055886427228
normal,290,0.08665053187401679,0.18665276089868052,180.08609699934163,0.5902955593300939
normal,293,0.09496722297508757,0.1975343578818632,160.4067330767028,0.541521152486344
normal,294,0.08152867484265888,0.09763158909876456,111.09794780744163,0.30867417459392626
normal,295,0.04825740229695336,0.05394611915420793,80.36973423379088,-0.18850354129995245
normal,296,0.07010330020405602,0.18716812614318176,162.67481252658618,0.5687126157012264
normal,297,0.08161798555373687,0.09075427922610592,100.6646489398166,0.05314478007389416
normal,299,0.09038033896290719,0.14623294801155448,151.1069023374182,0.4759761524221361
normal,300,0.033502886714431045,0.051818412200201586,85.99471064776465,0.11300339325441008
normal,301,0.08729216866449133,0.17555263755409659,134.55010354761464,0.4938597655549412
normal,302,0.11347286613239309,0.1832738488849405,185.45032055867625,0.491786593260776
normal,304,0.11028871629704463,0.19519502106624032,187.83826965397324,0.7048575820746672
normal,305,0.05096864657365349,0.0541497506351599,87.80310037651313,0.17461990610983458
normal,306,0.06865810149319598,0.06513287942698372,93.90569404653688,0.1217656778692218
normal,307,0.0361473235067273,0.05952809612527517,80.56908354808274,0.4272207328275682
normal,308,0.07455835804354868,0.1067472333023203,118.48006922796343,0.23662554817202033
normal,310,0.07548256880432727,0.08436294323990837,95.38336904122971,0.3116839507649162
normal,311,0.08769803363645048,0.1954452725981112,180.23744383965672,0.5456410828374011
normal,312,0.08238396606439873,0.09530675415677525,95.32330779635058,0.06743816595629916
normal,313,0.04260390672227138,0.04429182071443891,76.33934637916455,0.17930137886585398
normal,316,0.0572339761863528,0.054059729964641895,80.35767014011724,-0.2865273437319451
normal,317,0.06642031305933449,0.17381902719811773,139.2079312653977,0.7037420050227318
normal,318,0.07708769891785588,0.16007551469415926,170.17334163352598,0.3625868816632311
normal,319,0.04126263189618423,0.06135405594131492,76.61436574443067,-0.041698307062028823
normal,323,0.08475900267523208,0.19911445848782552,170.89751194753362,0.5946321876243258
normal,324,0.059244830147026334,0.07057351161838271,80.6206063395854,0.35032341086563473
normal,325,0.0671531069780096,0.07945173907693903,98.71470534571793,0.011782994227796752
normal,326,0.09782135933424765,0.18784075632500527,170.30105964023926,0.5929088903814334
normal,329,0.051585180078196874,0.17208646510954895,149.55923963462868,0.4531199644369519
normal,330,0.06620806774291181,0.1421744889375376,150.74393352880085,0.4529443132225899
normal,331,0.0410305640529106,0.06317956893727592,85.35703321679254,0.28658952604866444
normal,332,0.10550663144181982,0.17804120243218982,127.16687850610877,0.5488242545157457
normal,335,0.07851398539018384,0.18900193996292736,186.7895231538595,0.5434687615808012
normal,336,0.05595538642659883,0.05664899085508937,82.46847531050004,0.10709027699188592
normal,337,0.060627749966496364,0.10479221417786724,103.40491196463078,0.4394501156636691
normal,338,0.048073620251131495,0.05091616498077992,82.23509653188515,-0.3213330287286488
normal,339,0.06334979050478383,0.12582531342837977,103.20373855527347,0.4013085953903132
normal,341,0.08687424492506396,0.09530921751042762,97.06787845246266,-0.09174532368148278
normal,342,0.07275056641497714,0.04275699439565414,82.86628205895164,0.30771921340927527
normal,343,0.10212579968597553,0.20470526178520668,164.45803923923194,0.519147424402837
normal,344,0.08234343046533828,0.10399664562523159,99.80237508553624,0.18995269289528563
normal,345,0.046401235240023514,0.04525782142293198,79.08006093106779,-0.06934559114420624
normal,348,0.06146467022973441,0.07719202295639103,111.79064894526849,0.19194873143541455
normal,349,0.09293826197562552,0.20617968984917015,178.07440581950365,0.5972452119220891
normal,350,0.059298966332053386,0.05451435576478914,92.17167413323568,0.553903760311643
normal,351,0.05620508178937204,0.046667171532030954,77.66081500288757,-0.039345730041616116
normal,354,0.09095014790944543,0.05355127521217399,82.1296234012439,0.5853075233056939
normal,355,0.08869171227938945,0.21763656520159932,188.0079897577935,0.5965989236396757
normal,356,0.08667676899175465,0.10626987053605552,115.43175687825702,0.10478559151194146
normal,357,0.037693617291260334,0.04388989299143939,85.47902859759112,-0.11627251905370216
normal,358,0.10580261732915684,0.19903816661798812,154.999121117804,0.45693922668349796
normal,360,0.07839547513313508,0.18199972439896717,152.03819126676765,0.4787935901403065
normal,361,0.06314741217738062,0.0409698612695967,86.71303904066832,0.1666209999937097
normal,362,0.10549849116148534,0.20063726958282202,171.98504298421057,0.7408267048665129
normal,363,0.07962743056981056,0.14394739829187606,135.25274386365302,0.31374265871423906
normal,364,0.0310167284187098,0.05678620283528386,85.72602524348224,-0.11532146944274686
normal,366,0.05699418386949672,0.06502251483255628,75.76708607280511,0.10444556854012127
normal,367,0.1053174227148576,0.19714923349572017,155.24081498185038,0.5350935447683608
normal,368,0.07771958914006173,0.1572353768968676,168.4602730322297,0.3994421129529078
normal,369,0.060928540495403305,0.07589624120139285,86.51323754654022,-0.31218433313801447
normal,372,0.050944894093029575,0.05111074060459308,77.46511292459702,0.21947843981756174
normal,373,0.07070460666109386,0.1738523411427065,149.20341150592768,0.5131829732809003
normal,374,0.08690364435137343,0.1560066736072531,133.92845662606607,0.5037111522897683
normal,375,0.04843478444258836,0.07975274226319744,84.8679016261238,0.19683529516853218
normal,376,0.06165527209493119,0.1977965566155033,166.49170928656852,0.6927474406586076
normal,378,0.04421613683995923,0.05305084281140121,84.6168780759562,0.06699008408429605
normal,379,0.06378794626965191,0.08646496780604271,98.58322825399777,0.35471364180819337
normal,380,0.08113146250284164,0.2054788244321054,172.17453658885572,0.5840885488971559
normal,381,0.10424815954082835,0.1116447774125597,100.76631642564553,0.16070462142569822
normal,384,0.07577414590181798,0.19345097822497562,166.28995172210247,0.7568713648935679
normal,385,0.07069623490540354,0.08132565070412902,96.35128793196708,0.32040536296697425
normal,386,0.06065717941183879,0.04677824569979084,86.21734716890975,0.1338262094021908
normal,387,0.10163293957521842,0.2110826138540311,165.5584376338271,0.6786433463568745
normal,390,0.07641512594539121,0.19832644619578602,156.41162253021895,0.43461474103808145
normal,391,0.05637147549470388,0.1403410239541525,131.47572400802048,0.4952394021911452
normal,392,0.03099472636514154,0.050670647062673276,76.59970779521962,-0.05033372731562641
normal,393,0.06345824733003584,0.14534567034125923,140.1411706550031,0.27169714194021466
normal,396,0.06342785361613619,0.13328407871666445,127.40996569996656,0.36601549695912605
normal,397,0.07219715992232659,0.06818276780022942,80.01681870459224,0.05676182832511721
normal,398,0.08627359551508212,0.19987762308985466,149.98473030922253,0.571269991143082
normal,399,0.09514993730318481,0.12167855510421711,109.5899932100264,0.4365647049562222
normal,401,0.08739509287883387,0.20118179065052086,179.32277089561586,0.5305631869619528
normal,402,0.07476294839591334,0.14180510051881068,127.43319018573237,0.3793542968851585
normal,403,0.04780580332553779,0.050504533300487,88.66960345746854,-0.024403341208905
normal,404,0.08769610891282464,0.20256699691398403,160.40602236544746,0.4522963673055459
normal,406,0.09176034251679752,0.21158704569254708,174.36686653340485,0.5079014513928592
normal,407,0.07492834091183388,0.12239576218868854,131.21127924603317,0.2554122059258708
normal,408,0.045303533162436675,0.06596414951774941,81.11819308988649,-0.11564296239537693
normal,409,0.07699900543026514,0.17722475212537328,140.05932576801007,0.6429176433655869
normal,411,0.06646147359636258,0.182092949671864,153.5355923240774,0.5121222238153635
normal,412,0.09016358666695773,0.16683984298691965,151.4481259151942,0.5672052974703559
normal,413,0.03549153558526315,0.05690791660656714,76.2013722433876,-0.11601119980839492
normal,414,0.12325444261120977,0.17684003679300117,130.85346657406464,0.43844737314387455
normal,418,0.06622919026192303,0.12345378275208906,141.06029349485888,0.3779062041430492
normal,419,0.04261138348258596,0.0661553425091277,85.33450097731294,-0.13063220585086194
normal,420,0.09213283067533526,0.1929747025979053,154.9598175906745,0.6305705102897777
normal,421,0.08215567973518326,0.17122297105879222,182.03695136183842,0.36884380061388455
normal,423,0.10044915156759662,0.19214865322765082,177.83545558026958,0.4786976600725032
normal,424,0.06580954608033701,0.09253196414131713,105.4043693321095,0.07226891153185573
normal,425,0.06119704552835864,0.06697921140883938,91.56099942124278,-0.15901820734614036
normal,426,0.0990659625035259,0.19133224137531027,188.00434262803074,0.5425708060532228
normal,428,0.08392373389393493,0.1797584658391643,166.77421080166485,0.5906496295891476
normal,429,0.06256914622799324,0.1183273743767688,115.16224116778271,0.40786799630128523
normal,430,0.054682664549196944,0.05885489302258564,78.25211911052277,-0.07720865903213513
normal,431,0.07508710544760665,0.21579089492724202,155.30677285175594,0.7247779552532533
normal,432,0.04897351838442895,0.043438192217218244,78.44632974512838,0.29839376689037195
normal,434,0.04068395556358797,0.052978825402702164,85.06038860350272,0.12379205123119012
normal,435,0.057447928143667636,0.10039811742881438,118.85179536544386,0.2674863489578218
normal,436,0.09329305564912106,0.19367084758773065,162.55977722569972,0.5563923369059327
normal,437,0.055439292918921676,0.06235015776323265,87.99098351279066,0.17855411036856883
normal,439,0.08048943183580066,0.11785496650481048,121.8042618007146,0.37893220040299935
normal,440,0.06689595722650211,0.05059604685101396,82.04634375981875,-0.029430927478948186
normal,441,0.08987973092944816,0.21396168002331634,166.2532599849223,0.5503474537288292
normal,444,0.05096241187777517,0.057665948105446084,80.17714267514727,-0.11042453229619219
normal,445,0.0898147300995221,0.209743622877431,172.9677903005831,0.5980078814905492
normal,446,0.06837779780674426,0.16317618128988678,130.8108824533214,0.4005844428218006
normal,447,0.04128964401638745,0.05521452368897154,84.6211133939832,-0.04339027064339623
normal,448,0.08880152470791253,0.20219613664719213,165.41918334083184,0.5023098494265414
normal,450,0.08912638445797068,0.13373981521315934,142.85088454145694,0.49424315478253117
normal,451,0.07731459422903285,0.1916368428660053,154.5861421857564,0.529165018659299
normal,452,0.04462311523470767,0.053569028024129765,83.58112675938295,0.01628874599933505
normal,453,0.10191894052383,0.14905721424657714,122.67623249593044,0.2889323367893666
normal,455,0.07801875727477336,0.06794302676691699,87.673915732211,0.2653656544352339
normal,456,0.09334678056874805,0.195647182221595,166.5823232499049,0.43194633951412803
normal,457,0.06246974431794963,0.04648281951431088,86.20870087811377,0.3748343217859951
normal,458,0.08361696799304552,0.07126102885378516,89.27536024762837,0.2477625592457336
normal,461,0.10815667888114909,0.205301171112953,185.45711239629185,0.5522726142177486
normal,462,0.046952593042344316,0.05078181915508738,92.47630429346556,0.14555551221349003
normal,463,0.08498057456736804,0.07189950344160939,89.58172308509444,-0.17038304414349087
normal,464,0.03450096016345053,0.06221204934697137,88.21363734768613,-0.25221277098749856
normal,465,0.07179120449574586,0.07346335983025824,87.62301013969258,0.00601428603984033
normal,467,0.03366223070594104,0.04241798073871504,79.79455158596004,-0.33816682575866347
normal,468,0.0807998238729516,0.20735923333010756,166.07512650273395,0.6586271751592551
normal,469,0.06856646718075826,0.11631736155020024,135.64468074268652,0.4626118055855723
normal,470,0.09814267463723413,0.20105038935363942,165.02181882872728,0.5426610433749665
normal,471,0.08782300691219812,0.09786006829575586,99.339148936559,0.1368497116856328
normal,473,0.028936433322025022,0.03276283081175984,89.08154316428457,0.22354140205094897
normal,474,0.035024025233402284,0.049653145582631515,90.74843577299936,0.31103740017240983
normal,475,0.04830842953771111,0.05594709979123136,86.20355788937265,-0.17591060546814977
normal,476,0.03883344440749494,0.029888625406665995,82.2081867841501,0.18543616034547888
normal,478,0.04698596827724209,0.04354013530640437,84.31876998359039,0.05681794294145135
normal,479,0.038658939658247224,0.057467460163991936,81.1930025039082,0.15844586511205772
normal,480,0.041477395668604845,0.054564333391877884,83.49071261190102,0.15246616532707205
normal,481,0.03791445549787047,0.04722762313096013,88.80695980722138,-0.10078337734906663
normal,482,0.042793911867811285,0.04512937568480202,86.64882941563245,-0.09178304776532809
normal,483,0.023984933748084445,0.024586897574724632,90.50198124187818,0.18867639661138275
normal,484,0.04583592497430373,0.05336128802418472,89.38745412270245,0.013650424779766879
normal,485,0.026042241764103184,0.036656089839206804,89.84448675529623,-0.08925432402064368
normal,486,0.043318903172287274,0.04677936237166984,87.50620917008126,-0.11853806837961295
normal,487,0.04362767505838467,0.06121281254851798,90.13593457323371,-0.18600995247967428
normal,488,0.041501861916063476,0.047950010742438834,89.51491063618265,-0.3753718083971572
normal,489,0.03210919504674634,0.039007861341016886,90.92796560441798,-0.03639058237486559
normal,490,0.03646984400021475,0.030049974446744544,86.96130324114199,-0.0034886206852935
normal,492,0.038524158862978435,0.05482269294598724,79.99039895617337,-0.33772745661820347
normal,493,0.04731965047525182,0.04093959718841894,90.07454668149154,-0.0023901746602163878
normal,494,0.032615625690763615,0.04066193406983981,82.28115266236932,-0.519080081577016
normal,495,0.0405031068191071,0.04804816802074768,86.43247766900753,-0.28512547763675433
normal,498,0.040286038958304154,0.04264966574605245,85.02862039848785,-0.026162684046710665
normal,499,0.027831018728210432,0.03810005515481572,87.96326524531315,-0.544481792390734
normal,500,0.04564952489621332,0.04646804314472474,89.83595929612137,-0.42026243225884663
normal,501,0.03822515504285103,0.03701898997474134,89.50240869187523,-0.5161324510282785
normal,502,0.03233831497697429,0.04714311057195951,81.06042955177519,-0.5023653831170365
normal,505,0.03758398847514723,0.0443727972298344,84.93133412521391,0.014030986910417764
normal,506,0.038965506951020155,0.04382960050810411,91.03363503203656,-0.22126341764364646
normal,507,0.03595209906945629,0.04562908472509612,89.77034092777126,-0.5383018568603335
normal,508,0.0383172463839718,0.04864234509560574,84.14603510259083,0.028331184564731805
normal,510,0.03591025422424631,0.03934308256161431,88.88220178099307,-0.5311476165074922
normal,511,0.05006918013608771,0.03599638759931335,90.99290230132964,-0.23164181479995663
normal,512,0.03442292041067986,0.029521021194227,91.17051418783846,-0.5959667174201764
normal,513,0.039947801836271286,0.05500848655616695,91.3296693034766,-0.1539799521863803
normal,515,0.03978608114969354,0.040143261980063356,85.40207414612286,-0.41774261372630545
normal,516,0.04777014539699455,0.03896709074526863,85.63198343485122,-0.21835516092850404
normal,517,0.03488436201939201,0.040993580105304295,87.80088593726101,-0.2433165883805378
normal,518,0.03415875679748899,0.037003682715373076,87.03821664418584,-0.4727908152030548
normal,520,0.0482177016260626,0.059770844469523764,84.40182526314861,-0.16854924738393834
normal,521,0.033646183408374865,0.028977662604150804,89.65223870634192,-0.559432787441033
normal,522,0.033152065136277706,0.04093964431819114,87.6409079421586,-0.13298190525143408
normal,523,0.048519051337077894,0.05043255105484948,90.17097621427426,-0.14597036043578157
normal,525,0.03550309151538778,0.030150937279792813,90.07608262020555,-0.5119236320199759
normal,526,0.038909811805635866,0.04518464084177277,81.42470733877714,-0.2628823269603623
normal,527,0.047686223411484374,0.03592009871158486,86.2560680302596,0.045971805258765513
normal,528,0.03556873455438076,0.05001261111459789,86.90741951916591,-0.25768768595915204
normal,529,0.045861233905118606,0.05075019416908669,83.65340528436636,-0.06519886943365817
normal,532,0.03401282354568642,0.044471217617128495,89.10975836149356,-0.03671644206377902
normal,533,0.024015951201232896,0.04418753455557348,88.16377136378058,-0.19167580876214946
normal,534,0.03464783777741405,0.03761142345883761,88.93197575683044,-0.39369581385674135
normal,535,0.02875851924213067,0.048679973421829226,89.2212604657354,-0.38673023261061307
normal,537,0.032356021509141075,0.044578502176497586,91.0324734402569,-0.09562206665703243
normal,538,0.03168422891360937,0.05539909247361368,90.84724922949212,-0.2019965200586887
normal,539,0.03771302783256735,0.035956114913878,82.89377526235306,-0.34678144789640264
normal,540,0.033571335891650185,0.04413352134829035,82.45383718781116,-0.097179426993898
normal,543,0.0334065339507109,0.0474521016194225,90.44276055722256,-0.28191887515899156
normal,544,0.03202884865632857,0.048144519632560466,83.17008072195344,-0.5431652312204234
normal,545,0.037225252315464565,0.043315038322157814,89.57534053459304,-0.4442488341554281
normal,546,0.0273368161185607,0.05334761621244195,89.36976001618719,-0.08744161922091663
normal,549,0.025211469362177205,0.039679664597876835,88.77846689910758,-0.43602623131388707
normal,550,0.0452481406015761,0.05031999121323452,87.53501117448417,0.20357078773767326
normal,551,0.03651646529307019,0.04033980061861982,87.21931893954017,-0.1520886001981166
normal,552,0.041424736751728426,0.02948501559860534,81.29106037102845,-0.6259901224969338
normal,553,0.025586092023792927,0.03670858792026738,82.10973005776881,-0.2676985374958033
normal,556,0.029706128870992263,0.04313117988126455,83.56600354280742,-0.44537497247888813
normal,557,0.03764648077045184,0.03553446656416837,90.8922814076703,-0.19251424651797583
normal,558,0.028009680816639095,0.03279665636234889,89.2060586157284,-0.4898215647051878
normal,559,0.04614282174997537,0.056903553353459396,84.97045530708863,-0.20128376783464078
normal,562,0.06109584397935755,0.05311716784618698,89.46017103863765,0.7568021346667924
normal,563,0.06278684480924328,0.04801308872797084,79.01135968006885,0.2594390721122716
normal,564,0.05910245435343611,0.11387025039337535,144.82361213261814,0.287116667940024
normal,565,0.0695316105300316,0.15273924855026622,160.79636834595115,0.4769799115281203
normal,568,0.06322086789700058,0.14256993851422536,165.53605744823523,0.33333344046795726
normal,569,0.053998198352815434,0.038849922922059965,84.34238191471881,0.038171473366085514
normal,570,0.09668133547536463,0.10495266883886278,128.10818011944343,0.05061724176083009
normal,571,0.0442970896199739,0.05035798018834751,82.60033846059532,0.06170864991013353
normal,572,0.07752640151941788,0.16060476175646227,170.6870595874844,0.476203585458507
normal,573,0.08704839639074347,0.09597921417708107,119.70905153777927,0.40164351324290465
normal,575,0.05752061515100477,0.11003691936550206,116.84779046899673,0.4397305628024366
normal,576,0.08805463675411988,0.1803386536300524,170.45473004351197,0.4650294809004581
normal,577,0.06386167365329537,0.10621957556142841,110.25012501802486,0.3372760407741574
normal,578,0.05838974449935536,0.056758519381675206,83.3682406674089,-0.0048798238251198355
normal,579,0.10092465541952571,0.08894316161796814,102.40629042669464,0.23999079995635114
normal,580,0.0649501216122803,0.07273350346298464,92.90280424414148,0.5480220555704698
normal,582,0.06120199188588554,0.062776978142867,86.34574452203479,0.60254079339532
normal,583,0.07693014938663514,0.057453275590256814,85.2995345453637,0.23095718231980686
normal,584,0.06750446014597851,0.18677203889635086,157.1865056115009,0.4529796126665601
normal,585,0.06961382391055673,0.08984722266798234,108.87013034007354,0.008294414664664162
normal,587,0.08440059679261754,0.16930922061969927,179.62409383809523,0.4795144903601723
normal,588,0.07644235649069173,0.10475183732350474,108.4836007826531,0.34741218038239413
normal,589,0.06597043052004437,0.038792189956871476,88.4611263831701,0.3218675945647203
normal,590,0.07921185828428721,0.18420255153376675,160.29861956708905,0.4699331114550042
normal,593,0.08480082388013692,0.0910446326185679,113.63491829023451,0.3151561658430183
normal,594,0.06154474585697791,0.05812883549538903,87.54242425615305,-0.21854896731884454
normal,595,0.08955352436001611,0.18945165677765924,182.24061948654645,0.3925641409325442
normal,596,0.07100950843654671,0.09122039722918333,98.45464655262961,0.11215771430669667
normal,598,0.07095496701288782,0.13049248455754073,140.93056159329927,0.32840614766920495
normal,599,0.058341834390084106,0.034222675279703074,77.44499780334387,0.28540730478978604
anomaly,2,0.40538669025641066,0.2905156571837114,102.99883940197022,-0.3817851145028868
anomaly,3,0.6559814865628509,0.3735022817151708,102.3948250578342,-0.3728330225520057
anomaly,4,0.045081635520819,0.09702206485101969,106.57371766456669,0.2988842534084961
anomaly,7,0.5592712004035403,0.21652859001309452,113.39806588201215,-0.6502563674551075
anomaly,8,0.20471993209271516,0.2008241137720883,76.07384471212006,-0.5963454723101849
anomaly,9,0.2947537576350931,0.2671249243769402,85.27632365972539,-0.5069220433146852
anomaly,12,0.07831968032081166,0.1595473934033272,60.63700583639274,-0.08614861534921042
anomaly,13,0.3405141436255593,0.1639156284306555,59.444099425774915,-0.4226642864459127
anomaly,14,0.8287613436451915,0.3140664960305357,104.90926645619942,-0.4224456273550722
anomaly,16,0.1993036997744079,0.18970257731481935,135.66940538259726,-0.8957434882517336
anomaly,17,0.034136449558034306,0.058507540501844736,204.25915000653313,-0.2727002782123388
anomaly,18,0.39100309590263915,0.2240824211741831,282.8732783996093,-0.03054066117723048
anomaly,19,0.7289750242975056,0.227230878459288,253.7201375330246,-0.010347154124189248
