rank,feature,balanced_mean_abs_shap,mean_abs_shap_normal,mean_abs_shap_anomaly,mean_signed_shap_anomaly
1,dCurrent_RMS_x_dAI0_RMS,0.4998,0.1545,0.8451,0.8451
2,dCurrent_RMS_x_dAI1_RMS,0.4597,0.1068,0.8126,0.8125
3,AI1_current_residual,0.4468,0.1272,0.7664,0.7664
4,AI0_RMS,0.3256,0.1638,0.4874,0.4774
5,AI0_RMS_slope,0.2967,0.1694,0.424,0.424
6,AI1_RMS_slope,0.2755,0.1536,0.3974,0.3974
7,AI0_current_residual,0.253,0.0862,0.4198,0.4198
8,AI0_AI1_RMS_diff,0.23,0.1073,0.3527,0.3502
9,AI0_AI1_corr,0.1752,0.17,0.1805,0.1805
10,AI1_kurtosis,0.175,0.095,0.2551,0.2551
