group,label,start,score,warning,run_count,run_alarm_trigger,fold,warning_threshold,markov_k,upper_k
normal_1,0,0,0.0010753568816418433,0,0,0,1,0.0954351858885323,6,18
normal_1,0,10,0.0016589768996377837,0,0,0,1,0.0954351858885323,6,18
normal_1,0,20,0.0002810989279592906,0,0,0,1,0.0954351858885323,6,18
normal_3,0,0,7.72084887635266e-05,0,0,0,1,0.0954351858885323,6,18
normal_8,0,0,0.00020939847488774037,0,0,0,1,0.0954351858885323,6,18
normal_8,0,10,0.005317277305115684,0,0,0,1,0.0954351858885323,6,18
normal_8,0,20,0.001331653253071237,0,0,0,1,0.0954351858885323,6,18
normal_51,0,0,3.387202867609169e-05,0,0,0,1,0.0954351858885323,6,18
normal_56,0,0,0.0006464011016479505,0,0,0,1,0.0954351858885323,6,18
normal_56,0,10,0.0004076051996447699,0,0,0,1,0.0954351858885323,6,18
normal_56,0,20,1.5261850771048126e-05,0,0,0,1,0.0954351858885323,6,18
normal_56,0,30,2.8606450789204483e-06,0,0,0,1,0.0954351858885323,6,18
normal_58,0,0,8.187976283393139e-05,0,0,0,1,0.0954351858885323,6,18
normal_58,0,10,3.170011596360696e-05,0,0,0,1,0.0954351858885323,6,18
normal_58,0,20,9.211247174091179e-06,0,0,0,1,0.0954351858885323,6,18
normal_58,0,30,2.925661902638184e-05,0,0,0,1,0.0954351858885323,6,18
normal_62,0,0,0.0010970124863121785,0,0,0,1,0.0954351858885323,6,18
normal_62,0,10,0.00011033035984141755,0,0,0,1,0.0954351858885323,6,18
normal_62,0,20,5.604128487015557e-05,0,0,0,1,0.0954351858885323,6,18
normal_62,0,30,0.0006717869963685992,0,0,0,1,0.0954351858885323,6,18
normal_71,0,0,0.00026185679267561474,0,0,0,1,0.0954351858885323,6,18
normal_71,0,10,7.942718321228933e-06,0,0,0,1,0.0954351858885323,6,18
normal_71,0,20,2.256497961384397e-05,0,0,0,1,0.0954351858885323,6,18
normal_71,0,30,6.532191907855413e-05,0,0,0,1,0.0954351858885323,6,18
normal_77,0,0,0.0009166183680909551,0,0,0,1,0.0954351858885323,6,18
normal_77,0,10,0.0002004633379553741,0,0,0,1,0.0954351858885323,6,18
normal_77,0,20,0.0004826724113466616,0,0,0,1,0.0954351858885323,6,18
normal_77,0,30,0.0032181451152930537,0,0,0,1,0.0954351858885323,6,18
normal_79,0,0,0.001087859418926532,0,0,0,1,0.0954351858885323,6,18
normal_79,0,10,0.0010398718752540966,0,0,0,1,0.0954351858885323,6,18
normal_79,0,20,0.006633893259866261,0,0,0,1,0.0954351858885323,6,18
normal_79,0,30,5.460142604891331e-05,0,0,0,1,0.0954351858885323,6,18
normal_86,0,0,0.0017357167375581484,0,0,0,1,0.0954351858885323,6,18
normal_86,0,10,0.006072285439585595,0,0,0,1,0.0954351858885323,6,18
normal_86,0,20,0.005960234721104554,0,0,0,1,0.0954351858885323,6,18
normal_87,0,0,6.825970894397386e-05,0,0,0,1,0.0954351858885323,6,18
normal_87,0,10,1.1477702361222942e-05,0,0,0,1,0.0954351858885323,6,18
normal_95,0,0,0.0029961520545999246,0,0,0,1,0.0954351858885323,6,18
normal_95,0,10,0.0011259000921052002,0,0,0,1,0.0954351858885323,6,18
normal_95,0,20,3.4337565805432224e-05,0,0,0,1,0.0954351858885323,6,18
normal_95,0,30,0.00015243108271878873,0,0,0,1,0.0954351858885323,6,18
normal_99,0,0,5.468983798605709e-05,0,0,0,1,0.0954351858885323,6,18
normal_102,0,0,0.0005877514888289131,0,0,0,1,0.0954351858885323,6,18
normal_102,0,10,3.068112665762899e-06,0,0,0,1,0.0954351858885323,6,18
normal_102,0,20,4.40466528868564e-05,0,0,0,1,0.0954351858885323,6,18
normal_102,0,30,7.556978281125979e-05,0,0,0,1,0.0954351858885323,6,18
normal_103,0,0,0.0027432868598024143,0,0,0,1,0.0954351858885323,6,18
normal_103,0,10,0.0004119645305326417,0,0,0,1,0.0954351858885323,6,18
normal_103,0,20,0.00032779885852716583,0,0,0,1,0.0954351858885323,6,18
normal_115,0,0,7.216325714270754e-05,0,0,0,1,0.0954351858885323,6,18
normal_115,0,10,0.0008318376909890622,0,0,0,1,0.0954351858885323,6,18
normal_115,0,20,0.001020346582673266,0,0,0,1,0.0954351858885323,6,18
normal_130,0,0,0.00015484717667191492,0,0,0,1,0.0954351858885323,6,18
normal_147,0,0,2.085897847425795e-05,0,0,0,1,0.0954351858885323,6,18
normal_147,0,10,0.0030881967646399066,0,0,0,1,0.0954351858885323,6,18
normal_147,0,20,0.002897141961376347,0,0,0,1,0.0954351858885323,6,18
normal_160,0,0,1.3437644802376834e-06,0,0,0,1,0.0954351858885323,6,18
normal_160,0,10,1.0074003900356977e-05,0,0,0,1,0.0954351858885323,6,18
normal_160,0,20,0.00013332628535377955,0,0,0,1,0.0954351858885323,6,18
normal_160,0,30,2.8056764760030724e-05,0,0,0,1,0.0954351858885323,6,18
normal_167,0,0,0.00024348335895887005,0,0,0,1,0.0954351858885323,6,18
normal_167,0,10,0.00016127679873171707,0,0,0,1,0.0954351858885323,6,18
normal_173,0,0,0.0001133630398657352,0,0,0,1,0.0954351858885323,6,18
normal_177,0,0,0.0019040055441517268,0,0,0,1,0.0954351858885323,6,18
normal_177,0,10,0.0004777460101895245,0,0,0,1,0.0954351858885323,6,18
normal_177,0,20,0.001301865664468762,0,0,0,1,0.0954351858885323,6,18
normal_177,0,30,5.971680511929317e-05,0,0,0,1,0.0954351858885323,6,18
normal_178,0,0,0.001323916837143622,0,0,0,1,0.0954351858885323,6,18
normal_178,0,10,0.00020483952694564373,0,0,0,1,0.0954351858885323,6,18
normal_178,0,20,0.07979105913773012,0,0,0,1,0.0954351858885323,6,18
normal_183,0,0,2.3696463603247827e-05,0,0,0,1,0.0954351858885323,6,18
normal_183,0,10,7.248231575254938e-05,0,0,0,1,0.0954351858885323,6,18
normal_183,0,20,1.0323729589699984e-05,0,0,0,1,0.0954351858885323,6,18
normal_185,0,0,8.8998656289773e-06,0,0,0,1,0.0954351858885323,6,18
normal_185,0,10,1.934010257690031e-05,0,0,0,1,0.0954351858885323,6,18
normal_188,0,0,0.04490203413939703,0,0,0,1,0.0954351858885323,6,18
normal_188,0,10,2.726943157986114e-05,0,0,0,1,0.0954351858885323,6,18
normal_188,0,20,3.0164956304248302e-05,0,0,0,1,0.0954351858885323,6,18
normal_188,0,30,5.712495385430742e-06,0,0,0,1,0.0954351858885323,6,18
normal_190,0,0,0.0006618560730836954,0,0,0,1,0.0954351858885323,6,18
normal_190,0,10,6.038744380054348e-05,0,0,0,1,0.0954351858885323,6,18
normal_206,0,0,0.00011395857388990333,0,0,0,1,0.0954351858885323,6,18
normal_206,0,10,7.266987438448146e-05,0,0,0,1,0.0954351858885323,6,18
normal_207,0,0,6.17288293825797e-05,0,0,0,1,0.0954351858885323,6,18
normal_212,0,0,5.772269390937941e-05,0,0,0,1,0.0954351858885323,6,18
normal_212,0,10,0.0023051680873611845,0,0,0,1,0.0954351858885323,6,18
normal_212,0,20,0.0011004767725154329,0,0,0,1,0.0954351858885323,6,18
normal_212,0,30,0.0007149791432308773,0,0,0,1,0.0954351858885323,6,18
normal_223,0,0,7.397300268587414e-05,0,0,0,1,0.0954351858885323,6,18
normal_223,0,10,0.001457433891111665,0,0,0,1,0.0954351858885323,6,18
normal_223,0,20,0.0018833920421676554,0,0,0,1,0.0954351858885323,6,18
normal_223,0,30,0.0018772603552534373,0,0,0,1,0.0954351858885323,6,18
normal_224,0,0,0.0010896026955016004,0,0,0,1,0.0954351858885323,6,18
normal_224,0,10,0.010709077988769319,0,0,0,1,0.0954351858885323,6,18
normal_224,0,20,0.00018043540967930505,0,0,0,1,0.0954351858885323,6,18
normal_225,0,0,2.423357127066812e-05,0,0,0,1,0.0954351858885323,6,18
normal_229,0,0,0.0004885438775106719,0,0,0,1,0.0954351858885323,6,18
normal_229,0,10,0.001776089617877763,0,0,0,1,0.0954351858885323,6,18
normal_229,0,20,3.730786224649074e-06,0,0,0,1,0.0954351858885323,6,18
normal_229,0,30,4.617898546595116e-05,0,0,0,1,0.0954351858885323,6,18
normal_237,0,0,1.2088221091400001e-05,0,0,0,1,0.0954351858885323,6,18
normal_243,0,0,0.00040122813248885686,0,0,0,1,0.0954351858885323,6,18
normal_246,0,0,0.00019948080763115364,0,0,0,1,0.0954351858885323,6,18
normal_246,0,10,0.0004097864954938337,0,0,0,1,0.0954351858885323,6,18
normal_246,0,20,0.00026063941438984645,0,0,0,1,0.0954351858885323,6,18
normal_246,0,30,7.14136442412374e-05,0,0,0,1,0.0954351858885323,6,18
normal_258,0,0,0.03873562343498403,0,0,0,1,0.0954351858885323,6,18
normal_258,0,10,0.0051617457859306935,0,0,0,1,0.0954351858885323,6,18
normal_258,0,20,0.0002543036928518123,0,0,0,1,0.0954351858885323,6,18
normal_258,0,30,0.0006343567192722819,0,0,0,1,0.0954351858885323,6,18
normal_260,0,0,0.0001674562610771928,0,0,0,1,0.0954351858885323,6,18
normal_260,0,10,0.0012786864115912433,0,0,0,1,0.0954351858885323,6,18
normal_265,0,0,2.1599471420840947e-05,0,0,0,1,0.0954351858885323,6,18
normal_265,0,10,4.007109734919097e-05,0,0,0,1,0.0954351858885323,6,18
normal_265,0,20,2.945644803301362e-05,0,0,0,1,0.0954351858885323,6,18
normal_265,0,30,0.00029091812190631407,0,0,0,1,0.0954351858885323,6,18
normal_266,0,0,0.01321940069166416,0,0,0,1,0.0954351858885323,6,18
normal_266,0,10,1.4824601840761283e-05,0,0,0,1,0.0954351858885323,6,18
normal_266,0,20,0.0003404082981860607,0,0,0,1,0.0954351858885323,6,18
normal_266,0,30,1.2638968703562323e-05,0,0,0,1,0.0954351858885323,6,18
normal_268,0,0,0.0008220385571370309,0,0,0,1,0.0954351858885323,6,18
normal_288,0,0,1.9326283913587004e-05,0,0,0,1,0.0954351858885323,6,18
normal_288,0,10,5.568804795642816e-07,0,0,0,1,0.0954351858885323,6,18
normal_288,0,20,1.187298143897287e-06,0,0,0,1,0.0954351858885323,6,18
normal_288,0,30,9.772095518368762e-06,0,0,0,1,0.0954351858885323,6,18
normal_294,0,0,0.0002045633747445313,0,0,0,1,0.0954351858885323,6,18
normal_294,0,10,7.301248413684054e-06,0,0,0,1,0.0954351858885323,6,18
normal_294,0,20,9.918833976624168e-05,0,0,0,1,0.0954351858885323,6,18
normal_294,0,30,0.007545060525857084,0,0,0,1,0.0954351858885323,6,18
normal_299,0,0,0.006744365999265176,0,0,0,1,0.0954351858885323,6,18
normal_299,0,10,1.4032851582739227e-05,0,0,0,1,0.0954351858885323,6,18
normal_299,0,20,5.06599871810279e-05,0,0,0,1,0.0954351858885323,6,18
normal_299,0,30,7.141495229203434e-05,0,0,0,1,0.0954351858885323,6,18
normal_304,0,0,0.06318781707040057,0,0,0,1,0.0954351858885323,6,18
normal_304,0,10,0.001153412717383295,0,0,0,1,0.0954351858885323,6,18
normal_304,0,20,4.492602722214193e-05,0,0,0,1,0.0954351858885323,6,18
normal_304,0,30,0.00010738359178530866,0,0,0,1,0.0954351858885323,6,18
normal_305,0,0,2.7624123316227914e-05,0,0,0,1,0.0954351858885323,6,18
normal_305,0,10,3.138180334541036e-05,0,0,0,1,0.0954351858885323,6,18
normal_305,0,20,6.672663537039926e-05,0,0,0,1,0.0954351858885323,6,18
normal_305,0,30,7.27621728274538e-05,0,0,0,1,0.0954351858885323,6,18
normal_310,0,0,0.0008315185547807805,0,0,0,1,0.0954351858885323,6,18
normal_310,0,10,7.370079392974295e-05,0,0,0,1,0.0954351858885323,6,18
normal_310,0,20,5.197770770499926e-05,0,0,0,1,0.0954351858885323,6,18
normal_310,0,30,0.0002299994293491025,0,0,0,1,0.0954351858885323,6,18
normal_311,0,0,0.03449261026984604,0,0,0,1,0.0954351858885323,6,18
normal_311,0,10,4.151780408333838e-05,0,0,0,1,0.0954351858885323,6,18
normal_311,0,20,0.0015721112658402142,0,0,0,1,0.0954351858885323,6,18
normal_311,0,30,0.004813844954803585,0,0,0,1,0.0954351858885323,6,18
normal_349,0,0,7.715646250284843e-05,0,0,0,1,0.0954351858885323,6,18
normal_349,0,10,4.8793610240984974e-05,0,0,0,1,0.0954351858885323,6,18
normal_349,0,20,0.0011950150121801248,0,0,0,1,0.0954351858885323,6,18
normal_349,0,30,0.0002884753398065345,0,0,0,1,0.0954351858885323,6,18
normal_356,0,0,0.00012569840547568543,0,0,0,1,0.0954351858885323,6,18
normal_356,0,10,0.0007957839565324332,0,0,0,1,0.0954351858885323,6,18
normal_356,0,20,0.004492102917245556,0,0,0,1,0.0954351858885323,6,18
normal_363,0,0,0.001082908720445166,0,0,0,1,0.0954351858885323,6,18
normal_363,0,10,0.001181306276295206,0,0,0,1,0.0954351858885323,6,18
normal_367,0,0,0.0009141247495547036,0,0,0,1,0.0954351858885323,6,18
normal_367,0,10,0.00020048667912843016,0,0,0,1,0.0954351858885323,6,18
normal_367,0,20,0.00010726238895428282,0,0,0,1,0.0954351858885323,6,18
normal_367,0,30,0.0018173435805827949,0,0,0,1,0.0954351858885323,6,18
normal_387,0,0,0.001700326002958688,0,0,0,1,0.0954351858885323,6,18
normal_390,0,0,6.413738771821436e-06,0,0,0,1,0.0954351858885323,6,18
normal_390,0,10,0.00010661061342177977,0,0,0,1,0.0954351858885323,6,18
normal_390,0,20,0.0006476420892502171,0,0,0,1,0.0954351858885323,6,18
normal_390,0,30,0.033399825436785865,0,0,0,1,0.0954351858885323,6,18
normal_392,0,0,0.0004984292092188767,0,0,0,1,0.0954351858885323,6,18
normal_392,0,10,0.00020355077131863888,0,0,0,1,0.0954351858885323,6,18
normal_397,0,0,0.0003422586515042139,0,0,0,1,0.0954351858885323,6,18
normal_397,0,10,4.189604426173393e-06,0,0,0,1,0.0954351858885323,6,18
normal_397,0,20,3.593439489968742e-05,0,0,0,1,0.0954351858885323,6,18
normal_398,0,0,6.648784860784101e-05,0,0,0,1,0.0954351858885323,6,18
normal_398,0,10,0.000614474802245169,0,0,0,1,0.0954351858885323,6,18
normal_403,0,0,1.6143304314244615e-05,0,0,0,1,0.0954351858885323,6,18
normal_403,0,10,5.718746338634319e-05,0,0,0,1,0.0954351858885323,6,18
normal_404,0,0,0.0015310563410037626,0,0,0,1,0.0954351858885323,6,18
normal_406,0,0,0.00012683996723511425,0,0,0,1,0.0954351858885323,6,18
normal_406,0,10,3.2305739029565934e-05,0,0,0,1,0.0954351858885323,6,18
normal_406,0,20,0.0016136795596388882,0,0,0,1,0.0954351858885323,6,18
normal_406,0,30,8.167795701896327e-05,0,0,0,1,0.0954351858885323,6,18
normal_408,0,0,0.006303130713440123,0,0,0,1,0.0954351858885323,6,18
normal_408,0,10,0.0004394439830371938,0,0,0,1,0.0954351858885323,6,18
normal_411,0,0,7.300458471141994e-05,0,0,0,1,0.0954351858885323,6,18
normal_411,0,10,0.00011830839669542012,0,0,0,1,0.0954351858885323,6,18
normal_411,0,20,1.3717792034700704e-05,0,0,0,1,0.0954351858885323,6,18
normal_411,0,30,4.04038670966017e-05,0,0,0,1,0.0954351858885323,6,18
normal_421,0,0,0.005285185150216214,0,0,0,1,0.0954351858885323,6,18
normal_426,0,0,0.0023715104290545496,0,0,0,1,0.0954351858885323,6,18
normal_428,0,0,0.0005924996847125183,0,0,0,1,0.0954351858885323,6,18
normal_428,0,10,0.0029337369197246243,0,0,0,1,0.0954351858885323,6,18
normal_428,0,20,0.0001742725446226247,0,0,0,1,0.0954351858885323,6,18
normal_428,0,30,0.24950851939676946,1,1,0,1,0.0954351858885323,6,18
normal_430,0,0,0.011843525346192006,0,0,0,1,0.0954351858885323,6,18
normal_430,0,10,0.00016996305834855982,0,0,0,1,0.0954351858885323,6,18
normal_451,0,0,0.00032180940802543814,0,0,0,1,0.0954351858885323,6,18
normal_451,0,10,0.0010887298455611425,0,0,0,1,0.0954351858885323,6,18
normal_451,0,20,1.3826224865925237e-05,0,0,0,1,0.0954351858885323,6,18
normal_453,0,0,0.008947515224532535,0,0,0,1,0.0954351858885323,6,18
normal_463,0,0,0.0012746499328278535,0,0,0,1,0.0954351858885323,6,18
normal_463,0,10,0.01928500351160525,0,0,0,1,0.0954351858885323,6,18
normal_469,0,0,6.607151421880325e-05,0,0,0,1,0.0954351858885323,6,18
normal_469,0,10,1.2374820774997124e-05,0,0,0,1,0.0954351858885323,6,18
normal_473,0,0,0.0005957346012857421,0,0,0,1,0.0954351858885323,6,18
normal_473,0,10,0.0007367417405622307,0,0,0,1,0.0954351858885323,6,18
normal_473,0,20,3.02598792435615e-06,0,0,0,1,0.0954351858885323,6,18
normal_473,0,30,1.3017361737114991e-05,0,0,0,1,0.0954351858885323,6,18
normal_475,0,0,1.238507821240483e-05,0,0,0,1,0.0954351858885323,6,18
normal_475,0,10,0.0001063534033307192,0,0,0,1,0.0954351858885323,6,18
normal_485,0,0,0.0020062613821880855,0,0,0,1,0.0954351858885323,6,18
normal_485,0,10,0.00014302957034596076,0,0,0,1,0.0954351858885323,6,18
normal_485,0,20,0.00034933521011038356,0,0,0,1,0.0954351858885323,6,18
normal_488,0,0,0.007330760321737365,0,0,0,1,0.0954351858885323,6,18
normal_488,0,10,0.005609946340954919,0,0,0,1,0.0954351858885323,6,18
normal_508,0,0,9.857400748460637e-05,0,0,0,1,0.0954351858885323,6,18
normal_511,0,0,0.0032823119536173543,0,0,0,1,0.0954351858885323,6,18
normal_511,0,10,5.928898125662102e-05,0,0,0,1,0.0954351858885323,6,18
normal_511,0,20,8.73658897637705e-05,0,0,0,1,0.0954351858885323,6,18
normal_511,0,30,0.0006522084295482525,0,0,0,1,0.0954351858885323,6,18
normal_526,0,0,0.0008381523539482039,0,0,0,1,0.0954351858885323,6,18
normal_526,0,10,0.003235216845313126,0,0,0,1,0.0954351858885323,6,18
normal_526,0,20,0.0013218396048445525,0,0,0,1,0.0954351858885323,6,18
normal_526,0,30,0.004662736660526897,0,0,0,1,0.0954351858885323,6,18
normal_529,0,0,0.00015899089878979231,0,0,0,1,0.0954351858885323,6,18
normal_545,0,0,0.001666663353427019,0,0,0,1,0.0954351858885323,6,18
normal_545,0,10,0.003232444021452687,0,0,0,1,0.0954351858885323,6,18
normal_549,0,0,0.016796361032140297,0,0,0,1,0.0954351858885323,6,18
normal_549,0,10,0.09772737707633258,1,1,0,1,0.0954351858885323,6,18
normal_549,0,20,0.040977343735499,0,0,0,1,0.0954351858885323,6,18
normal_549,0,30,0.0017466080877019073,0,0,0,1,0.0954351858885323,6,18
normal_550,0,0,6.088646363400941e-05,0,0,0,1,0.0954351858885323,6,18
normal_550,0,10,1.1776323964305078e-06,0,0,0,1,0.0954351858885323,6,18
normal_550,0,20,5.559256164260034e-05,0,0,0,1,0.0954351858885323,6,18
normal_551,0,0,0.005389463530309411,0,0,0,1,0.0954351858885323,6,18
normal_551,0,10,0.14337992825479984,1,1,0,1,0.0954351858885323,6,18
normal_551,0,20,0.050804503599525215,0,0,0,1,0.0954351858885323,6,18
normal_556,0,0,0.0002053747853761679,0,0,0,1,0.0954351858885323,6,18
normal_556,0,10,0.002139807075856393,0,0,0,1,0.0954351858885323,6,18
normal_556,0,20,0.008837970667909149,0,0,0,1,0.0954351858885323,6,18
normal_556,0,30,0.002745879853942245,0,0,0,1,0.0954351858885323,6,18
normal_564,0,0,2.8715265248762613e-05,0,0,0,1,0.0954351858885323,6,18
normal_564,0,10,0.0008467259405688631,0,0,0,1,0.0954351858885323,6,18
normal_564,0,20,0.000274351127351137,0,0,0,1,0.0954351858885323,6,18
normal_569,0,0,9.972445268624901e-05,0,0,0,1,0.0954351858885323,6,18
normal_569,0,10,3.0848857306945934e-05,0,0,0,1,0.0954351858885323,6,18
normal_569,0,20,0.00014566851610397873,0,0,0,1,0.0954351858885323,6,18
normal_569,0,30,0.0029700809608343916,0,0,0,1,0.0954351858885323,6,18
normal_577,0,0,0.0029418405413036116,0,0,0,1,0.0954351858885323,6,18
normal_577,0,10,0.0003699629549958959,0,0,0,1,0.0954351858885323,6,18
normal_577,0,20,4.448213588379325e-05,0,0,0,1,0.0954351858885323,6,18
normal_580,0,0,0.0008904209881240812,0,0,0,1,0.0954351858885323,6,18
normal_583,0,0,0.00012046598051720998,0,0,0,1,0.0954351858885323,6,18
normal_583,0,10,3.49573375441849e-05,0,0,0,1,0.0954351858885323,6,18
normal_583,0,20,5.094468618639815e-05,0,0,0,1,0.0954351858885323,6,18
normal_583,0,30,0.0020378525843034144,0,0,0,1,0.0954351858885323,6,18
normal_596,0,0,3.509234403602048e-05,0,0,0,1,0.0954351858885323,6,18
anomaly_12,1,0,1.0,1,1,0,1,0.0954351858885323,6,18
anomaly_12,1,10,0.9999645037221296,1,2,0,1,0.0954351858885323,6,18
anomaly_12,1,20,0.9998499055027532,1,3,0,1,0.0954351858885323,6,18
anomaly_12,1,30,0.9999999999999998,1,4,0,1,0.0954351858885323,6,18
anomaly_14,1,0,1.0,1,1,0,1,0.0954351858885323,6,18
normal_5,0,0,0.00016456854507851612,0,0,0,2,0.07779054420999874,6,18
normal_5,0,10,0.0017561723786647194,0,0,0,2,0.07779054420999874,6,18
normal_5,0,20,7.960499954100432e-05,0,0,0,2,0.07779054420999874,6,18
normal_5,0,30,0.0003865624110283969,0,0,0,2,0.07779054420999874,6,18
normal_6,0,0,6.558535985806556e-05,0,0,0,2,0.07779054420999874,6,18
normal_6,0,10,0.0004233700771046356,0,0,0,2,0.07779054420999874,6,18
normal_6,0,20,0.0019120141408393734,0,0,0,2,0.07779054420999874,6,18
normal_6,0,30,0.0003072129960821144,0,0,0,2,0.07779054420999874,6,18
normal_9,0,0,0.0002974059135238221,0,0,0,2,0.07779054420999874,6,18
normal_11,0,0,0.00013174452851766582,0,0,0,2,0.07779054420999874,6,18
normal_11,0,10,0.0001545887774623898,0,0,0,2,0.07779054420999874,6,18
normal_11,0,20,6.76188596428439e-05,0,0,0,2,0.07779054420999874,6,18
normal_11,0,30,0.0032565324758340184,0,0,0,2,0.07779054420999874,6,18
normal_13,0,0,0.0011428751846830323,0,0,0,2,0.07779054420999874,6,18
normal_13,0,10,0.00018193464039487347,0,0,0,2,0.07779054420999874,6,18
normal_13,0,20,8.473339225770363e-05,0,0,0,2,0.07779054420999874,6,18
normal_20,0,0,3.9200606463094124e-05,0,0,0,2,0.07779054420999874,6,18
normal_21,0,0,0.0002174386690182832,0,0,0,2,0.07779054420999874,6,18
normal_26,0,0,2.082547897139299e-05,0,0,0,2,0.07779054420999874,6,18
normal_29,0,0,2.662854269714731e-05,0,0,0,2,0.07779054420999874,6,18
normal_29,0,10,9.41070637853285e-06,0,0,0,2,0.07779054420999874,6,18
normal_29,0,20,6.415552035709613e-05,0,0,0,2,0.07779054420999874,6,18
normal_29,0,30,1.6862045719067697e-05,0,0,0,2,0.07779054420999874,6,18
normal_42,0,0,6.088564758215604e-06,0,0,0,2,0.07779054420999874,6,18
normal_42,0,10,2.046115805853439e-05,0,0,0,2,0.07779054420999874,6,18
normal_42,0,20,5.982130399341728e-06,0,0,0,2,0.07779054420999874,6,18
normal_42,0,30,7.412393225919561e-06,0,0,0,2,0.07779054420999874,6,18
normal_43,0,0,4.333776789251677e-05,0,0,0,2,0.07779054420999874,6,18
normal_43,0,10,2.9499890367566205e-05,0,0,0,2,0.07779054420999874,6,18
normal_43,0,20,4.436251691433457e-06,0,0,0,2,0.07779054420999874,6,18
normal_43,0,30,2.8750947408386346e-05,0,0,0,2,0.07779054420999874,6,18
normal_44,0,0,0.002794098781629247,0,0,0,2,0.07779054420999874,6,18
normal_44,0,10,4.7275592801074034e-05,0,0,0,2,0.07779054420999874,6,18
normal_44,0,20,0.0017177625665254026,0,0,0,2,0.07779054420999874,6,18
normal_53,0,0,0.008361812789941645,0,0,0,2,0.07779054420999874,6,18
normal_53,0,10,0.002704472707220797,0,0,0,2,0.07779054420999874,6,18
normal_53,0,20,0.02397346986565825,0,0,0,2,0.07779054420999874,6,18
normal_53,0,30,0.00029508451393152763,0,0,0,2,0.07779054420999874,6,18
normal_57,0,0,1.5504966760064786e-05,0,0,0,2,0.07779054420999874,6,18
normal_57,0,10,1.2762522659560463e-05,0,0,0,2,0.07779054420999874,6,18
normal_57,0,20,0.0007408490773837402,0,0,0,2,0.07779054420999874,6,18
normal_57,0,30,0.006893328017792184,0,0,0,2,0.07779054420999874,6,18
normal_75,0,0,0.0004922282846970559,0,0,0,2,0.07779054420999874,6,18
normal_75,0,10,4.19299034166066e-05,0,0,0,2,0.07779054420999874,6,18
normal_75,0,20,0.000813200158804559,0,0,0,2,0.07779054420999874,6,18
normal_75,0,30,0.0005302057631998237,0,0,0,2,0.07779054420999874,6,18
normal_90,0,0,0.00021419819951960537,0,0,0,2,0.07779054420999874,6,18
normal_90,0,10,0.007306915817303965,0,0,0,2,0.07779054420999874,6,18
normal_90,0,20,0.00021021239370471636,0,0,0,2,0.07779054420999874,6,18
normal_90,0,30,0.0003315032748617216,0,0,0,2,0.07779054420999874,6,18
normal_101,0,0,1.7627226751597905e-05,0,0,0,2,0.07779054420999874,6,18
normal_101,0,10,0.0003272930190655204,0,0,0,2,0.07779054420999874,6,18
normal_101,0,20,0.0036752570010523825,0,0,0,2,0.07779054420999874,6,18
normal_101,0,30,0.0005103249727991028,0,0,0,2,0.07779054420999874,6,18
normal_108,0,0,0.00027550681081588136,0,0,0,2,0.07779054420999874,6,18
normal_108,0,10,0.00051200237716617,0,0,0,2,0.07779054420999874,6,18
normal_108,0,20,5.4848638175658966e-05,0,0,0,2,0.07779054420999874,6,18
normal_108,0,30,0.00048557333511300727,0,0,0,2,0.07779054420999874,6,18
normal_114,0,0,0.00034247843691650537,0,0,0,2,0.07779054420999874,6,18
normal_114,0,10,0.00030392865195974045,0,0,0,2,0.07779054420999874,6,18
normal_114,0,20,0.0017222218780109694,0,0,0,2,0.07779054420999874,6,18
normal_114,0,30,0.00010881931584274553,0,0,0,2,0.07779054420999874,6,18
normal_122,0,0,0.00024663227467361495,0,0,0,2,0.07779054420999874,6,18
normal_122,0,10,0.0016054832536353284,0,0,0,2,0.07779054420999874,6,18
normal_122,0,20,0.00040936747121957426,0,0,0,2,0.07779054420999874,6,18
normal_126,0,0,9.481121093857832e-05,0,0,0,2,0.07779054420999874,6,18
normal_126,0,10,0.0005397643455591012,0,0,0,2,0.07779054420999874,6,18
normal_126,0,20,0.005774215479068784,0,0,0,2,0.07779054420999874,6,18
normal_126,0,30,0.0016080854125167558,0,0,0,2,0.07779054420999874,6,18
normal_128,0,0,0.0015074318797108,0,0,0,2,0.07779054420999874,6,18
normal_128,0,10,0.001860756267868561,0,0,0,2,0.07779054420999874,6,18
normal_128,0,20,0.0006695357109680356,0,0,0,2,0.07779054420999874,6,18
normal_146,0,0,0.001032430131783953,0,0,0,2,0.07779054420999874,6,18
normal_146,0,10,6.893645326971344e-05,0,0,0,2,0.07779054420999874,6,18
normal_146,0,20,0.0010493116818261017,0,0,0,2,0.07779054420999874,6,18
normal_146,0,30,0.0008665028890224264,0,0,0,2,0.07779054420999874,6,18
normal_148,0,0,0.002921420703221433,0,0,0,2,0.07779054420999874,6,18
normal_149,0,0,3.6368239763188085e-05,0,0,0,2,0.07779054420999874,6,18
normal_159,0,0,0.0003805083079205724,0,0,0,2,0.07779054420999874,6,18
normal_159,0,10,0.00015773184177850154,0,0,0,2,0.07779054420999874,6,18
normal_159,0,20,0.0006712490494879633,0,0,0,2,0.07779054420999874,6,18
normal_159,0,30,6.649710052834533e-05,0,0,0,2,0.07779054420999874,6,18
normal_161,0,0,4.61390998634431e-05,0,0,0,2,0.07779054420999874,6,18
normal_161,0,10,0.004075117513934361,0,0,0,2,0.07779054420999874,6,18
normal_166,0,0,3.8402012762491594e-05,0,0,0,2,0.07779054420999874,6,18
normal_166,0,10,0.0012945855513291208,0,0,0,2,0.07779054420999874,6,18
normal_166,0,20,0.0002192916149268351,0,0,0,2,0.07779054420999874,6,18
normal_179,0,0,0.7157450918653264,1,1,0,2,0.07779054420999874,6,18
normal_179,0,10,0.0747973959477956,0,0,0,2,0.07779054420999874,6,18
normal_182,0,0,0.0041897096915038245,0,0,0,2,0.07779054420999874,6,18
normal_182,0,10,0.0004270188033767785,0,0,0,2,0.07779054420999874,6,18
normal_182,0,20,5.348496731721457e-05,0,0,0,2,0.07779054420999874,6,18
normal_182,0,30,0.0015215181489653155,0,0,0,2,0.07779054420999874,6,18
normal_186,0,0,4.6553663902669486e-05,0,0,0,2,0.07779054420999874,6,18
normal_191,0,0,0.0004897543437874111,0,0,0,2,0.07779054420999874,6,18
normal_200,0,0,0.00036867755286333674,0,0,0,2,0.07779054420999874,6,18
normal_200,0,10,7.811228992349405e-05,0,0,0,2,0.07779054420999874,6,18
normal_200,0,20,0.0022354025240679926,0,0,0,2,0.07779054420999874,6,18
normal_205,0,0,0.0024287304014457855,0,0,0,2,0.07779054420999874,6,18
normal_205,0,10,0.0018617657441684808,0,0,0,2,0.07779054420999874,6,18
normal_205,0,20,0.00019853729856039699,0,0,0,2,0.07779054420999874,6,18
normal_210,0,0,0.005099692050992744,0,0,0,2,0.07779054420999874,6,18
normal_210,0,10,3.400583256766704e-05,0,0,0,2,0.07779054420999874,6,18
normal_210,0,20,0.0003454494666981563,0,0,0,2,0.07779054420999874,6,18
normal_210,0,30,2.6743891957442613e-05,0,0,0,2,0.07779054420999874,6,18
normal_211,0,0,0.00030572156570867425,0,0,0,2,0.07779054420999874,6,18
normal_211,0,10,8.662252981968518e-05,0,0,0,2,0.07779054420999874,6,18
normal_211,0,20,0.001952141135800359,0,0,0,2,0.07779054420999874,6,18
normal_211,0,30,0.0003072186703040544,0,0,0,2,0.07779054420999874,6,18
normal_214,0,0,8.336961067330829e-05,0,0,0,2,0.07779054420999874,6,18
normal_217,0,0,0.0007359048628308178,0,0,0,2,0.07779054420999874,6,18
normal_217,0,10,0.0011918050500403338,0,0,0,2,0.07779054420999874,6,18
normal_217,0,20,0.000911365081296462,0,0,0,2,0.07779054420999874,6,18
normal_217,0,30,0.002789701504996479,0,0,0,2,0.07779054420999874,6,18
normal_231,0,0,0.0003366791539286378,0,0,0,2,0.07779054420999874,6,18
normal_231,0,10,0.00010260173095548339,0,0,0,2,0.07779054420999874,6,18
normal_235,0,0,4.9385361275508996e-05,0,0,0,2,0.07779054420999874,6,18
normal_235,0,10,0.00026718306620444806,0,0,0,2,0.07779054420999874,6,18
normal_235,0,20,0.0028754491834148102,0,0,0,2,0.07779054420999874,6,18
normal_235,0,30,0.0006353998345803405,0,0,0,2,0.07779054420999874,6,18
normal_236,0,0,7.294270380727252e-05,0,0,0,2,0.07779054420999874,6,18
normal_236,0,10,0.0007431807639887498,0,0,0,2,0.07779054420999874,6,18
normal_236,0,20,0.005151997345830791,0,0,0,2,0.07779054420999874,6,18
normal_247,0,0,0.00014591583300307902,0,0,0,2,0.07779054420999874,6,18
normal_247,0,10,0.0003573326932300147,0,0,0,2,0.07779054420999874,6,18
normal_247,0,20,0.0004699402414682991,0,0,0,2,0.07779054420999874,6,18
normal_247,0,30,0.0003788596170518279,0,0,0,2,0.07779054420999874,6,18
normal_249,0,0,0.002080120560132536,0,0,0,2,0.07779054420999874,6,18
normal_249,0,10,0.0007925030255122276,0,0,0,2,0.07779054420999874,6,18
normal_250,0,0,0.00024731520447951433,0,0,0,2,0.07779054420999874,6,18
normal_254,0,0,2.0516348828917264e-05,0,0,0,2,0.07779054420999874,6,18
normal_254,0,10,7.675967541611146e-06,0,0,0,2,0.07779054420999874,6,18
normal_255,0,0,0.0017638464377313803,0,0,0,2,0.07779054420999874,6,18
normal_277,0,0,0.0012708825912300188,0,0,0,2,0.07779054420999874,6,18
normal_277,0,10,0.0018760209305914513,0,0,0,2,0.07779054420999874,6,18
normal_282,0,0,0.00441534179377265,0,0,0,2,0.07779054420999874,6,18
normal_282,0,10,0.002397308765676953,0,0,0,2,0.07779054420999874,6,18
normal_282,0,20,0.0009130050589259545,0,0,0,2,0.07779054420999874,6,18
normal_289,0,0,6.598786465255495e-05,0,0,0,2,0.07779054420999874,6,18
normal_289,0,10,3.0338846367503182e-05,0,0,0,2,0.07779054420999874,6,18
normal_290,0,0,0.0004921701151569278,0,0,0,2,0.07779054420999874,6,18
normal_301,0,0,0.0006115120543117369,0,0,0,2,0.07779054420999874,6,18
normal_301,0,10,0.006008881064358688,0,0,0,2,0.07779054420999874,6,18
normal_308,0,0,0.00011144781883054798,0,0,0,2,0.07779054420999874,6,18
normal_317,0,0,0.0005799300836892043,0,0,0,2,0.07779054420999874,6,18
normal_317,0,10,0.004065866751293422,0,0,0,2,0.07779054420999874,6,18
normal_317,0,20,0.0002697195403887212,0,0,0,2,0.07779054420999874,6,18
normal_317,0,30,0.007723114951849312,0,0,0,2,0.07779054420999874,6,18
normal_323,0,0,0.0007030051484950721,0,0,0,2,0.07779054420999874,6,18
normal_323,0,10,6.458741887482757e-05,0,0,0,2,0.07779054420999874,6,18
normal_323,0,20,7.255440888356317e-05,0,0,0,2,0.07779054420999874,6,18
normal_323,0,30,8.172829797416428e-05,0,0,0,2,0.07779054420999874,6,18
normal_325,0,0,0.0005327825635014294,0,0,0,2,0.07779054420999874,6,18
normal_325,0,10,0.0001076636701430017,0,0,0,2,0.07779054420999874,6,18
normal_325,0,20,8.920311251348686e-05,0,0,0,2,0.07779054420999874,6,18
normal_332,0,0,0.00047507794778493226,0,0,0,2,0.07779054420999874,6,18
normal_332,0,10,0.00033262228119074655,0,0,0,2,0.07779054420999874,6,18
normal_355,0,0,0.0007501030856460764,0,0,0,2,0.07779054420999874,6,18
normal_355,0,10,0.0003018847960654048,0,0,0,2,0.07779054420999874,6,18
normal_355,0,20,0.0028290787890626044,0,0,0,2,0.07779054420999874,6,18
normal_355,0,30,0.0014455587267700038,0,0,0,2,0.07779054420999874,6,18
normal_358,0,0,0.0024445259466539127,0,0,0,2,0.07779054420999874,6,18
normal_366,0,0,0.00016505096662308477,0,0,0,2,0.07779054420999874,6,18
normal_366,0,10,2.295682854492453e-05,0,0,0,2,0.07779054420999874,6,18
normal_366,0,20,3.035020332844472e-05,0,0,0,2,0.07779054420999874,6,18
normal_366,0,30,0.00010269139269563794,0,0,0,2,0.07779054420999874,6,18
normal_376,0,0,0.0005577280362501898,0,0,0,2,0.07779054420999874,6,18
normal_386,0,0,0.0023975032194690693,0,0,0,2,0.07779054420999874,6,18
normal_386,0,10,0.0001545102495992137,0,0,0,2,0.07779054420999874,6,18
normal_386,0,20,0.0007318358029899374,0,0,0,2,0.07779054420999874,6,18
normal_393,0,0,0.011175680704382265,0,0,0,2,0.07779054420999874,6,18
normal_409,0,0,0.0002299017947874226,0,0,0,2,0.07779054420999874,6,18
normal_419,0,0,0.0014735718799885266,0,0,0,2,0.07779054420999874,6,18
normal_419,0,10,0.0002486047908228688,0,0,0,2,0.07779054420999874,6,18
normal_419,0,20,0.0006108110177235103,0,0,0,2,0.07779054420999874,6,18
normal_419,0,30,0.0006093778473628613,0,0,0,2,0.07779054420999874,6,18
normal_420,0,0,0.00020916164401327616,0,0,0,2,0.07779054420999874,6,18
normal_420,0,10,3.818537770797351e-05,0,0,0,2,0.07779054420999874,6,18
normal_434,0,0,0.0004445555228105956,0,0,0,2,0.07779054420999874,6,18
normal_434,0,10,9.833926754311796e-05,0,0,0,2,0.07779054420999874,6,18
normal_434,0,20,5.9560016991923906e-05,0,0,0,2,0.07779054420999874,6,18
normal_434,0,30,0.0008177320652117704,0,0,0,2,0.07779054420999874,6,18
normal_440,0,0,8.556182632833975e-05,0,0,0,2,0.07779054420999874,6,18
normal_440,0,10,0.00028443497840604745,0,0,0,2,0.07779054420999874,6,18
normal_440,0,20,0.0008049181837840696,0,0,0,2,0.07779054420999874,6,18
normal_444,0,0,0.00029601379006821346,0,0,0,2,0.07779054420999874,6,18
normal_444,0,10,0.0003873598111054384,0,0,0,2,0.07779054420999874,6,18
normal_444,0,20,0.00030274703047738865,0,0,0,2,0.07779054420999874,6,18
normal_444,0,30,7.367607036842961e-05,0,0,0,2,0.07779054420999874,6,18
normal_452,0,0,0.0002050917383749268,0,0,0,2,0.07779054420999874,6,18
normal_452,0,10,0.00018318299919194562,0,0,0,2,0.07779054420999874,6,18
normal_455,0,0,0.00026346390162053243,0,0,0,2,0.07779054420999874,6,18
normal_455,0,10,0.00020914769959351023,0,0,0,2,0.07779054420999874,6,18
normal_455,0,20,0.00011359614194360104,0,0,0,2,0.07779054420999874,6,18
normal_455,0,30,0.0006588537820675849,0,0,0,2,0.07779054420999874,6,18
normal_456,0,0,0.00030542168706152947,0,0,0,2,0.07779054420999874,6,18
normal_456,0,10,0.00966252604742823,0,0,0,2,0.07779054420999874,6,18
normal_456,0,20,0.0011224702603014245,0,0,0,2,0.07779054420999874,6,18
normal_456,0,30,9.153963783641286e-05,0,0,0,2,0.07779054420999874,6,18
normal_462,0,0,4.2803292160511695e-05,0,0,0,2,0.07779054420999874,6,18
normal_462,0,10,0.0003470820534230235,0,0,0,2,0.07779054420999874,6,18
normal_462,0,20,6.0013513035109705e-05,0,0,0,2,0.07779054420999874,6,18
normal_471,0,0,5.834014649828979e-05,0,0,0,2,0.07779054420999874,6,18
normal_490,0,0,0.00024258600740124578,0,0,0,2,0.07779054420999874,6,18
normal_492,0,0,0.0011065424296845393,0,0,0,2,0.07779054420999874,6,18
normal_492,0,10,0.001713672657523909,0,0,0,2,0.07779054420999874,6,18
normal_492,0,20,0.0008748256878024257,0,0,0,2,0.07779054420999874,6,18
normal_492,0,30,0.001067761635783894,0,0,0,2,0.07779054420999874,6,18
normal_499,0,0,0.0011265594388717444,0,0,0,2,0.07779054420999874,6,18
normal_499,0,10,0.009734234215114166,0,0,0,2,0.07779054420999874,6,18
normal_499,0,20,0.06146386164812261,0,0,0,2,0.07779054420999874,6,18
normal_499,0,30,0.0007501963888194478,0,0,0,2,0.07779054420999874,6,18
normal_516,0,0,0.0013700121565952716,0,0,0,2,0.07779054420999874,6,18
normal_516,0,10,0.0001443754221083334,0,0,0,2,0.07779054420999874,6,18
normal_516,0,20,0.0002504228078817908,0,0,0,2,0.07779054420999874,6,18
normal_516,0,30,0.00020117006730691736,0,0,0,2,0.07779054420999874,6,18
normal_517,0,0,0.0008419244052148987,0,0,0,2,0.07779054420999874,6,18
normal_517,0,10,0.0008362135618924027,0,0,0,2,0.07779054420999874,6,18
normal_517,0,20,0.0007662344387877286,0,0,0,2,0.07779054420999874,6,18
normal_518,0,0,0.00041538925223471283,0,0,0,2,0.07779054420999874,6,18
normal_539,0,0,0.00011318227431059974,0,0,0,2,0.07779054420999874,6,18
normal_539,0,10,0.0005101242357719333,0,0,0,2,0.07779054420999874,6,18
normal_552,0,0,6.577388886142173e-05,0,0,0,2,0.07779054420999874,6,18
normal_552,0,10,0.0008675748101913268,0,0,0,2,0.07779054420999874,6,18
normal_552,0,20,0.0008961367779769502,0,0,0,2,0.07779054420999874,6,18
normal_557,0,0,0.0011202110138492192,0,0,0,2,0.07779054420999874,6,18
normal_557,0,10,6.589650780106229e-05,0,0,0,2,0.07779054420999874,6,18
normal_557,0,20,0.00042448882371413764,0,0,0,2,0.07779054420999874,6,18
normal_557,0,30,0.022665248165666157,0,0,0,2,0.07779054420999874,6,18
normal_559,0,0,8.207724053448296e-05,0,0,0,2,0.07779054420999874,6,18
normal_559,0,10,7.302622804625998e-05,0,0,0,2,0.07779054420999874,6,18
normal_562,0,0,2.7896333684823657e-05,0,0,0,2,0.07779054420999874,6,18
normal_562,0,10,8.247496606438393e-06,0,0,0,2,0.07779054420999874,6,18
normal_562,0,20,4.054262046182236e-06,0,0,0,2,0.07779054420999874,6,18
normal_562,0,30,1.4432987683811301e-05,0,0,0,2,0.07779054420999874,6,18
normal_568,0,0,0.0037559118286050563,0,0,0,2,0.07779054420999874,6,18
normal_568,0,10,0.15615648854890987,1,1,0,2,0.07779054420999874,6,18
normal_568,0,20,4.128973822647913e-05,0,0,0,2,0.07779054420999874,6,18
normal_568,0,30,4.633602451907266e-05,0,0,0,2,0.07779054420999874,6,18
normal_576,0,0,0.00016474540151908612,0,0,0,2,0.07779054420999874,6,18
normal_576,0,10,0.0024134084781316516,0,0,0,2,0.07779054420999874,6,18
normal_576,0,20,0.0006697085817203227,0,0,0,2,0.07779054420999874,6,18
normal_576,0,30,0.0008998210984871613,0,0,0,2,0.07779054420999874,6,18
normal_588,0,0,0.00028994377917593886,0,0,0,2,0.07779054420999874,6,18
normal_588,0,10,0.0003965167279879268,0,0,0,2,0.07779054420999874,6,18
normal_588,0,20,4.914560282488991e-05,0,0,0,2,0.07779054420999874,6,18
normal_588,0,30,3.435279097893033e-05,0,0,0,2,0.07779054420999874,6,18
normal_590,0,0,0.002283926703660049,0,0,0,2,0.07779054420999874,6,18
normal_593,0,0,9.858434659934757e-06,0,0,0,2,0.07779054420999874,6,18
normal_593,0,10,0.00012918513177688094,0,0,0,2,0.07779054420999874,6,18
normal_593,0,20,0.00044446322284499623,0,0,0,2,0.07779054420999874,6,18
normal_593,0,30,0.0008020401036338953,0,0,0,2,0.07779054420999874,6,18
normal_594,0,0,0.0005219128166246774,0,0,0,2,0.07779054420999874,6,18
normal_594,0,10,0.0012408556027238414,0,0,0,2,0.07779054420999874,6,18
normal_594,0,20,0.004324618977225846,0,0,0,2,0.07779054420999874,6,18
normal_595,0,0,0.0004443947381343962,0,0,0,2,0.07779054420999874,6,18
normal_595,0,10,0.002579721820467888,0,0,0,2,0.07779054420999874,6,18
anomaly_7,1,0,1.0,1,1,0,2,0.07779054420999874,6,18
anomaly_7,1,10,0.9864400916304767,1,2,0,2,0.07779054420999874,6,18
anomaly_7,1,20,1.0,1,3,0,2,0.07779054420999874,6,18
anomaly_7,1,30,1.0,1,4,0,2,0.07779054420999874,6,18
anomaly_9,1,0,0.9999999999999953,1,1,0,2,0.07779054420999874,6,18
normal_18,0,0,0.00019646939464765904,0,0,0,3,0.35770930313298305,5,12
normal_18,0,10,0.00016619889726185837,0,0,0,3,0.35770930313298305,5,12
normal_19,0,0,0.001768866615517696,0,0,0,3,0.35770930313298305,5,12
normal_19,0,10,0.0032128789349019746,0,0,0,3,0.35770930313298305,5,12
normal_24,0,0,0.0012733359159447807,0,0,0,3,0.35770930313298305,5,12
normal_24,0,10,0.0010802599994413071,0,0,0,3,0.35770930313298305,5,12
normal_24,0,20,0.0007177701928582405,0,0,0,3,0.35770930313298305,5,12
normal_24,0,30,0.11386662911050584,0,0,0,3,0.35770930313298305,5,12
normal_25,0,0,4.62859913367111e-05,0,0,0,3,0.35770930313298305,5,12
normal_25,0,10,6.377893043378332e-05,0,0,0,3,0.35770930313298305,5,12
normal_30,0,0,0.0016464105543563124,0,0,0,3,0.35770930313298305,5,12
normal_30,0,10,0.0017980897104035878,0,0,0,3,0.35770930313298305,5,12
normal_30,0,20,0.00747027592027124,0,0,0,3,0.35770930313298305,5,12
normal_36,0,0,4.584510994113378e-06,0,0,0,3,0.35770930313298305,5,12
normal_36,0,10,0.00021469535410761684,0,0,0,3,0.35770930313298305,5,12
normal_45,0,0,0.000572028214432549,0,0,0,3,0.35770930313298305,5,12
normal_48,0,0,4.498775247562466e-05,0,0,0,3,0.35770930313298305,5,12
normal_48,0,10,0.0004463045338876294,0,0,0,3,0.35770930313298305,5,12
normal_48,0,20,0.0002705715344979308,0,0,0,3,0.35770930313298305,5,12
normal_48,0,30,0.00045425204392253937,0,0,0,3,0.35770930313298305,5,12
normal_54,0,0,5.65666531371878e-05,0,0,0,3,0.35770930313298305,5,12
normal_54,0,10,0.00038805601207951633,0,0,0,3,0.35770930313298305,5,12
normal_54,0,20,0.0006863947973629076,0,0,0,3,0.35770930313298305,5,12
normal_54,0,30,2.164702683490941e-05,0,0,0,3,0.35770930313298305,5,12
normal_55,0,0,4.7041930063960396e-05,0,0,0,3,0.35770930313298305,5,12
normal_55,0,10,0.00014867217251572266,0,0,0,3,0.35770930313298305,5,12
normal_55,0,20,0.00016065715215564342,0,0,0,3,0.35770930313298305,5,12
normal_55,0,30,0.00017189345518312354,0,0,0,3,0.35770930313298305,5,12
normal_63,0,0,0.0013855875611642643,0,0,0,3,0.35770930313298305,5,12
normal_63,0,10,4.846734885773555e-05,0,0,0,3,0.35770930313298305,5,12
normal_63,0,20,3.022498144186373e-05,0,0,0,3,0.35770930313298305,5,12
normal_63,0,30,4.9782966983885704e-05,0,0,0,3,0.35770930313298305,5,12
normal_68,0,0,0.018557140410300474,0,0,0,3,0.35770930313298305,5,12
normal_68,0,10,0.3915527645872708,1,1,0,3,0.35770930313298305,5,12
normal_68,0,20,0.00021012143550981304,0,0,0,3,0.35770930313298305,5,12
normal_68,0,30,0.0017908177868740153,0,0,0,3,0.35770930313298305,5,12
normal_80,0,0,0.004109862867645058,0,0,0,3,0.35770930313298305,5,12
normal_80,0,10,0.00013364273081213206,0,0,0,3,0.35770930313298305,5,12
normal_80,0,20,0.0003615481641534815,0,0,0,3,0.35770930313298305,5,12
normal_80,0,30,1.9938731286512222e-05,0,0,0,3,0.35770930313298305,5,12
normal_85,0,0,0.0003170425436883121,0,0,0,3,0.35770930313298305,5,12
normal_85,0,10,7.090748452811121e-05,0,0,0,3,0.35770930313298305,5,12
normal_85,0,20,0.0004906150813514471,0,0,0,3,0.35770930313298305,5,12
normal_85,0,30,0.00011103060655622914,0,0,0,3,0.35770930313298305,5,12
normal_88,0,0,0.0017378522037773923,0,0,0,3,0.35770930313298305,5,12
normal_93,0,0,9.896824612412036e-05,0,0,0,3,0.35770930313298305,5,12
normal_96,0,0,0.00011425468844000115,0,0,0,3,0.35770930313298305,5,12
normal_96,0,10,0.00010887549181978213,0,0,0,3,0.35770930313298305,5,12
normal_96,0,20,0.0014064540745061522,0,0,0,3,0.35770930313298305,5,12
normal_96,0,30,0.00010070263762036871,0,0,0,3,0.35770930313298305,5,12
normal_110,0,0,0.001697046902941833,0,0,0,3,0.35770930313298305,5,12
normal_110,0,10,0.00043191473531054784,0,0,0,3,0.35770930313298305,5,12
normal_120,0,0,1.717668314327866e-05,0,0,0,3,0.35770930313298305,5,12
normal_120,0,10,0.00011219930570824096,0,0,0,3,0.35770930313298305,5,12
normal_120,0,20,1.1066307793734766e-05,0,0,0,3,0.35770930313298305,5,12
normal_120,0,30,6.788471250595298e-05,0,0,0,3,0.35770930313298305,5,12
normal_121,0,0,0.00011910266366883056,0,0,0,3,0.35770930313298305,5,12
normal_121,0,10,0.00010963579012040724,0,0,0,3,0.35770930313298305,5,12
normal_121,0,20,0.0002355916643733634,0,0,0,3,0.35770930313298305,5,12
normal_121,0,30,6.041448478999073e-05,0,0,0,3,0.35770930313298305,5,12
normal_123,0,0,0.00010369084584614294,0,0,0,3,0.35770930313298305,5,12
normal_153,0,0,0.0024037624483187353,0,0,0,3,0.35770930313298305,5,12
normal_153,0,10,0.00030619819108619617,0,0,0,3,0.35770930313298305,5,12
normal_153,0,20,0.0006853192326879407,0,0,0,3,0.35770930313298305,5,12
normal_153,0,30,0.0031280010527459357,0,0,0,3,0.35770930313298305,5,12
normal_154,0,0,0.00119370794988114,0,0,0,3,0.35770930313298305,5,12
normal_154,0,10,0.0036319343439952505,0,0,0,3,0.35770930313298305,5,12
normal_154,0,20,0.0020456255059673684,0,0,0,3,0.35770930313298305,5,12
normal_154,0,30,0.004095720320741172,0,0,0,3,0.35770930313298305,5,12
normal_172,0,0,0.0008253200643176783,0,0,0,3,0.35770930313298305,5,12
normal_189,0,0,4.1602904350631706e-05,0,0,0,3,0.35770930313298305,5,12
normal_189,0,10,2.7261425418137097e-05,0,0,0,3,0.35770930313298305,5,12
normal_189,0,20,8.989277296535863e-06,0,0,0,3,0.35770930313298305,5,12
normal_189,0,30,6.461603372186576e-05,0,0,0,3,0.35770930313298305,5,12
normal_195,0,0,0.00041214152166765513,0,0,0,3,0.35770930313298305,5,12
normal_195,0,10,0.0010048261497808916,0,0,0,3,0.35770930313298305,5,12
normal_195,0,20,0.00012443271707740242,0,0,0,3,0.35770930313298305,5,12
normal_204,0,0,0.0009286386711287807,0,0,0,3,0.35770930313298305,5,12
normal_204,0,10,0.0007262071217577974,0,0,0,3,0.35770930313298305,5,12
normal_204,0,20,0.0001997528667545738,0,0,0,3,0.35770930313298305,5,12
normal_204,0,30,0.0008813816494675433,0,0,0,3,0.35770930313298305,5,12
normal_219,0,0,7.4558292770928e-06,0,0,0,3,0.35770930313298305,5,12
normal_219,0,10,2.609634834190196e-06,0,0,0,3,0.35770930313298305,5,12
normal_228,0,0,0.0009172168853123601,0,0,0,3,0.35770930313298305,5,12
normal_228,0,10,1.1562164696405924e-05,0,0,0,3,0.35770930313298305,5,12
normal_228,0,20,4.260697876276035e-06,0,0,0,3,0.35770930313298305,5,12
normal_228,0,30,0.00011696881137054835,0,0,0,3,0.35770930313298305,5,12
normal_248,0,0,0.0014194598777077857,0,0,0,3,0.35770930313298305,5,12
normal_248,0,10,0.00022933690292643345,0,0,0,3,0.35770930313298305,5,12
normal_248,0,20,0.0002782577321650404,0,0,0,3,0.35770930313298305,5,12
normal_248,0,30,0.0019410587947688756,0,0,0,3,0.35770930313298305,5,12
normal_267,0,0,0.00035768272060203194,0,0,0,3,0.35770930313298305,5,12
normal_267,0,10,0.00010768761851306771,0,0,0,3,0.35770930313298305,5,12
normal_271,0,0,0.00019264490147339927,0,0,0,3,0.35770930313298305,5,12
normal_271,0,10,0.0001280741221782926,0,0,0,3,0.35770930313298305,5,12
normal_271,0,20,0.00011864701227527996,0,0,0,3,0.35770930313298305,5,12
normal_271,0,30,0.00013917336278641991,0,0,0,3,0.35770930313298305,5,12
normal_281,0,0,6.578558737189835e-05,0,0,0,3,0.35770930313298305,5,12
normal_281,0,10,0.0006144276283804793,0,0,0,3,0.35770930313298305,5,12
normal_281,0,20,2.378195464524842e-05,0,0,0,3,0.35770930313298305,5,12
normal_281,0,30,0.00011680024984394032,0,0,0,3,0.35770930313298305,5,12
normal_283,0,0,0.0019554752898647203,0,0,0,3,0.35770930313298305,5,12
normal_283,0,10,0.0013924771941423932,0,0,0,3,0.35770930313298305,5,12
normal_287,0,0,3.933771314889069e-05,0,0,0,3,0.35770930313298305,5,12
normal_287,0,10,7.673294025903662e-05,0,0,0,3,0.35770930313298305,5,12
normal_287,0,20,6.729569933518012e-06,0,0,0,3,0.35770930313298305,5,12
normal_287,0,30,0.00046653548616113464,0,0,0,3,0.35770930313298305,5,12
normal_293,0,0,0.0002318116316005304,0,0,0,3,0.35770930313298305,5,12
normal_293,0,10,2.7215632338283243e-05,0,0,0,3,0.35770930313298305,5,12
normal_293,0,20,0.00013777898062958927,0,0,0,3,0.35770930313298305,5,12
normal_293,0,30,6.142256804660277e-05,0,0,0,3,0.35770930313298305,5,12
normal_296,0,0,2.9832616854168993e-05,0,0,0,3,0.35770930313298305,5,12
normal_297,0,0,0.0010692485982809047,0,0,0,3,0.35770930313298305,5,12
normal_306,0,0,0.0019031255953716726,0,0,0,3,0.35770930313298305,5,12
normal_306,0,10,0.0021049691435705556,0,0,0,3,0.35770930313298305,5,12
normal_312,0,0,0.005909537645241008,0,0,0,3,0.35770930313298305,5,12
normal_312,0,10,0.002247125294536724,0,0,0,3,0.35770930313298305,5,12
normal_316,0,0,0.001296792620582646,0,0,0,3,0.35770930313298305,5,12
normal_316,0,10,0.08684040458121682,0,0,0,3,0.35770930313298305,5,12
normal_316,0,20,0.004375994054980289,0,0,0,3,0.35770930313298305,5,12
normal_316,0,30,9.602496310065641e-05,0,0,0,3,0.35770930313298305,5,12
normal_319,0,0,0.00039201513174907997,0,0,0,3,0.35770930313298305,5,12
normal_319,0,10,0.0012221375850888648,0,0,0,3,0.35770930313298305,5,12
normal_330,0,0,0.0004609997144734474,0,0,0,3,0.35770930313298305,5,12
normal_330,0,10,3.8830368914321435e-06,0,0,0,3,0.35770930313298305,5,12
normal_330,0,20,2.3295632112305024e-05,0,0,0,3,0.35770930313298305,5,12
normal_330,0,30,6.895053841179306e-06,0,0,0,3,0.35770930313298305,5,12
normal_335,0,0,0.0002134554964633654,0,0,0,3,0.35770930313298305,5,12
normal_335,0,10,0.00023245806014239663,0,0,0,3,0.35770930313298305,5,12
normal_335,0,20,3.025113007634397e-05,0,0,0,3,0.35770930313298305,5,12
normal_335,0,30,0.0002783127751392532,0,0,0,3,0.35770930313298305,5,12
normal_336,0,0,0.0008936144893248252,0,0,0,3,0.35770930313298305,5,12
normal_336,0,10,0.0011908925037876915,0,0,0,3,0.35770930313298305,5,12
normal_336,0,20,8.214276322088607e-05,0,0,0,3,0.35770930313298305,5,12
normal_342,0,0,6.690665965284622e-05,0,0,0,3,0.35770930313298305,5,12
normal_342,0,10,0.0010583208029298049,0,0,0,3,0.35770930313298305,5,12
normal_342,0,20,0.0007197900039460955,0,0,0,3,0.35770930313298305,5,12
normal_342,0,30,0.0245569495761388,0,0,0,3,0.35770930313298305,5,12
normal_345,0,0,0.00023181536342517178,0,0,0,3,0.35770930313298305,5,12
normal_348,0,0,0.0010457166656878312,0,0,0,3,0.35770930313298305,5,12
normal_348,0,10,7.041702554482384e-05,0,0,0,3,0.35770930313298305,5,12
normal_348,0,20,7.49970256320413e-05,0,0,0,3,0.35770930313298305,5,12
normal_348,0,30,4.425061119806031e-05,0,0,0,3,0.35770930313298305,5,12
normal_350,0,0,0.00012851571616927392,0,0,0,3,0.35770930313298305,5,12
normal_350,0,10,9.202582083466342e-05,0,0,0,3,0.35770930313298305,5,12
normal_350,0,20,3.6773611985991135e-05,0,0,0,3,0.35770930313298305,5,12
normal_357,0,0,0.0001094937230690507,0,0,0,3,0.35770930313298305,5,12
normal_357,0,10,0.0013363790557288167,0,0,0,3,0.35770930313298305,5,12
normal_362,0,0,5.642396780270138e-06,0,0,0,3,0.35770930313298305,5,12
normal_362,0,10,6.669876551866128e-05,0,0,0,3,0.35770930313298305,5,12
normal_362,0,20,0.00031493141601698617,0,0,0,3,0.35770930313298305,5,12
normal_362,0,30,0.00018579860312117823,0,0,0,3,0.35770930313298305,5,12
normal_368,0,0,0.0006196266393296297,0,0,0,3,0.35770930313298305,5,12
normal_368,0,10,0.0005040342929812289,0,0,0,3,0.35770930313298305,5,12
normal_369,0,0,0.0003374115638304574,0,0,0,3,0.35770930313298305,5,12
normal_373,0,0,5.952851289890716e-06,0,0,0,3,0.35770930313298305,5,12
normal_373,0,10,1.698923574458413e-05,0,0,0,3,0.35770930313298305,5,12
normal_373,0,20,3.9656663036681834e-05,0,0,0,3,0.35770930313298305,5,12
normal_373,0,30,0.00011134410462233931,0,0,0,3,0.35770930313298305,5,12
normal_378,0,0,0.0009900328942519063,0,0,0,3,0.35770930313298305,5,12
normal_378,0,10,4.209793750212044e-05,0,0,0,3,0.35770930313298305,5,12
normal_378,0,20,0.0001490880818127487,0,0,0,3,0.35770930313298305,5,12
normal_378,0,30,0.0004423151143481574,0,0,0,3,0.35770930313298305,5,12
normal_381,0,0,0.0016060673984305681,0,0,0,3,0.35770930313298305,5,12
normal_385,0,0,0.002729414636358499,0,0,0,3,0.35770930313298305,5,12
normal_385,0,10,0.0011560759003831117,0,0,0,3,0.35770930313298305,5,12
normal_385,0,20,0.00010784574529416424,0,0,0,3,0.35770930313298305,5,12
normal_385,0,30,5.7959873132200715e-05,0,0,0,3,0.35770930313298305,5,12
normal_391,0,0,0.0002809675416561193,0,0,0,3,0.35770930313298305,5,12
normal_391,0,10,1.3957528191335305e-05,0,0,0,3,0.35770930313298305,5,12
normal_391,0,20,1.9733960747644358e-06,0,0,0,3,0.35770930313298305,5,12
normal_391,0,30,4.649921336382356e-06,0,0,0,3,0.35770930313298305,5,12
normal_401,0,0,0.00017384395255322385,0,0,0,3,0.35770930313298305,5,12
normal_401,0,10,0.0003637806048298864,0,0,0,3,0.35770930313298305,5,12
normal_401,0,20,4.077572428822315e-06,0,0,0,3,0.35770930313298305,5,12
normal_401,0,30,0.00013194044779405765,0,0,0,3,0.35770930313298305,5,12
normal_412,0,0,0.00015996255467917727,0,0,0,3,0.35770930313298305,5,12
normal_412,0,10,3.6753078615353036e-05,0,0,0,3,0.35770930313298305,5,12
normal_412,0,20,4.88050377804e-05,0,0,0,3,0.35770930313298305,5,12
normal_412,0,30,0.00013988363047764117,0,0,0,3,0.35770930313298305,5,12
normal_414,0,0,0.0015237307813816758,0,0,0,3,0.35770930313298305,5,12
normal_418,0,0,3.463551896030854e-05,0,0,0,3,0.35770930313298305,5,12
normal_418,0,10,0.0001987971030627715,0,0,0,3,0.35770930313298305,5,12
normal_418,0,20,0.00031635539851411097,0,0,0,3,0.35770930313298305,5,12
normal_418,0,30,1.454533796482887e-05,0,0,0,3,0.35770930313298305,5,12
normal_424,0,0,0.0009996891149669609,0,0,0,3,0.35770930313298305,5,12
normal_424,0,10,0.0020867273433507233,0,0,0,3,0.35770930313298305,5,12
normal_424,0,20,0.0004930554635580701,0,0,0,3,0.35770930313298305,5,12
normal_429,0,0,0.0004664294187409411,0,0,0,3,0.35770930313298305,5,12
normal_429,0,10,8.523479707273363e-05,0,0,0,3,0.35770930313298305,5,12
normal_429,0,20,5.588702712866283e-05,0,0,0,3,0.35770930313298305,5,12
normal_429,0,30,0.0010450135844363348,0,0,0,3,0.35770930313298305,5,12
normal_435,0,0,1.7315650210366203e-05,0,0,0,3,0.35770930313298305,5,12
normal_435,0,10,6.85554625810555e-05,0,0,0,3,0.35770930313298305,5,12
normal_435,0,20,1.9732230323812158e-06,0,0,0,3,0.35770930313298305,5,12
normal_436,0,0,0.000158017801582084,0,0,0,3,0.35770930313298305,5,12
normal_436,0,10,4.831066071796119e-05,0,0,0,3,0.35770930313298305,5,12
normal_437,0,0,0.001708666649409049,0,0,0,3,0.35770930313298305,5,12
normal_439,0,0,0.0009877901147929804,0,0,0,3,0.35770930313298305,5,12
normal_439,0,10,0.00037670712904240496,0,0,0,3,0.35770930313298305,5,12
normal_439,0,20,0.00039454468888564285,0,0,0,3,0.35770930313298305,5,12
normal_439,0,30,5.4543159113315984e-05,0,0,0,3,0.35770930313298305,5,12
normal_450,0,0,0.001246715965466859,0,0,0,3,0.35770930313298305,5,12
normal_450,0,10,0.0006915677680064303,0,0,0,3,0.35770930313298305,5,12
normal_450,0,20,0.0005547434292267117,0,0,0,3,0.35770930313298305,5,12
normal_450,0,30,3.372320195190834e-05,0,0,0,3,0.35770930313298305,5,12
normal_458,0,0,0.0011812201128527024,0,0,0,3,0.35770930313298305,5,12
normal_465,0,0,0.0006847620471614236,0,0,0,3,0.35770930313298305,5,12
normal_468,0,0,3.924855277610555e-05,0,0,0,3,0.35770930313298305,5,12
normal_468,0,10,0.00011387385569890907,0,0,0,3,0.35770930313298305,5,12
normal_468,0,20,6.817792496702087e-06,0,0,0,3,0.35770930313298305,5,12
normal_474,0,0,6.159961946805672e-05,0,0,0,3,0.35770930313298305,5,12
normal_474,0,10,0.00011717388835222832,0,0,0,3,0.35770930313298305,5,12
normal_474,0,20,3.881785524969633e-05,0,0,0,3,0.35770930313298305,5,12
normal_474,0,30,0.0008628761707362904,0,0,0,3,0.35770930313298305,5,12
normal_476,0,0,0.00017815326450807247,0,0,0,3,0.35770930313298305,5,12
normal_478,0,0,0.00035947023012910097,0,0,0,3,0.35770930313298305,5,12
normal_478,0,10,0.0003542077801120023,0,0,0,3,0.35770930313298305,5,12
normal_478,0,20,0.0005203639876972132,0,0,0,3,0.35770930313298305,5,12
normal_478,0,30,0.00034042477489131364,0,0,0,3,0.35770930313298305,5,12
normal_494,0,0,0.0032209882597411623,0,0,0,3,0.35770930313298305,5,12
normal_494,0,10,0.0018512014232563577,0,0,0,3,0.35770930313298305,5,12
normal_510,0,0,0.00029060790317727073,0,0,0,3,0.35770930313298305,5,12
normal_510,0,10,0.0018358049106391933,0,0,0,3,0.35770930313298305,5,12
normal_510,0,20,0.0037661514247464022,0,0,0,3,0.35770930313298305,5,12
normal_510,0,30,0.003467601508465997,0,0,0,3,0.35770930313298305,5,12
normal_512,0,0,0.0009134612351673954,0,0,0,3,0.35770930313298305,5,12
normal_512,0,10,0.005845551092612623,0,0,0,3,0.35770930313298305,5,12
normal_515,0,0,0.0012852594271410094,0,0,0,3,0.35770930313298305,5,12
normal_515,0,10,0.0002116753003489164,0,0,0,3,0.35770930313298305,5,12
normal_515,0,20,0.002446362655845499,0,0,0,3,0.35770930313298305,5,12
normal_515,0,30,0.019109870102012448,0,0,0,3,0.35770930313298305,5,12
normal_520,0,0,0.0006488693428711539,0,0,0,3,0.35770930313298305,5,12
normal_520,0,10,0.0004952504101872785,0,0,0,3,0.35770930313298305,5,12
normal_520,0,20,0.00013453174854745857,0,0,0,3,0.35770930313298305,5,12
normal_520,0,30,6.536965908985744e-05,0,0,0,3,0.35770930313298305,5,12
normal_521,0,0,0.0037495212035687448,0,0,0,3,0.35770930313298305,5,12
normal_521,0,10,0.017871150242137486,0,0,0,3,0.35770930313298305,5,12
normal_521,0,20,0.00833964946076229,0,0,0,3,0.35770930313298305,5,12
normal_521,0,30,0.002686897005314176,0,0,0,3,0.35770930313298305,5,12
normal_522,0,0,7.253518491010946e-05,0,0,0,3,0.35770930313298305,5,12
normal_522,0,10,0.00048574679117246566,0,0,0,3,0.35770930313298305,5,12
normal_528,0,0,0.000935357181120979,0,0,0,3,0.35770930313298305,5,12
normal_528,0,10,0.0005600812496881401,0,0,0,3,0.35770930313298305,5,12
normal_533,0,0,0.0007672215685169923,0,0,0,3,0.35770930313298305,5,12
normal_533,0,10,0.0007436434907709253,0,0,0,3,0.35770930313298305,5,12
normal_533,0,20,0.00018890699923065042,0,0,0,3,0.35770930313298305,5,12
normal_533,0,30,0.00014804708508214004,0,0,0,3,0.35770930313298305,5,12
normal_546,0,0,0.00010628824948851466,0,0,0,3,0.35770930313298305,5,12
normal_553,0,0,0.00045368512115590216,0,0,0,3,0.35770930313298305,5,12
normal_553,0,10,0.00012199960079681511,0,0,0,3,0.35770930313298305,5,12
normal_565,0,0,1.5942629724986151e-06,0,0,0,3,0.35770930313298305,5,12
normal_565,0,10,3.6830988463607127e-05,0,0,0,3,0.35770930313298305,5,12
normal_578,0,0,0.00030908122635436527,0,0,0,3,0.35770930313298305,5,12
normal_578,0,10,4.8930567761583415e-05,0,0,0,3,0.35770930313298305,5,12
normal_582,0,0,0.0002478093191170911,0,0,0,3,0.35770930313298305,5,12
normal_582,0,10,1.6418392300513107e-05,0,0,0,3,0.35770930313298305,5,12
normal_582,0,20,3.5907308703671336e-05,0,0,0,3,0.35770930313298305,5,12
normal_582,0,30,7.436982897061336e-05,0,0,0,3,0.35770930313298305,5,12
normal_584,0,0,0.00017966293810334043,0,0,0,3,0.35770930313298305,5,12
normal_584,0,10,4.211469274801201e-05,0,0,0,3,0.35770930313298305,5,12
anomaly_2,1,0,0.9999999999883744,1,1,0,3,0.35770930313298305,5,12
anomaly_2,1,10,0.9999999999995439,1,2,0,3,0.35770930313298305,5,12
anomaly_2,1,20,0.9999999997129969,1,3,0,3,0.35770930313298305,5,12
anomaly_2,1,30,0.9917885559437422,1,4,0,3,0.35770930313298305,5,12
anomaly_4,1,0,0.992585301666263,1,1,0,3,0.35770930313298305,5,12
anomaly_4,1,10,1.234503395227132e-06,0,0,0,3,0.35770930313298305,5,12
anomaly_16,1,0,0.15221665901470144,0,0,0,3,0.35770930313298305,5,12
anomaly_16,1,10,0.6724461078938929,1,1,0,3,0.35770930313298305,5,12
anomaly_16,1,20,0.9999893731904748,1,2,0,3,0.35770930313298305,5,12
anomaly_16,1,30,0.999999999947319,1,3,0,3,0.35770930313298305,5,12
normal_7,0,0,0.00026334581127958524,0,0,0,4,0.017981321277019756,6,18
normal_7,0,10,0.002991197921186707,0,0,0,4,0.017981321277019756,6,18
normal_7,0,20,0.000609353640508396,0,0,0,4,0.017981321277019756,6,18
normal_7,0,30,0.0006689276275864508,0,0,0,4,0.017981321277019756,6,18
normal_17,0,0,0.0012673715188422066,0,0,0,4,0.017981321277019756,6,18
normal_17,0,10,0.0071457241994906835,0,0,0,4,0.017981321277019756,6,18
normal_17,0,20,0.001292370035604856,0,0,0,4,0.017981321277019756,6,18
normal_17,0,30,0.0001740608391693503,0,0,0,4,0.017981321277019756,6,18
normal_28,0,0,1.8068059711595772e-05,0,0,0,4,0.017981321277019756,6,18
normal_28,0,10,2.4848518948209976e-05,0,0,0,4,0.017981321277019756,6,18
normal_28,0,20,0.0002573465027986903,0,0,0,4,0.017981321277019756,6,18
normal_28,0,30,0.0030849602716860186,0,0,0,4,0.017981321277019756,6,18
normal_31,0,0,2.405162733946478e-06,0,0,0,4,0.017981321277019756,6,18
normal_34,0,0,6.0188300550472765e-06,0,0,0,4,0.017981321277019756,6,18
normal_34,0,10,0.00012371793067925973,0,0,0,4,0.017981321277019756,6,18
normal_34,0,20,0.00021079074483496872,0,0,0,4,0.017981321277019756,6,18
normal_34,0,30,0.00370240798500954,0,0,0,4,0.017981321277019756,6,18
normal_52,0,0,0.00036861624093883827,0,0,0,4,0.017981321277019756,6,18
normal_52,0,10,0.0001513245104510516,0,0,0,4,0.017981321277019756,6,18
normal_52,0,20,6.80230960603474e-05,0,0,0,4,0.017981321277019756,6,18
normal_52,0,30,0.00025489509263791095,0,0,0,4,0.017981321277019756,6,18
normal_59,0,0,0.0008469727442646551,0,0,0,4,0.017981321277019756,6,18
normal_59,0,10,0.01693688881517106,0,0,0,4,0.017981321277019756,6,18
normal_59,0,20,0.00013601653335150587,0,0,0,4,0.017981321277019756,6,18
normal_59,0,30,1.2925152171216168e-05,0,0,0,4,0.017981321277019756,6,18
normal_61,0,0,0.0001401989694420852,0,0,0,4,0.017981321277019756,6,18
normal_61,0,10,0.00024886489966924287,0,0,0,4,0.017981321277019756,6,18
normal_61,0,20,0.0013676967260781998,0,0,0,4,0.017981321277019756,6,18
normal_61,0,30,0.0020727549403022,0,0,0,4,0.017981321277019756,6,18
normal_66,0,0,0.00023592873267325816,0,0,0,4,0.017981321277019756,6,18
normal_66,0,10,0.00014630265403653997,0,0,0,4,0.017981321277019756,6,18
normal_66,0,20,8.497558513703008e-05,0,0,0,4,0.017981321277019756,6,18
normal_66,0,30,1.4283655741695976e-06,0,0,0,4,0.017981321277019756,6,18
normal_69,0,0,6.707023168817999e-06,0,0,0,4,0.017981321277019756,6,18
normal_69,0,10,4.867595435118901e-06,0,0,0,4,0.017981321277019756,6,18
normal_69,0,20,3.03127874612237e-05,0,0,0,4,0.017981321277019756,6,18
normal_69,0,30,5.6917791134820636e-05,0,0,0,4,0.017981321277019756,6,18
normal_70,0,0,9.432643024924406e-06,0,0,0,4,0.017981321277019756,6,18
normal_70,0,10,9.029426230093825e-06,0,0,0,4,0.017981321277019756,6,18
normal_70,0,20,1.9069744322445675e-05,0,0,0,4,0.017981321277019756,6,18
normal_70,0,30,5.063100767134155e-05,0,0,0,4,0.017981321277019756,6,18
normal_72,0,0,2.979646201189158e-05,0,0,0,4,0.017981321277019756,6,18
normal_72,0,10,5.153218339503815e-05,0,0,0,4,0.017981321277019756,6,18
normal_72,0,20,1.4201672761190912e-06,0,0,0,4,0.017981321277019756,6,18
normal_72,0,30,5.103406735254456e-07,0,0,0,4,0.017981321277019756,6,18
normal_73,0,0,0.0005827898600412731,0,0,0,4,0.017981321277019756,6,18
normal_73,0,10,2.9407271570077374e-05,0,0,0,4,0.017981321277019756,6,18
normal_73,0,20,1.0606088562636155e-05,0,0,0,4,0.017981321277019756,6,18
normal_73,0,30,1.0804679145400938e-05,0,0,0,4,0.017981321277019756,6,18
normal_76,0,0,0.0006049117800640956,0,0,0,4,0.017981321277019756,6,18
normal_76,0,10,0.0011227941565764164,0,0,0,4,0.017981321277019756,6,18
normal_76,0,20,0.00044564575635115005,0,0,0,4,0.017981321277019756,6,18
normal_76,0,30,0.000573510588145009,0,0,0,4,0.017981321277019756,6,18
normal_81,0,0,1.5420744015911585e-05,0,0,0,4,0.017981321277019756,6,18
normal_81,0,10,4.1512550883047775e-05,0,0,0,4,0.017981321277019756,6,18
normal_81,0,20,0.00012828013756185377,0,0,0,4,0.017981321277019756,6,18
normal_82,0,0,0.0003249466280439732,0,0,0,4,0.017981321277019756,6,18
normal_82,0,10,0.0003101035109185805,0,0,0,4,0.017981321277019756,6,18
normal_92,0,0,0.577318005112662,1,1,0,4,0.017981321277019756,6,18
normal_92,0,10,0.0107625542630518,0,0,0,4,0.017981321277019756,6,18
normal_97,0,0,3.171866709549374e-05,0,0,0,4,0.017981321277019756,6,18
normal_97,0,10,3.295746386361462e-05,0,0,0,4,0.017981321277019756,6,18
normal_98,0,0,3.980466941499834e-05,0,0,0,4,0.017981321277019756,6,18
normal_104,0,0,0.0006878448134635876,0,0,0,4,0.017981321277019756,6,18
normal_104,0,10,0.002149026077348135,0,0,0,4,0.017981321277019756,6,18
normal_106,0,0,0.0001435744065794728,0,0,0,4,0.017981321277019756,6,18
normal_109,0,0,1.1480204833191206e-05,0,0,0,4,0.017981321277019756,6,18
normal_109,0,10,6.06375213992473e-05,0,0,0,4,0.017981321277019756,6,18
normal_109,0,20,0.0004054526306418585,0,0,0,4,0.017981321277019756,6,18
normal_109,0,30,0.00057109004222945,0,0,0,4,0.017981321277019756,6,18
normal_111,0,0,0.00021392832868158288,0,0,0,4,0.017981321277019756,6,18
normal_117,0,0,0.0003368097634815351,0,0,0,4,0.017981321277019756,6,18
normal_127,0,0,0.00026576519868750124,0,0,0,4,0.017981321277019756,6,18
normal_127,0,10,0.00020293820770369772,0,0,0,4,0.017981321277019756,6,18
normal_127,0,20,0.0002662619344157113,0,0,0,4,0.017981321277019756,6,18
normal_127,0,30,3.0208551232425143e-05,0,0,0,4,0.017981321277019756,6,18
normal_129,0,0,1.7600514131329084e-05,0,0,0,4,0.017981321277019756,6,18
normal_129,0,10,2.1503978276021613e-06,0,0,0,4,0.017981321277019756,6,18
normal_132,0,0,0.000370186583986376,0,0,0,4,0.017981321277019756,6,18
normal_132,0,10,4.168627109117365e-05,0,0,0,4,0.017981321277019756,6,18
normal_132,0,20,4.309340471587338e-05,0,0,0,4,0.017981321277019756,6,18
normal_132,0,30,0.00450423700733061,0,0,0,4,0.017981321277019756,6,18
normal_133,0,0,7.98471682475161e-06,0,0,0,4,0.017981321277019756,6,18
normal_133,0,10,1.5014885803254778e-05,0,0,0,4,0.017981321277019756,6,18
normal_133,0,20,8.280196229914182e-05,0,0,0,4,0.017981321277019756,6,18
normal_134,0,0,5.990280999371505e-06,0,0,0,4,0.017981321277019756,6,18
normal_134,0,10,3.254287372151336e-06,0,0,0,4,0.017981321277019756,6,18
normal_137,0,0,2.706637570343756e-05,0,0,0,4,0.017981321277019756,6,18
normal_137,0,10,0.0001009335808167177,0,0,0,4,0.017981321277019756,6,18
normal_137,0,20,0.00017442798790026835,0,0,0,4,0.017981321277019756,6,18
normal_137,0,30,0.00020162353372577308,0,0,0,4,0.017981321277019756,6,18
normal_140,0,0,0.00010449901791630706,0,0,0,4,0.017981321277019756,6,18
normal_140,0,10,0.00022440209170840144,0,0,0,4,0.017981321277019756,6,18
normal_155,0,0,0.0011023674406307545,0,0,0,4,0.017981321277019756,6,18
normal_155,0,10,0.0008333674881910737,0,0,0,4,0.017981321277019756,6,18
normal_155,0,20,0.00011594402425422664,0,0,0,4,0.017981321277019756,6,18
normal_156,0,0,5.722313730259527e-06,0,0,0,4,0.017981321277019756,6,18
normal_156,0,10,2.2003863744155463e-05,0,0,0,4,0.017981321277019756,6,18
normal_165,0,0,0.0004518131626675603,0,0,0,4,0.017981321277019756,6,18
normal_165,0,10,0.004473096120790667,0,0,0,4,0.017981321277019756,6,18
normal_165,0,20,0.0046573839455505035,0,0,0,4,0.017981321277019756,6,18
normal_165,0,30,0.001386886174419472,0,0,0,4,0.017981321277019756,6,18
normal_170,0,0,0.0017823097118807468,0,0,0,4,0.017981321277019756,6,18
normal_170,0,10,0.00041624210260074,0,0,0,4,0.017981321277019756,6,18
normal_170,0,20,0.00018019984155359398,0,0,0,4,0.017981321277019756,6,18
normal_170,0,30,7.199794614749189e-05,0,0,0,4,0.017981321277019756,6,18
normal_180,0,0,4.887288237795019e-05,0,0,0,4,0.017981321277019756,6,18
normal_184,0,0,0.000333538591519592,0,0,0,4,0.017981321277019756,6,18
normal_184,0,10,0.00013451092391442352,0,0,0,4,0.017981321277019756,6,18
normal_194,0,0,0.00017014681762094193,0,0,0,4,0.017981321277019756,6,18
normal_194,0,10,1.5752964234331026e-05,0,0,0,4,0.017981321277019756,6,18
normal_194,0,20,2.0096235737665976e-05,0,0,0,4,0.017981321277019756,6,18
normal_194,0,30,0.0011042944657592448,0,0,0,4,0.017981321277019756,6,18
normal_201,0,0,1.0842471633013264e-05,0,0,0,4,0.017981321277019756,6,18
normal_201,0,10,3.324451767648926e-05,0,0,0,4,0.017981321277019756,6,18
normal_222,0,0,4.628831431131489e-06,0,0,0,4,0.017981321277019756,6,18
normal_222,0,10,1.3823639296019385e-05,0,0,0,4,0.017981321277019756,6,18
normal_222,0,20,8.46811822298233e-05,0,0,0,4,0.017981321277019756,6,18
normal_222,0,30,7.704424573812924e-05,0,0,0,4,0.017981321277019756,6,18
normal_230,0,0,2.213997866575699e-05,0,0,0,4,0.017981321277019756,6,18
normal_230,0,10,0.0001404989542983093,0,0,0,4,0.017981321277019756,6,18
normal_230,0,20,4.0605394980799236e-05,0,0,0,4,0.017981321277019756,6,18
normal_234,0,0,0.0014122246613586015,0,0,0,4,0.017981321277019756,6,18
normal_234,0,10,0.0007942228862654921,0,0,0,4,0.017981321277019756,6,18
normal_234,0,20,0.0013478518405420777,0,0,0,4,0.017981321277019756,6,18
normal_234,0,30,0.0006428322274075837,0,0,0,4,0.017981321277019756,6,18
normal_240,0,0,0.0001634781799390617,0,0,0,4,0.017981321277019756,6,18
normal_240,0,10,0.0001317138808320509,0,0,0,4,0.017981321277019756,6,18
normal_240,0,20,0.0004806021621034573,0,0,0,4,0.017981321277019756,6,18
normal_240,0,30,0.000465231863289508,0,0,0,4,0.017981321277019756,6,18
normal_242,0,0,1.885476945765171e-05,0,0,0,4,0.017981321277019756,6,18
normal_242,0,10,8.390172261860736e-05,0,0,0,4,0.017981321277019756,6,18
normal_242,0,20,0.0007039790280070387,0,0,0,4,0.017981321277019756,6,18
normal_252,0,0,9.555732916540868e-05,0,0,0,4,0.017981321277019756,6,18
normal_252,0,10,4.575895824710969e-05,0,0,0,4,0.017981321277019756,6,18
normal_252,0,20,3.1320173393056727e-05,0,0,0,4,0.017981321277019756,6,18
normal_252,0,30,6.397416225711467e-05,0,0,0,4,0.017981321277019756,6,18
normal_253,0,0,0.00027703656952602436,0,0,0,4,0.017981321277019756,6,18
normal_253,0,10,0.0005112186464949597,0,0,0,4,0.017981321277019756,6,18
normal_253,0,20,0.000439310651764343,0,0,0,4,0.017981321277019756,6,18
normal_253,0,30,0.000850944396503849,0,0,0,4,0.017981321277019756,6,18
normal_272,0,0,4.148201116142522e-05,0,0,0,4,0.017981321277019756,6,18
normal_272,0,10,4.567189910615886e-05,0,0,0,4,0.017981321277019756,6,18
normal_272,0,20,0.0006993347262153974,0,0,0,4,0.017981321277019756,6,18
normal_272,0,30,0.0004349246571488925,0,0,0,4,0.017981321277019756,6,18
normal_274,0,0,0.00015094027635113259,0,0,0,4,0.017981321277019756,6,18
normal_274,0,10,1.595240527712221e-05,0,0,0,4,0.017981321277019756,6,18
normal_274,0,20,9.17238675421964e-06,0,0,0,4,0.017981321277019756,6,18
normal_275,0,0,0.0006167919486233221,0,0,0,4,0.017981321277019756,6,18
normal_275,0,10,0.0005759526856144835,0,0,0,4,0.017981321277019756,6,18
normal_275,0,20,0.0008077760483671372,0,0,0,4,0.017981321277019756,6,18
normal_275,0,30,0.00031494688912822187,0,0,0,4,0.017981321277019756,6,18
normal_276,0,0,5.407021584534625e-05,0,0,0,4,0.017981321277019756,6,18
normal_276,0,10,9.996132788517765e-05,0,0,0,4,0.017981321277019756,6,18
normal_276,0,20,0.0001306710481774914,0,0,0,4,0.017981321277019756,6,18
normal_278,0,0,0.0003593110970847533,0,0,0,4,0.017981321277019756,6,18
normal_284,0,0,1.5030387937036353e-05,0,0,0,4,0.017981321277019756,6,18
normal_295,0,0,0.00019876554566148821,0,0,0,4,0.017981321277019756,6,18
normal_295,0,10,0.018951948793863246,1,1,0,4,0.017981321277019756,6,18
normal_295,0,20,0.0018684629197782364,0,0,0,4,0.017981321277019756,6,18
normal_307,0,0,3.741240951066746e-05,0,0,0,4,0.017981321277019756,6,18
normal_307,0,10,9.512756831349381e-05,0,0,0,4,0.017981321277019756,6,18
normal_326,0,0,2.7945002249989106e-05,0,0,0,4,0.017981321277019756,6,18
normal_326,0,10,7.70258432114158e-06,0,0,0,4,0.017981321277019756,6,18
normal_329,0,0,9.950497853606702e-05,0,0,0,4,0.017981321277019756,6,18
normal_329,0,10,3.15911597660151e-05,0,0,0,4,0.017981321277019756,6,18
normal_329,0,20,0.00010509977767115152,0,0,0,4,0.017981321277019756,6,18
normal_329,0,30,0.008577510358239443,0,0,0,4,0.017981321277019756,6,18
normal_339,0,0,0.00039435729413676845,0,0,0,4,0.017981321277019756,6,18
normal_341,0,0,0.0006954158015694941,0,0,0,4,0.017981321277019756,6,18
normal_341,0,10,0.00037486416576652565,0,0,0,4,0.017981321277019756,6,18
normal_341,0,20,0.0003234522821307852,0,0,0,4,0.017981321277019756,6,18
normal_341,0,30,0.00044974949077637483,0,0,0,4,0.017981321277019756,6,18
normal_343,0,0,0.0003162588768109525,0,0,0,4,0.017981321277019756,6,18
normal_343,0,10,0.002289148540344938,0,0,0,4,0.017981321277019756,6,18
normal_343,0,20,0.00038201906030223807,0,0,0,4,0.017981321277019756,6,18
normal_344,0,0,0.0006892246575550467,0,0,0,4,0.017981321277019756,6,18
normal_344,0,10,0.00017420166133551854,0,0,0,4,0.017981321277019756,6,18
normal_375,0,0,0.001472500132790621,0,0,0,4,0.017981321277019756,6,18
normal_375,0,10,0.004049253758491576,0,0,0,4,0.017981321277019756,6,18
normal_396,0,0,5.396396915559464e-05,0,0,0,4,0.017981321277019756,6,18
normal_396,0,10,1.1356541910082494e-05,0,0,0,4,0.017981321277019756,6,18
normal_396,0,20,8.918198252384785e-06,0,0,0,4,0.017981321277019756,6,18
normal_396,0,30,0.001506090673920459,0,0,0,4,0.017981321277019756,6,18
normal_399,0,0,0.00026613816908062105,0,0,0,4,0.017981321277019756,6,18
normal_431,0,0,2.802778908942818e-05,0,0,0,4,0.017981321277019756,6,18
normal_445,0,0,1.128542118809391e-05,0,0,0,4,0.017981321277019756,6,18
normal_445,0,10,6.904838312347601e-05,0,0,0,4,0.017981321277019756,6,18
normal_445,0,20,0.0005417492424499407,0,0,0,4,0.017981321277019756,6,18
normal_445,0,30,0.00010947577809431313,0,0,0,4,0.017981321277019756,6,18
normal_448,0,0,0.0004397695747225679,0,0,0,4,0.017981321277019756,6,18
normal_457,0,0,4.9863256039537615e-05,0,0,0,4,0.017981321277019756,6,18
normal_457,0,10,0.00011723932390700458,0,0,0,4,0.017981321277019756,6,18
normal_470,0,0,0.0006262735055529521,0,0,0,4,0.017981321277019756,6,18
normal_470,0,10,0.00022940301393840822,0,0,0,4,0.017981321277019756,6,18
normal_486,0,0,0.0006306509345260396,0,0,0,4,0.017981321277019756,6,18
normal_486,0,10,0.0002675506092239327,0,0,0,4,0.017981321277019756,6,18
normal_486,0,20,2.319758405315061e-05,0,0,0,4,0.017981321277019756,6,18
normal_487,0,0,2.8945728936122215e-05,0,0,0,4,0.017981321277019756,6,18
normal_487,0,10,0.00017534744132549979,0,0,0,4,0.017981321277019756,6,18
normal_487,0,20,0.00015207925049117138,0,0,0,4,0.017981321277019756,6,18
normal_498,0,0,4.883504654400511e-05,0,0,0,4,0.017981321277019756,6,18
normal_498,0,10,1.5315537492107007e-05,0,0,0,4,0.017981321277019756,6,18
normal_498,0,20,4.966997668442868e-05,0,0,0,4,0.017981321277019756,6,18
normal_498,0,30,0.00011062232254408263,0,0,0,4,0.017981321277019756,6,18
normal_500,0,0,4.292144749993158e-05,0,0,0,4,0.017981321277019756,6,18
normal_500,0,10,5.674515714464558e-05,0,0,0,4,0.017981321277019756,6,18
normal_500,0,20,0.0008214570256348055,0,0,0,4,0.017981321277019756,6,18
normal_500,0,30,0.0006420088202206495,0,0,0,4,0.017981321277019756,6,18
normal_502,0,0,0.0004270942368402466,0,0,0,4,0.017981321277019756,6,18
normal_505,0,0,1.201253735125528e-05,0,0,0,4,0.017981321277019756,6,18
normal_505,0,10,7.155335074183265e-06,0,0,0,4,0.017981321277019756,6,18
normal_505,0,20,2.6629838958034922e-05,0,0,0,4,0.017981321277019756,6,18
normal_505,0,30,0.0009998432826213938,0,0,0,4,0.017981321277019756,6,18
normal_506,0,0,2.7621626527792848e-05,0,0,0,4,0.017981321277019756,6,18
normal_506,0,10,3.805541941757729e-05,0,0,0,4,0.017981321277019756,6,18
normal_506,0,20,0.00016650673660171582,0,0,0,4,0.017981321277019756,6,18
normal_506,0,30,3.752091496620216e-05,0,0,0,4,0.017981321277019756,6,18
normal_513,0,0,0.0001228332373064316,0,0,0,4,0.017981321277019756,6,18
normal_525,0,0,5.449102289413265e-05,0,0,0,4,0.017981321277019756,6,18
normal_525,0,10,6.460607171832806e-05,0,0,0,4,0.017981321277019756,6,18
normal_525,0,20,0.0006443841236493117,0,0,0,4,0.017981321277019756,6,18
normal_525,0,30,0.0001515896350823012,0,0,0,4,0.017981321277019756,6,18
normal_527,0,0,0.00010112982327155514,0,0,0,4,0.017981321277019756,6,18
normal_527,0,10,0.00019131526047336164,0,0,0,4,0.017981321277019756,6,18
normal_527,0,20,6.396546861042915e-05,0,0,0,4,0.017981321277019756,6,18
normal_532,0,0,2.579358994673792e-05,0,0,0,4,0.017981321277019756,6,18
normal_532,0,10,3.446177367322281e-05,0,0,0,4,0.017981321277019756,6,18
normal_532,0,20,5.0870454632724336e-05,0,0,0,4,0.017981321277019756,6,18
normal_532,0,30,1.1034507918723226e-05,0,0,0,4,0.017981321277019756,6,18
normal_535,0,0,3.719440077912581e-05,0,0,0,4,0.017981321277019756,6,18
normal_537,0,0,1.1587082023040613e-05,0,0,0,4,0.017981321277019756,6,18
normal_537,0,10,9.960865565338671e-05,0,0,0,4,0.017981321277019756,6,18
normal_537,0,20,0.00033105717035830597,0,0,0,4,0.017981321277019756,6,18
normal_537,0,30,3.7000199584252755e-05,0,0,0,4,0.017981321277019756,6,18
normal_543,0,0,8.526854336088905e-05,0,0,0,4,0.017981321277019756,6,18
normal_543,0,10,0.00020911027423546703,0,0,0,4,0.017981321277019756,6,18
normal_543,0,20,5.288536239726581e-05,0,0,0,4,0.017981321277019756,6,18
normal_543,0,30,1.1456659079733467e-05,0,0,0,4,0.017981321277019756,6,18
normal_544,0,0,7.666728440648029e-05,0,0,0,4,0.017981321277019756,6,18
normal_544,0,10,0.000161361238521205,0,0,0,4,0.017981321277019756,6,18
normal_544,0,20,6.614666091715485e-05,0,0,0,4,0.017981321277019756,6,18
normal_544,0,30,7.336030848417663e-05,0,0,0,4,0.017981321277019756,6,18
normal_558,0,0,0.00011311206168103139,0,0,0,4,0.017981321277019756,6,18
normal_558,0,10,0.00014664955117912548,0,0,0,4,0.017981321277019756,6,18
normal_558,0,20,1.4946812080666148e-05,0,0,0,4,0.017981321277019756,6,18
normal_563,0,0,0.0011948408366080797,0,0,0,4,0.017981321277019756,6,18
normal_563,0,10,5.6768060039471464e-05,0,0,0,4,0.017981321277019756,6,18
normal_563,0,20,0.0001170273687575153,0,0,0,4,0.017981321277019756,6,18
normal_563,0,30,0.0002338762546820602,0,0,0,4,0.017981321277019756,6,18
normal_570,0,0,0.013934047926349934,0,0,0,4,0.017981321277019756,6,18
normal_570,0,10,0.00037170155584030737,0,0,0,4,0.017981321277019756,6,18
normal_570,0,20,0.00021136524782181684,0,0,0,4,0.017981321277019756,6,18
normal_572,0,0,0.0005292739522810291,0,0,0,4,0.017981321277019756,6,18
normal_572,0,10,2.197318530352944e-05,0,0,0,4,0.017981321277019756,6,18
normal_585,0,0,4.828255612448348e-05,0,0,0,4,0.017981321277019756,6,18
normal_587,0,0,5.9523270275198254e-06,0,0,0,4,0.017981321277019756,6,18
normal_587,0,10,1.1592703431740049e-05,0,0,0,4,0.017981321277019756,6,18
normal_587,0,20,4.574793409959183e-07,0,0,0,4,0.017981321277019756,6,18
normal_587,0,30,4.729679943097843e-07,0,0,0,4,0.017981321277019756,6,18
normal_599,0,0,0.0011868867688940119,0,0,0,4,0.017981321277019756,6,18
normal_599,0,10,0.0005701735128250236,0,0,0,4,0.017981321277019756,6,18
normal_599,0,20,8.775152127769639e-05,0,0,0,4,0.017981321277019756,6,18
anomaly_8,1,0,1.0,1,1,0,4,0.017981321277019756,6,18
anomaly_8,1,10,0.9998379237886603,1,2,0,4,0.017981321277019756,6,18
anomaly_8,1,20,0.9999974355134417,1,3,0,4,0.017981321277019756,6,18
anomaly_17,1,0,0.9995746341983301,1,1,0,4,0.017981321277019756,6,18
anomaly_17,1,10,2.1017010790576648e-07,0,0,0,4,0.017981321277019756,6,18
anomaly_17,1,20,3.704912401833956e-09,0,0,0,4,0.017981321277019756,6,18
anomaly_17,1,30,0.9999999999998146,1,1,0,4,0.017981321277019756,6,18
anomaly_18,1,0,0.4293071510119635,1,1,0,4,0.017981321277019756,6,18
anomaly_18,1,10,0.9999999999989326,1,2,0,4,0.017981321277019756,6,18
normal_2,0,0,0.0008976600645497948,0,0,0,5,0.031542497364822016,6,18
normal_2,0,10,9.400376813992393e-05,0,0,0,5,0.031542497364822016,6,18
normal_12,0,0,0.0001269508920889781,0,0,0,5,0.031542497364822016,6,18
normal_12,0,10,0.00019986045795810533,0,0,0,5,0.031542497364822016,6,18
normal_12,0,20,0.0015802920349973313,0,0,0,5,0.031542497364822016,6,18
normal_12,0,30,0.00010007984848174384,0,0,0,5,0.031542497364822016,6,18
normal_14,0,0,0.0004050128993837595,0,0,0,5,0.031542497364822016,6,18
normal_16,0,0,0.00022010951059878793,0,0,0,5,0.031542497364822016,6,18
normal_16,0,10,8.712127549389877e-05,0,0,0,5,0.031542497364822016,6,18
normal_16,0,20,0.02971674415246571,0,0,0,5,0.031542497364822016,6,18
normal_16,0,30,0.000826704006102201,0,0,0,5,0.031542497364822016,6,18
normal_23,0,0,0.00017132757157129597,0,0,0,5,0.031542497364822016,6,18
normal_23,0,10,4.1688715226713255e-05,0,0,0,5,0.031542497364822016,6,18
normal_23,0,20,0.0018510340171208962,0,0,0,5,0.031542497364822016,6,18
normal_23,0,30,0.0005304128352746036,0,0,0,5,0.031542497364822016,6,18
normal_35,0,0,0.0006824263244397277,0,0,0,5,0.031542497364822016,6,18
normal_35,0,10,0.002379030540026561,0,0,0,5,0.031542497364822016,6,18
normal_35,0,20,0.0006672541518135445,0,0,0,5,0.031542497364822016,6,18
normal_35,0,30,0.0006232950526661022,0,0,0,5,0.031542497364822016,6,18
normal_37,0,0,0.00039813245884122943,0,0,0,5,0.031542497364822016,6,18
normal_37,0,10,0.00034645762627037957,0,0,0,5,0.031542497364822016,6,18
normal_38,0,0,0.0018865649728963534,0,0,0,5,0.031542497364822016,6,18
normal_49,0,0,0.0005229831756101034,0,0,0,5,0.031542497364822016,6,18
normal_49,0,10,0.00026620083450357,0,0,0,5,0.031542497364822016,6,18
normal_49,0,20,0.00067017572358208,0,0,0,5,0.031542497364822016,6,18
normal_49,0,30,0.0008641459847148576,0,0,0,5,0.031542497364822016,6,18
normal_50,0,0,3.666932850424319e-05,0,0,0,5,0.031542497364822016,6,18
normal_50,0,10,0.00022214472758614953,0,0,0,5,0.031542497364822016,6,18
normal_50,0,20,0.004766004812354592,0,0,0,5,0.031542497364822016,6,18
normal_60,0,0,8.66436427624365e-05,0,0,0,5,0.031542497364822016,6,18
normal_60,0,10,2.6496898403486372e-05,0,0,0,5,0.031542497364822016,6,18
normal_60,0,20,0.00021828094268679422,0,0,0,5,0.031542497364822016,6,18
normal_60,0,30,2.4021820781152262e-05,0,0,0,5,0.031542497364822016,6,18
normal_64,0,0,0.0013188093583688374,0,0,0,5,0.031542497364822016,6,18
normal_64,0,10,0.0008993346433037912,0,0,0,5,0.031542497364822016,6,18
normal_64,0,20,5.933859628258892e-05,0,0,0,5,0.031542497364822016,6,18
normal_64,0,30,1.0020959072742494e-05,0,0,0,5,0.031542497364822016,6,18
normal_65,0,0,0.41058656059018456,1,1,0,5,0.031542497364822016,6,18
normal_65,0,10,0.00476755500449444,0,0,0,5,0.031542497364822016,6,18
normal_65,0,20,0.0007123726318653145,0,0,0,5,0.031542497364822016,6,18
normal_65,0,30,0.0008104325856121749,0,0,0,5,0.031542497364822016,6,18
normal_67,0,0,0.0001661256609385954,0,0,0,5,0.031542497364822016,6,18
normal_67,0,10,0.000581868774650806,0,0,0,5,0.031542497364822016,6,18
normal_67,0,20,0.002759853767534674,0,0,0,5,0.031542497364822016,6,18
normal_67,0,30,0.0019344270669612894,0,0,0,5,0.031542497364822016,6,18
normal_74,0,0,0.0029207045231856446,0,0,0,5,0.031542497364822016,6,18
normal_74,0,10,0.00041105945627901264,0,0,0,5,0.031542497364822016,6,18
normal_74,0,20,8.125339224623666e-05,0,0,0,5,0.031542497364822016,6,18
normal_74,0,30,9.133761374481819e-05,0,0,0,5,0.031542497364822016,6,18
normal_91,0,0,9.429755316696147e-06,0,0,0,5,0.031542497364822016,6,18
normal_91,0,10,0.0001911744913670231,0,0,0,5,0.031542497364822016,6,18
normal_91,0,20,0.0006150516071699511,0,0,0,5,0.031542497364822016,6,18
normal_105,0,0,9.563206551611603e-05,0,0,0,5,0.031542497364822016,6,18
normal_105,0,10,0.0001137911842632837,0,0,0,5,0.031542497364822016,6,18
normal_113,0,0,0.0009858928328098887,0,0,0,5,0.031542497364822016,6,18
normal_113,0,10,0.0019232544355575133,0,0,0,5,0.031542497364822016,6,18
normal_113,0,20,0.00048665883346371444,0,0,0,5,0.031542497364822016,6,18
normal_113,0,30,0.00021662848779419942,0,0,0,5,0.031542497364822016,6,18
normal_116,0,0,0.0001480089212210515,0,0,0,5,0.031542497364822016,6,18
normal_135,0,0,0.0004921346100162522,0,0,0,5,0.031542497364822016,6,18
normal_138,0,0,0.000232034141384601,0,0,0,5,0.031542497364822016,6,18
normal_138,0,10,0.0002396346926785478,0,0,0,5,0.031542497364822016,6,18
normal_138,0,20,0.003967509231315796,0,0,0,5,0.031542497364822016,6,18
normal_139,0,0,9.239246647763234e-05,0,0,0,5,0.031542497364822016,6,18
normal_139,0,10,0.00011050494428106378,0,0,0,5,0.031542497364822016,6,18
normal_139,0,20,0.00023518964179499165,0,0,0,5,0.031542497364822016,6,18
normal_141,0,0,0.0024447225607489398,0,0,0,5,0.031542497364822016,6,18
normal_145,0,0,0.00047181363778717124,0,0,0,5,0.031542497364822016,6,18
normal_145,0,10,7.60785019800691e-05,0,0,0,5,0.031542497364822016,6,18
normal_145,0,20,0.00029560918049600075,0,0,0,5,0.031542497364822016,6,18
normal_145,0,30,0.002390222856395142,0,0,0,5,0.031542497364822016,6,18
normal_162,0,0,0.0004432133945073786,0,0,0,5,0.031542497364822016,6,18
normal_171,0,0,0.000467521444778279,0,0,0,5,0.031542497364822016,6,18
normal_171,0,10,8.541828062962644e-05,0,0,0,5,0.031542497364822016,6,18
normal_171,0,20,0.0031172998948745803,0,0,0,5,0.031542497364822016,6,18
normal_176,0,0,2.21770503333864e-05,0,0,0,5,0.031542497364822016,6,18
normal_176,0,10,0.00012021119755625001,0,0,0,5,0.031542497364822016,6,18
normal_176,0,20,0.0006677142182488726,0,0,0,5,0.031542497364822016,6,18
normal_176,0,30,0.00013119783214462726,0,0,0,5,0.031542497364822016,6,18
normal_193,0,0,0.0014284228759165645,0,0,0,5,0.031542497364822016,6,18
normal_193,0,10,0.0005271240597697001,0,0,0,5,0.031542497364822016,6,18
normal_193,0,20,0.0004927050130560351,0,0,0,5,0.031542497364822016,6,18
normal_193,0,30,0.0020804943898862604,0,0,0,5,0.031542497364822016,6,18
normal_196,0,0,0.0013128589771405717,0,0,0,5,0.031542497364822016,6,18
normal_199,0,0,0.00019780751820174243,0,0,0,5,0.031542497364822016,6,18
normal_199,0,10,8.43835100135914e-06,0,0,0,5,0.031542497364822016,6,18
normal_199,0,20,3.216609029096199e-05,0,0,0,5,0.031542497364822016,6,18
normal_199,0,30,0.00012489447715374258,0,0,0,5,0.031542497364822016,6,18
normal_202,0,0,1.694520423672069e-05,0,0,0,5,0.031542497364822016,6,18
normal_213,0,0,4.891974064930719e-05,0,0,0,5,0.031542497364822016,6,18
normal_213,0,10,0.00038510646437349584,0,0,0,5,0.031542497364822016,6,18
normal_218,0,0,0.00012941556772603084,0,0,0,5,0.031542497364822016,6,18
normal_218,0,10,0.008431916158040523,0,0,0,5,0.031542497364822016,6,18
normal_218,0,20,0.0017237047404898066,0,0,0,5,0.031542497364822016,6,18
normal_218,0,30,0.00013427624037142064,0,0,0,5,0.031542497364822016,6,18
normal_220,0,0,3.726494920641125e-05,0,0,0,5,0.031542497364822016,6,18
normal_241,0,0,0.00014401528523334565,0,0,0,5,0.031542497364822016,6,18
normal_241,0,10,3.367649818083124e-05,0,0,0,5,0.031542497364822016,6,18
normal_241,0,20,0.0002648730390269353,0,0,0,5,0.031542497364822016,6,18
normal_241,0,30,3.359263561963231e-05,0,0,0,5,0.031542497364822016,6,18
normal_259,0,0,0.00017949624415379827,0,0,0,5,0.031542497364822016,6,18
normal_259,0,10,0.00023288739082205615,0,0,0,5,0.031542497364822016,6,18
normal_259,0,20,1.4706065261025443e-05,0,0,0,5,0.031542497364822016,6,18
normal_262,0,0,0.0023039633304857876,0,0,0,5,0.031542497364822016,6,18
normal_273,0,0,9.277874848434339e-05,0,0,0,5,0.031542497364822016,6,18
normal_273,0,10,1.1680679247830598e-05,0,0,0,5,0.031542497364822016,6,18
normal_273,0,20,4.732223405378623e-05,0,0,0,5,0.031542497364822016,6,18
normal_286,0,0,0.00093360414743736,0,0,0,5,0.031542497364822016,6,18
normal_286,0,10,0.00024629925272175255,0,0,0,5,0.031542497364822016,6,18
normal_286,0,20,0.018097894201239844,0,0,0,5,0.031542497364822016,6,18
normal_286,0,30,0.010046852779617407,0,0,0,5,0.031542497364822016,6,18
normal_300,0,0,0.0002433208518894502,0,0,0,5,0.031542497364822016,6,18
normal_300,0,10,9.513096348069681e-05,0,0,0,5,0.031542497364822016,6,18
normal_300,0,20,0.0006872654390114672,0,0,0,5,0.031542497364822016,6,18
normal_302,0,0,0.0003089040290221569,0,0,0,5,0.031542497364822016,6,18
normal_313,0,0,3.583946576790253e-05,0,0,0,5,0.031542497364822016,6,18
normal_318,0,0,0.0007854798684139612,0,0,0,5,0.031542497364822016,6,18
normal_318,0,10,0.001000034601871901,0,0,0,5,0.031542497364822016,6,18
normal_318,0,20,0.0006585230428512053,0,0,0,5,0.031542497364822016,6,18
normal_324,0,0,0.0001080003584745832,0,0,0,5,0.031542497364822016,6,18
normal_324,0,10,0.0001786651736374567,0,0,0,5,0.031542497364822016,6,18
normal_324,0,20,0.0002546593981767291,0,0,0,5,0.031542497364822016,6,18
normal_324,0,30,0.0008484835128549767,0,0,0,5,0.031542497364822016,6,18
normal_331,0,0,5.655497115238696e-05,0,0,0,5,0.031542497364822016,6,18
normal_331,0,10,1.756519842045686e-05,0,0,0,5,0.031542497364822016,6,18
normal_331,0,20,0.00046276713710256964,0,0,0,5,0.031542497364822016,6,18
normal_337,0,0,2.9880369255704178e-05,0,0,0,5,0.031542497364822016,6,18
normal_337,0,10,8.986902207259107e-05,0,0,0,5,0.031542497364822016,6,18
normal_338,0,0,0.0004068254267439538,0,0,0,5,0.031542497364822016,6,18
normal_338,0,10,0.0014171995252411002,0,0,0,5,0.031542497364822016,6,18
normal_351,0,0,7.875698727101729e-05,0,0,0,5,0.031542497364822016,6,18
normal_354,0,0,1.707038920554206e-05,0,0,0,5,0.031542497364822016,6,18
normal_354,0,10,0.00018465546762834708,0,0,0,5,0.031542497364822016,6,18
normal_354,0,20,0.0008367074871399475,0,0,0,5,0.031542497364822016,6,18
normal_354,0,30,0.00011373609649560885,0,0,0,5,0.031542497364822016,6,18
normal_360,0,0,0.0031263525537334465,0,0,0,5,0.031542497364822016,6,18
normal_360,0,10,0.003570645283229863,0,0,0,5,0.031542497364822016,6,18
normal_360,0,20,0.0001129140451790914,0,0,0,5,0.031542497364822016,6,18
normal_360,0,30,0.0003711273311102378,0,0,0,5,0.031542497364822016,6,18
normal_361,0,0,0.00011483859973360989,0,0,0,5,0.031542497364822016,6,18
normal_361,0,10,0.00030353026430008934,0,0,0,5,0.031542497364822016,6,18
normal_361,0,20,0.00040428882468540134,0,0,0,5,0.031542497364822016,6,18
normal_361,0,30,0.0002805125913847306,0,0,0,5,0.031542497364822016,6,18
normal_364,0,0,0.00014320589299844001,0,0,0,5,0.031542497364822016,6,18
normal_372,0,0,0.00013288703510503874,0,0,0,5,0.031542497364822016,6,18
normal_372,0,10,0.0003265129426729067,0,0,0,5,0.031542497364822016,6,18
normal_372,0,20,0.0001159702401420603,0,0,0,5,0.031542497364822016,6,18
normal_372,0,30,0.0010523852656558071,0,0,0,5,0.031542497364822016,6,18
normal_374,0,0,0.0006433129176634156,0,0,0,5,0.031542497364822016,6,18
normal_374,0,10,5.585663472091427e-06,0,0,0,5,0.031542497364822016,6,18
normal_374,0,20,0.0003653446339113925,0,0,0,5,0.031542497364822016,6,18
normal_379,0,0,0.0003766224210854168,0,0,0,5,0.031542497364822016,6,18
normal_379,0,10,0.0003693194161583962,0,0,0,5,0.031542497364822016,6,18
normal_379,0,20,0.00014611288229400668,0,0,0,5,0.031542497364822016,6,18
normal_379,0,30,0.00013727255546246408,0,0,0,5,0.031542497364822016,6,18
normal_380,0,0,0.1839517992034574,1,1,0,5,0.031542497364822016,6,18
normal_380,0,10,0.0015429971130495148,0,0,0,5,0.031542497364822016,6,18
normal_380,0,20,0.00010317956244232273,0,0,0,5,0.031542497364822016,6,18
normal_384,0,0,0.00022947273885664924,0,0,0,5,0.031542497364822016,6,18
normal_384,0,10,0.0002209858839980497,0,0,0,5,0.031542497364822016,6,18
normal_384,0,20,0.0001056592417588195,0,0,0,5,0.031542497364822016,6,18
normal_384,0,30,0.00032995443878547804,0,0,0,5,0.031542497364822016,6,18
normal_402,0,0,8.866691771725105e-05,0,0,0,5,0.031542497364822016,6,18
normal_402,0,10,0.00037147434999946555,0,0,0,5,0.031542497364822016,6,18
normal_402,0,20,2.7160297938196454e-05,0,0,0,5,0.031542497364822016,6,18
normal_407,0,0,3.357411151172286e-05,0,0,0,5,0.031542497364822016,6,18
normal_407,0,10,0.0013723913361720639,0,0,0,5,0.031542497364822016,6,18
normal_407,0,20,0.0008358253625675325,0,0,0,5,0.031542497364822016,6,18
normal_407,0,30,3.345610018987434e-05,0,0,0,5,0.031542497364822016,6,18
normal_413,0,0,0.0002874785983666363,0,0,0,5,0.031542497364822016,6,18
normal_413,0,10,0.0002117335581127797,0,0,0,5,0.031542497364822016,6,18
normal_413,0,20,0.0001313729547822372,0,0,0,5,0.031542497364822016,6,18
normal_423,0,0,0.0004585993941427083,0,0,0,5,0.031542497364822016,6,18
normal_423,0,10,0.1710639405265574,1,1,0,5,0.031542497364822016,6,18
normal_423,0,20,0.0003737698044437038,0,0,0,5,0.031542497364822016,6,18
normal_423,0,30,0.0034235663053797712,0,0,0,5,0.031542497364822016,6,18
normal_425,0,0,0.0004357347655249596,0,0,0,5,0.031542497364822016,6,18
normal_425,0,10,0.0003419464015979231,0,0,0,5,0.031542497364822016,6,18
normal_432,0,0,7.805287322081733e-05,0,0,0,5,0.031542497364822016,6,18
normal_441,0,0,2.0627821469016435e-06,0,0,0,5,0.031542497364822016,6,18
normal_441,0,10,0.000858493550070408,0,0,0,5,0.031542497364822016,6,18
normal_446,0,0,0.0006027805968322471,0,0,0,5,0.031542497364822016,6,18
normal_446,0,10,4.686700344095634e-05,0,0,0,5,0.031542497364822016,6,18
normal_446,0,20,6.762721767900837e-05,0,0,0,5,0.031542497364822016,6,18
normal_447,0,0,0.0009753376331650628,0,0,0,5,0.031542497364822016,6,18
normal_447,0,10,0.00022713120008027612,0,0,0,5,0.031542497364822016,6,18
normal_461,0,0,1.5746995425783476e-05,0,0,0,5,0.031542497364822016,6,18
normal_461,0,10,0.0023249830784301427,0,0,0,5,0.031542497364822016,6,18
normal_461,0,20,0.03084816971058479,0,0,0,5,0.031542497364822016,6,18
normal_461,0,30,0.0009726432567697152,0,0,0,5,0.031542497364822016,6,18
normal_464,0,0,0.00027330522515450414,0,0,0,5,0.031542497364822016,6,18
normal_464,0,10,0.00048018245888475615,0,0,0,5,0.031542497364822016,6,18
normal_467,0,0,0.0003345055821329204,0,0,0,5,0.031542497364822016,6,18
normal_467,0,10,0.0004774064313733425,0,0,0,5,0.031542497364822016,6,18
normal_467,0,20,4.457142132821553e-05,0,0,0,5,0.031542497364822016,6,18
normal_467,0,30,8.689601941283754e-05,0,0,0,5,0.031542497364822016,6,18
normal_479,0,0,0.0005621165182463259,0,0,0,5,0.031542497364822016,6,18
normal_479,0,10,0.00016618347504233455,0,0,0,5,0.031542497364822016,6,18
normal_479,0,20,0.0005802923957593684,0,0,0,5,0.031542497364822016,6,18
normal_479,0,30,8.925826931578264e-05,0,0,0,5,0.031542497364822016,6,18
normal_480,0,0,0.00011740110139879706,0,0,0,5,0.031542497364822016,6,18
normal_480,0,10,3.2534728227813206e-05,0,0,0,5,0.031542497364822016,6,18
normal_480,0,20,8.841748564974143e-05,0,0,0,5,0.031542497364822016,6,18
normal_480,0,30,2.2713297690748172e-05,0,0,0,5,0.031542497364822016,6,18
normal_481,0,0,0.0005368530336407802,0,0,0,5,0.031542497364822016,6,18
normal_481,0,10,0.0014872932604812579,0,0,0,5,0.031542497364822016,6,18
normal_481,0,20,0.0010337857608796685,0,0,0,5,0.031542497364822016,6,18
normal_481,0,30,0.0005577345297725596,0,0,0,5,0.031542497364822016,6,18
normal_482,0,0,0.00023121384079073765,0,0,0,5,0.031542497364822016,6,18
normal_482,0,10,0.0011843547438469637,0,0,0,5,0.031542497364822016,6,18
normal_482,0,20,0.0015339736632975136,0,0,0,5,0.031542497364822016,6,18
normal_483,0,0,0.000253513900839354,0,0,0,5,0.031542497364822016,6,18
normal_483,0,10,0.004212467795912483,0,0,0,5,0.031542497364822016,6,18
normal_483,0,20,0.0002001900996947221,0,0,0,5,0.031542497364822016,6,18
normal_483,0,30,0.0002123681859924538,0,0,0,5,0.031542497364822016,6,18
normal_484,0,0,8.70461978727617e-05,0,0,0,5,0.031542497364822016,6,18
normal_484,0,10,0.00016463803045629996,0,0,0,5,0.031542497364822016,6,18
normal_484,0,20,6.925975280172786e-05,0,0,0,5,0.031542497364822016,6,18
normal_489,0,0,0.00011062458928473458,0,0,0,5,0.031542497364822016,6,18
normal_493,0,0,0.009922060903155592,0,0,0,5,0.031542497364822016,6,18
normal_493,0,10,0.014442824681856304,0,0,0,5,0.031542497364822016,6,18
normal_493,0,20,0.04591770479108256,1,1,0,5,0.031542497364822016,6,18
normal_493,0,30,0.0017462429850636741,0,0,0,5,0.031542497364822016,6,18
normal_495,0,0,0.0028691888179581343,0,0,0,5,0.031542497364822016,6,18
normal_501,0,0,0.002545785006906963,0,0,0,5,0.031542497364822016,6,18
normal_501,0,10,0.00047602898894764494,0,0,0,5,0.031542497364822016,6,18
normal_507,0,0,0.002588195054140284,0,0,0,5,0.031542497364822016,6,18
normal_507,0,10,0.011465051128760912,0,0,0,5,0.031542497364822016,6,18
normal_523,0,0,0.0012884106213949314,0,0,0,5,0.031542497364822016,6,18
normal_534,0,0,0.00017276654856794674,0,0,0,5,0.031542497364822016,6,18
normal_534,0,10,0.003061299546548805,0,0,0,5,0.031542497364822016,6,18
normal_538,0,0,0.011868524415726726,0,0,0,5,0.031542497364822016,6,18
normal_538,0,10,0.0028475277716837563,0,0,0,5,0.031542497364822016,6,18
normal_538,0,20,0.0001367619217368403,0,0,0,5,0.031542497364822016,6,18
normal_538,0,30,0.0010087795792085637,0,0,0,5,0.031542497364822016,6,18
normal_540,0,0,0.0009570971314683745,0,0,0,5,0.031542497364822016,6,18
normal_571,0,0,1.1603400323931741e-05,0,0,0,5,0.031542497364822016,6,18
normal_571,0,10,0.0003729351117963276,0,0,0,5,0.031542497364822016,6,18
normal_571,0,20,0.0032246571298489373,0,0,0,5,0.031542497364822016,6,18
normal_573,0,0,0.002538586563700705,0,0,0,5,0.031542497364822016,6,18
normal_575,0,0,0.0002649811845405154,0,0,0,5,0.031542497364822016,6,18
normal_575,0,10,6.219168944772115e-05,0,0,0,5,0.031542497364822016,6,18
normal_575,0,20,1.8526757013353592e-05,0,0,0,5,0.031542497364822016,6,18
normal_575,0,30,0.00012334483301141007,0,0,0,5,0.031542497364822016,6,18
normal_579,0,0,0.0029252413246786935,0,0,0,5,0.031542497364822016,6,18
normal_579,0,10,0.00037247068689121314,0,0,0,5,0.031542497364822016,6,18
normal_589,0,0,0.00014035302645475073,0,0,0,5,0.031542497364822016,6,18
normal_589,0,10,0.0001791040770581879,0,0,0,5,0.031542497364822016,6,18
normal_589,0,20,0.0003962027523064871,0,0,0,5,0.031542497364822016,6,18
normal_598,0,0,0.0029777615260300192,0,0,0,5,0.031542497364822016,6,18
normal_598,0,10,8.413570536643081e-05,0,0,0,5,0.031542497364822016,6,18
normal_598,0,20,6.79502140284959e-05,0,0,0,5,0.031542497364822016,6,18
normal_598,0,30,0.0009198059406171226,0,0,0,5,0.031542497364822016,6,18
anomaly_3,1,0,5.820520185467772e-20,0,0,0,5,0.031542497364822016,6,18
anomaly_3,1,10,0.9999999999940765,1,1,0,5,0.031542497364822016,6,18
anomaly_3,1,20,0.999999999999998,1,2,0,5,0.031542497364822016,6,18
anomaly_13,1,0,1.0,1,1,0,5,0.031542497364822016,6,18
anomaly_13,1,10,1.2302501276363167e-11,0,0,0,5,0.031542497364822016,6,18
anomaly_13,1,20,0.9990638532155873,1,1,0,5,0.031542497364822016,6,18
anomaly_19,1,0,1.0,1,1,0,5,0.031542497364822016,6,18
