class,segment_id,시점 수,AI0_RMS,AI1_RMS,Current_RMS,AI0_AI1_상관
normal,1,41,0.06901,0.16318,149.17048,0.25869
normal,2,37,0.0734,0.13241,139.74523,0.2766
normal,3,24,0.04095,0.04973,80.0829,0.13251
normal,4,10,0.05549,0.12646,154.81918,0.23359
normal,5,50,0.03933,0.04827,81.54563,0.11969
normal,6,50,0.07043,0.14614,151.40634,0.32788
normal,7,50,0.07716,0.04932,81.2302,0.51979
normal,8,41,0.08513,0.1781,175.09417,0.47965
normal,9,26,0.06906,0.10382,127.41994,0.24636
normal,10,13,0.05265,0.05693,76.93109,0.0706
normal,11,50,0.07071,0.12373,150.9794,0.42595
normal,12,50,0.04488,0.04918,81.86449,0.16537
normal,13,40,0.06857,0.12585,137.37049,0.22036
normal,14,25,0.06711,0.16821,168.15051,0.37482
normal,15,14,0.03724,0.03747,85.0383,-0.41088
normal,16,50,0.07902,0.18736,178.78348,0.47472
normal,17,50,0.09164,0.11989,112.14732,0.27648
normal,18,36,0.04916,0.05483,83.88392,-0.06393
normal,19,36,0.08795,0.0907,101.2574,0.04618
normal,20,23,0.08634,0.03953,83.44262,0.35272
normal,21,22,0.06873,0.07463,80.18456,0.32944
normal,22,11,0.08873,0.08429,92.13733,0.28506
normal,23,50,0.07986,0.07542,99.40939,0.46175
normal,24,50,0.06436,0.03598,82.1506,0.22022
normal,25,36,0.06902,0.18589,171.32416,0.36952
normal,26,26,0.06729,0.04352,84.36179,0.37071
normal,27,12,0.05722,0.05017,87.04918,0.76097
normal,28,50,0.06875,0.03937,83.74736,0.50746
normal,29,50,0.0657,0.0464,89.60909,0.45168
normal,30,42,0.08776,0.071,98.07502,0.15456
normal,31,27,0.07222,0.18429,183.41313,0.35986
normal,32,13,0.09297,0.12643,130.81455,0.16931
normal,34,50,0.08181,0.14499,139.18124,0.28147
normal,35,50,0.07436,0.135,157.67785,0.29217
normal,36,38,0.04143,0.03966,80.21279,0.27672
normal,37,37,0.07935,0.12661,141.53607,0.35645
normal,38,24,0.05581,0.0419,80.43363,-0.06512
normal,39,12,0.06776,0.16856,164.00777,0.29564
normal,40,12,0.05745,0.03336,85.5261,0.49896
normal,42,50,0.05817,0.05681,90.03371,0.47218
normal,43,50,0.06609,0.05255,81.76552,0.57244
normal,44,43,0.07061,0.17856,167.42844,0.41071
normal,45,29,0.06693,0.10737,131.38759,0.25298
normal,46,17,0.06077,0.04192,81.49232,-0.22626
normal,47,5,0.08522,0.19228,171.48458,0.07185
normal,48,50,0.07599,0.13414,147.23273,0.3321
normal,49,50,0.03998,0.05302,80.99342,-0.01786
normal,50,40,0.08764,0.10763,127.89685,0.15781
normal,51,22,0.06142,0.15561,162.44541,0.29948
normal,52,50,0.05711,0.0503,82.07634,0.20476
normal,53,50,0.09395,0.1344,122.42225,-0.06541
normal,54,50,0.07784,0.16344,167.07037,0.39835
normal,55,50,0.03445,0.04559,81.8906,0.07379
normal,56,50,0.07004,0.13093,136.12366,0.42899
normal,57,50,0.05253,0.04663,84.2105,0.1944
normal,58,50,0.06829,0.06645,96.37943,0.53582
normal,59,50,0.06793,0.05006,83.50732,0.53457
normal,60,50,0.06965,0.16901,167.77348,0.50571
normal,61,50,0.08547,0.10959,107.96192,0.01689
normal,62,50,0.05739,0.0349,81.487,0.2644
normal,63,50,0.0831,0.2035,178.55816,0.39823
normal,64,50,0.07177,0.12428,143.64825,0.26369
normal,65,50,0.08676,0.05931,82.16825,0.26755
normal,66,50,0.06931,0.1463,145.11156,0.30082
normal,67,50,0.07531,0.12768,156.92188,0.32124
normal,68,50,0.09134,0.12129,126.0711,-0.0248
normal,69,50,0.08601,0.15906,166.74487,0.41924
normal,70,50,0.03945,0.04275,81.69364,0.15784
normal,71,50,0.0576,0.10304,116.11995,0.26505
normal,72,50,0.07114,0.14791,165.24912,0.40434
normal,73,50,0.03186,0.05141,81.29411,0.07169
normal,74,50,0.08228,0.09033,101.51028,0.19341
normal,75,50,0.07821,0.16812,178.05431,0.3978
normal,76,50,0.09607,0.10111,106.82704,0.10375
normal,77,50,0.08667,0.16615,173.25941,0.42734
normal,78,12,0.04577,0.05544,86.18919,-0.09132
normal,79,50,0.05085,0.09312,104.39904,0.02227
normal,80,50,0.09214,0.15868,170.62844,0.45111
normal,81,42,0.05522,0.05033,86.95017,0.27351
normal,82,31,0.07563,0.10419,110.81497,0.29539
normal,83,16,0.09077,0.17711,179.87297,0.42271
normal,84,5,0.06672,0.06646,64.91647,0.62593
normal,85,50,0.07889,0.18898,171.66807,0.45311
normal,86,46,0.07464,0.09517,108.37982,-0.00813
normal,87,33,0.07206,0.0418,82.38693,0.583
normal,88,23,0.10744,0.18645,179.53196,0.40721
normal,89,12,0.06212,0.03662,86.90696,0.44277
normal,90,50,0.08812,0.18812,171.78681,0.46459
normal,91,49,0.07699,0.12593,128.62323,0.38069
normal,92,36,0.05095,0.05806,81.71546,-0.20584
normal,93,23,0.07635,0.18137,172.17754,0.46745
normal,94,8,0.03481,0.11812,145.24506,-0.1019
normal,95,50,0.09188,0.15515,148.4013,0.37427
normal,96,50,0.07959,0.13787,143.63357,0.29441
normal,97,38,0.03322,0.0452,82.63873,0.03691
normal,98,25,0.07395,0.15672,145.15336,0.49663
normal,99,24,0.06854,0.04948,79.72158,0.25929
normal,100,12,0.07301,0.19556,184.10944,0.35293
normal,101,50,0.06976,0.06097,91.10273,0.07944
normal,102,50,0.07218,0.18201,172.4311,0.55451
normal,103,45,0.08219,0.08898,105.34774,0.12752
normal,104,34,0.07542,0.07243,90.82822,0.07461
normal,105,34,0.03469,0.05305,82.30903,0.11891
normal,106,22,0.05977,0.07225,102.84827,0.05848
normal,107,9,0.07397,0.19652,176.46756,0.68405
normal,108,50,0.07221,0.08275,102.85302,0.27245
normal,109,50,0.09511,0.20058,177.31905,0.49382
normal,110,37,0.08553,0.09701,103.42317,0.216
normal,111,23,0.06522,0.05227,83.61817,0.40991
normal,112,10,0.08447,0.1708,168.88211,0.53561
normal,113,50,0.06094,0.04379,82.64981,0.26716
normal,114,50,0.07335,0.18293,169.69046,0.5068
normal,115,40,0.07507,0.12669,138.45562,0.48931
normal,116,27,0.03517,0.05099,81.14765,-0.06227
normal,117,27,0.06781,0.11759,127.80538,0.31106
normal,118,17,0.0708,0.04906,82.06648,0.60835
normal,120,50,0.07315,0.15522,159.07035,0.48677
normal,121,50,0.04395,0.05303,80.7752,0.18295
normal,122,42,0.05749,0.10297,111.32044,0.46646
normal,123,29,0.10722,0.19023,171.53077,0.52559
normal,124,18,0.04543,0.04342,83.63443,-0.02283
normal,125,7,0.09191,0.10041,145.67672,0.42405
normal,126,50,0.09484,0.17238,178.69993,0.47427
normal,127,50,0.04015,0.04761,81.48203,0.1598
normal,128,48,0.08395,0.13007,108.03165,0.30195
normal,129,36,0.07679,0.15063,159.37377,0.44174
normal,130,20,0.06949,0.06993,82.91868,0.52096
normal,131,7,0.06041,0.06641,84.14382,0.41715
normal,132,50,0.03402,0.04295,81.94882,0.03532
normal,133,49,0.05294,0.0967,118.88131,0.26507
normal,134,35,0.09559,0.1839,180.64228,0.55839
normal,135,22,0.04487,0.03891,84.0072,0.00248
normal,136,9,0.08963,0.07322,91.28781,-0.3592
normal,137,50,0.07975,0.10877,118.51207,0.30959
normal,138,48,0.07764,0.05308,83.06906,0.19186
normal,139,48,0.05931,0.05576,85.61698,0.28662
normal,140,35,0.06404,0.0452,84.25537,0.39271
normal,141,23,0.09327,0.18774,178.7346,0.47492
normal,142,13,0.03523,0.04817,73.12622,-0.11368
normal,145,50,0.07008,0.14441,143.8449,0.24947
normal,146,50,0.09013,0.15688,150.06025,0.41803
normal,147,40,0.04194,0.05652,83.08205,0.15537
normal,148,26,0.09199,0.12876,133.59258,0.31858
normal,149,26,0.03828,0.05894,80.47597,-0.04724
normal,150,15,0.11617,0.17527,142.05807,0.53797
normal,153,50,0.0622,0.05117,80.82533,0.21207
normal,154,50,0.08614,0.06751,97.96034,0.26323
normal,155,47,0.05398,0.04752,83.25276,0.25143
normal,156,34,0.08317,0.19034,175.1901,0.55787
normal,157,19,0.07671,0.11031,109.4004,0.28039
normal,158,6,0.09721,0.0604,85.11477,0.31711
normal,159,50,0.08811,0.10981,112.45052,0.30139
normal,160,50,0.05984,0.04366,83.84133,0.53876
normal,161,38,0.08929,0.19566,169.35264,0.64186
normal,162,26,0.09006,0.11515,113.29305,0.30922
normal,163,13,0.07325,0.07462,74.22238,0.66971
normal,165,50,0.07483,0.05647,81.66695,0.19231
normal,166,43,0.08129,0.16615,149.52351,0.39322
normal,167,32,0.08598,0.11519,135.08835,0.38678
normal,168,19,0.08422,0.0914,80.26741,-0.367
normal,169,7,0.05936,0.17268,159.07408,-0.44524
normal,170,50,0.07707,0.05829,82.16068,0.47502
normal,171,42,0.08542,0.19514,164.27541,0.5083
normal,172,27,0.08305,0.11694,130.61476,0.28924
normal,173,26,0.06255,0.187,167.85671,0.55049
normal,174,14,0.10316,0.14517,137.50241,0.50647
normal,176,50,0.07395,0.14713,134.69031,0.44024
normal,177,50,0.0818,0.14241,155.86058,0.43723
normal,178,46,0.06572,0.06567,80.69226,0.01239
normal,179,32,0.14779,0.18257,122.3343,0.32007
normal,180,20,0.09168,0.15623,152.91207,0.54988
normal,181,7,0.046,0.06087,76.07033,-0.55013
normal,182,50,0.08991,0.19987,177.04484,0.58627
normal,183,47,0.06537,0.0627,93.48849,0.48612
normal,184,32,0.04694,0.04561,82.51529,0.17759
normal,185,33,0.03809,0.05146,82.15431,0.07307
normal,186,22,0.06229,0.10545,110.94428,0.49265
normal,187,9,0.06492,0.17917,173.89354,0.58244
normal,188,50,0.058,0.0451,83.59544,0.19382
normal,189,50,0.08259,0.19743,169.88117,0.54855
normal,190,36,0.07929,0.13607,129.86227,0.34538
normal,191,26,0.05267,0.05098,82.15392,0.03974
normal,192,12,0.06647,0.17676,169.36657,0.59586
normal,193,50,0.06306,0.05913,82.16557,0.03195
normal,194,50,0.0911,0.1939,173.11988,0.59183
normal,195,42,0.05984,0.11721,141.77766,0.1388
normal,196,29,0.05669,0.07692,81.47642,-0.04565
normal,197,18,0.09132,0.19048,168.16587,0.67294
normal,198,6,0.07478,0.08419,82.80809,0.43841
normal,199,50,0.08367,0.19847,162.04683,0.63263
normal,200,49,0.06924,0.12093,124.42821,0.35883
normal,201,33,0.03382,0.04409,81.83554,0.08169
normal,202,22,0.08933,0.17892,159.75491,0.53792
normal,203,8,0.09494,0.16612,166.91677,0.47349
normal,204,50,0.07031,0.06581,93.18482,0.12783
normal,205,48,0.09242,0.19103,176.6452,0.5381
normal,206,33,0.07316,0.05888,93.60372,0.35354
normal,207,22,0.0692,0.05857,96.60372,0.14904
normal,208,12,0.10713,0.18446,194.6553,0.78472
normal,209,11,0.10422,0.13602,136.12816,0.48946
normal,210,50,0.07942,0.1522,163.49696,0.45456
normal,211,50,0.04392,0.06353,81.99936,0.09134
normal,212,50,0.06638,0.13576,127.13689,0.25005
normal,213,38,0.08963,0.17551,179.42658,0.43321
normal,214,23,0.06177,0.05834,89.88453,0.22185
normal,215,12,0.04815,0.09923,115.10382,0.52815
normal,216,10,0.06804,0.04863,80.26831,0.16821
normal,217,50,0.08765,0.17212,176.07877,0.55987
normal,218,50,0.08926,0.08593,97.24978,0.40595
normal,219,38,0.05834,0.04553,87.42602,0.47174
normal,220,24,0.07904,0.19733,167.0962,0.54276
normal,221,14,0.05737,0.09715,104.6918,-0.02635
normal,222,50,0.09654,0.18693,176.97469,0.66288
normal,223,50,0.0834,0.10477,111.28895,0.1911
normal,224,40,0.05275,0.06773,80.25564,-0.03999
normal,225,29,0.08185,0.18074,160.5995,0.53817
normal,226,15,0.10176,0.14228,122.50253,0.52838
normal,228,50,0.09073,0.18316,170.85777,0.5161
normal,229,50,0.08259,0.19243,168.45232,0.61588
normal,230,43,0.06941,0.13412,135.90389,0.47647
normal,231,32,0.0563,0.05276,81.98054,0.04811
normal,232,16,0.10337,0.16936,149.40891,0.60656
normal,234,50,0.04163,0.06694,80.85477,0.07837
normal,235,50,0.0663,0.093,103.02072,0.09956
normal,236,41,0.09222,0.17367,174.06308,0.49577
normal,237,26,0.07466,0.06179,91.76014,0.50968
normal,238,15,0.08725,0.06839,87.6072,0.46333
normal,240,50,0.07525,0.08715,100.11509,0.15601
normal,241,50,0.06452,0.04738,86.67874,0.50652
normal,242,43,0.0838,0.2039,173.11559,0.504
normal,243,29,0.0754,0.12875,134.2489,0.27793
normal,244,16,0.05758,0.05608,80.6612,-0.17737
normal,245,6,0.08487,0.18821,176.03166,0.25599
normal,246,50,0.04371,0.05328,81.54382,-0.0343
normal,247,50,0.09308,0.10495,110.14731,0.17824
normal,248,50,0.08422,0.0615,91.45892,0.38859
normal,249,35,0.07198,0.18565,166.5655,0.51278
normal,250,23,0.07582,0.11497,114.64857,0.34956
normal,251,9,0.04862,0.05061,78.42953,0.07375
normal,252,50,0.07819,0.1566,149.04594,0.44999
normal,253,50,0.04087,0.05111,80.06311,-0.0369
normal,254,38,0.07153,0.15803,139.75401,0.59111
normal,255,27,0.09139,0.13948,137.44398,0.44799
normal,256,13,0.04003,0.04517,85.07079,0.14203
normal,257,6,0.087,0.22595,143.56854,0.86331
normal,258,50,0.04607,0.05399,81.3827,-0.13552
normal,259,45,0.07491,0.12956,133.567,0.31384
normal,260,32,0.08709,0.189,180.35378,0.46914
normal,261,19,0.05918,0.05187,92.54901,-0.04421
normal,262,21,0.08108,0.13644,136.40218,0.33507
normal,263,8,0.02733,0.06113,80.07224,-0.2455
normal,264,9,0.05189,0.1061,123.78628,0.0998
normal,265,50,0.08032,0.19122,157.74466,0.59614
normal,266,50,0.06642,0.1292,137.59745,0.34969
normal,267,39,0.05894,0.06935,80.5012,-0.01096
normal,268,26,0.07791,0.15921,149.20372,0.54486
normal,269,15,0.07955,0.13521,141.68822,0.61437
normal,271,50,0.08862,0.20095,163.02763,0.52511
normal,272,50,0.07316,0.15916,147.05403,0.3947
normal,273,43,0.03707,0.06382,82.81484,0.11207
normal,274,45,0.0746,0.11723,127.24841,0.39817
normal,275,50,0.04525,0.06578,81.84594,-0.00337
normal,276,47,0.05977,0.08712,110.18442,0.44778
normal,277,32,0.10915,0.19977,178.32483,0.56328
normal,278,21,0.05442,0.05981,79.99029,0.242
normal,279,8,0.08179,0.08914,101.03793,-0.16093
normal,280,8,0.03544,0.05773,81.4835,-0.16645
normal,281,50,0.08912,0.19058,184.67123,0.50809
normal,282,48,0.03494,0.05748,81.47008,-0.01291
normal,283,33,0.07821,0.04723,84.03323,0.43458
normal,284,22,0.11402,0.21114,188.6228,0.61018
normal,285,10,0.053,0.03615,92.76461,-0.21448
normal,286,50,0.08655,0.06138,88.95165,0.28046
normal,287,50,0.08626,0.19627,177.77494,0.59199
normal,288,50,0.06099,0.05476,91.06909,0.48763
normal,289,36,0.06732,0.04338,80.77823,0.48468
normal,290,24,0.08917,0.19462,173.74522,0.6312
normal,291,13,0.10027,0.09511,104.48913,0.12122
normal,293,50,0.08557,0.20014,170.54112,0.57963
normal,294,50,0.08702,0.09832,104.29548,0.18882
normal,295,42,0.05461,0.05273,81.42838,-0.11814
normal,296,29,0.08661,0.18071,160.25672,0.60684
normal,297,20,0.08162,0.09075,100.66465,0.05314
normal,298,8,0.04319,0.0584,81.51859,-0.02355
normal,299,50,0.08507,0.14061,145.1851,0.34867
normal,300,48,0.03712,0.04713,80.30007,-0.07439
normal,301,36,0.0813,0.16479,139.79695,0.4823
normal,302,20,0.11347,0.18327,185.45032,0.49179
normal,303,9,0.03107,0.06088,84.10642,0.13609
normal,304,50,0.10654,0.19768,179.81081,0.50291
normal,305,50,0.05421,0.0654,85.92874,0.22218
normal,306,38,0.07472,0.07248,93.79947,0.31223
normal,307,35,0.03492,0.06244,81.05946,0.25415
normal,308,23,0.0794,0.10633,117.12861,0.28014
normal,309,9,0.07541,0.19371,193.40686,0.3223
normal,310,50,0.07026,0.07617,93.92615,0.26036
normal,311,50,0.09938,0.20236,183.5104,0.4805
normal,312,38,0.0813,0.08879,97.82029,0.08162
normal,313,24,0.04188,0.04429,80.08683,0.11968
normal,314,17,0.07605,0.2044,182.75303,0.56377
normal,316,50,0.05532,0.05385,80.75851,-0.01679
normal,317,50,0.06942,0.16647,149.28591,0.52285
normal,318,42,0.08893,0.16559,162.61767,0.3966
normal,319,31,0.039,0.05755,84.52799,-0.07564
normal,320,16,0.05864,0.10776,111.73359,0.2293
normal,323,50,0.0892,0.20304,174.38954,0.52397
normal,324,50,0.05826,0.06429,83.30234,0.24611
normal,325,44,0.07774,0.07957,93.87177,0.23523
normal,326,30,0.09453,0.1903,179.84249,0.57081
normal,327,19,0.0514,0.05127,82.29779,0.45048
normal,329,50,0.08075,0.17352,152.69501,0.4681
normal,330,50,0.06867,0.14419,144.88335,0.4032
normal,331,42,0.04206,0.06797,81.21968,0.10818
normal,332,30,0.10633,0.17793,141.63202,0.4955
normal,333,14,0.1072,0.17388,159.74809,0.43966
normal,335,50,0.09037,0.19078,182.32452,0.55749
normal,336,45,0.06607,0.05663,90.23782,0.37826
normal,337,34,0.06237,0.10422,105.90074,0.42155
normal,338,32,0.04472,0.05205,80.52018,0.05271
normal,339,20,0.06335,0.12583,103.20374,0.40131
normal,340,6,0.09918,0.17892,169.00202,0.66572
normal,341,50,0.08398,0.09747,104.06291,0.06024
normal,342,50,0.06341,0.0444,84.91066,0.30907
normal,343,45,0.08512,0.20088,180.03944,0.49373
normal,344,34,0.07838,0.09998,106.10808,0.30432
normal,345,21,0.04687,0.04533,77.84175,-0.13029
normal,346,14,0.0833,0.17298,168.64303,0.47728
normal,348,50,0.06605,0.08221,105.11766,0.22884
normal,349,50,0.09452,0.20976,179.66474,0.63631
normal,350,41,0.05814,0.05388,93.88529,0.48005
normal,351,28,0.05639,0.04124,84.60275,0.11067
normal,352,18,0.09168,0.21209,180.26269,0.60934
normal,353,5,0.07434,0.04267,98.32953,-0.24203
normal,354,50,0.07796,0.04853,84.38294,0.51846
normal,355,50,0.08565,0.2173,177.38462,0.57056
normal,356,46,0.08516,0.10075,104.74965,0.1399
normal,357,32,0.03769,0.04538,80.02808,0.11724
normal,358,20,0.1058,0.19904,154.99912,0.45694
normal,359,7,0.12742,0.13973,140.26991,0.71299
normal,360,50,0.1023,0.17507,143.77094,0.46857
normal,361,50,0.06232,0.04423,82.09578,0.2855
normal,362,50,0.09685,0.19653,177.43717,0.76191
normal,363,34,0.07921,0.15013,143.06079,0.37754
normal,364,21,0.03405,0.05543,86.07653,-0.0683
normal,365,9,0.11956,0.18434,167.05807,0.53341
normal,366,50,0.05425,0.06412,81.06934,0.11869
normal,367,50,0.09761,0.17361,146.52438,0.46606
normal,368,37,0.08991,0.15417,163.79098,0.43652
normal,369,27,0.06775,0.08212,78.88188,-0.08493
normal,370,15,0.07273,0.19269,154.02287,-0.05224
normal,372,50,0.05192,0.05064,81.84012,0.1781
normal,373,50,0.07402,0.17471,156.98268,0.51364
normal,374,43,0.07824,0.15673,145.74496,0.45773
normal,375,30,0.05762,0.07412,77.69103,0.20236
normal,376,21,0.06614,0.19432,164.34022,0.67223
normal,377,6,0.0636,0.14519,186.90444,0.90512
normal,378,50,0.04707,0.05514,81.22602,0.1832
normal,379,50,0.07,0.09251,105.98453,0.21734
normal,380,43,0.10348,0.20031,185.41861,0.59257
normal,381,29,0.102,0.1122,110.71821,0.14505
normal,382,13,0.07874,0.06055,78.65478,-0.06928
normal,384,50,0.08165,0.19362,176.76778,0.62391
normal,385,50,0.07319,0.07454,97.08347,0.26094
normal,386,40,0.05616,0.04714,83.71861,0.16803
normal,387,28,0.10876,0.21645,180.67922,0.68023
normal,388,17,0.09799,0.09597,100.19558,0.11985
normal,390,50,0.0843,0.20262,167.67306,0.4817
normal,391,50,0.07126,0.14622,139.90542,0.46817
normal,392,39,0.0253,0.05482,80.19416,-0.11005
normal,393,25,0.06106,0.14405,142.40708,0.28218
normal,394,14,0.05975,0.12607,118.35273,0.16861
normal,396,50,0.0801,0.1341,137.11835,0.37932
normal,397,44,0.06476,0.06764,83.11273,0.05624
normal,398,32,0.07972,0.20215,163.10792,0.63679
normal,399,22,0.09167,0.11984,109.90365,0.39345
normal,400,7,0.04404,0.03193,75.46023,0.32783
normal,401,50,0.0912,0.20673,174.17104,0.5112
normal,402,46,0.07427,0.13951,136.19647,0.4112
normal,403,34,0.0536,0.04954,84.52034,0.01706
normal,404,21,0.08808,0.20369,164.99762,0.48813
normal,405,12,0.07163,0.05392,90.70101,0.10326
normal,406,50,0.08571,0.21366,173.30973,0.55738
normal,407,50,0.07656,0.13234,129.96824,0.4221
normal,408,38,0.04551,0.05891,81.04657,-0.21614
normal,409,25,0.07117,0.166,150.11746,0.52773
normal,410,13,0.05852,0.17652,141.21945,0.61121
normal,411,50,0.08491,0.19179,156.31721,0.54212
normal,412,50,0.08803,0.16539,157.75649,0.45324
normal,413,40,0.04395,0.05409,80.25252,-0.02886
normal,414,28,0.10964,0.17944,144.42532,0.48156
normal,415,15,0.10215,0.1692,163.82268,0.742
normal,416,14,0.07996,0.12668,143.83706,0.47387
normal,418,50,0.06085,0.1218,133.99113,0.369
normal,419,50,0.04069,0.06079,81.40846,0.01743
normal,420,38,0.08411,0.20249,158.24698,0.53813
normal,421,23,0.08015,0.17589,176.45174,0.40287
normal,422,10,0.06363,0.0679,81.19883,0.21844
normal,423,50,0.11763,0.19197,178.8141,0.54745
normal,424,49,0.06893,0.09113,100.22017,0.07583
normal,425,36,0.06957,0.06758,92.49574,-0.01086
normal,426,24,0.09547,0.18836,180.27741,0.49589
normal,427,11,0.08086,0.09099,103.29034,0.29074
normal,428,50,0.08181,0.18208,173.18143,0.60565
normal,429,50,0.07603,0.12112,122.1335,0.32
normal,430,39,0.06236,0.0586,80.26375,0.0886
normal,431,28,0.08276,0.2104,171.18218,0.57613
normal,432,25,0.04671,0.04225,83.8243,0.25479
normal,433,11,0.06596,0.22069,173.87089,0.71988
normal,434,50,0.03939,0.06216,81.23947,0.05894
normal,435,49,0.05765,0.10778,111.68321,0.42815
normal,436,35,0.10035,0.19672,170.40282,0.6256
normal,437,22,0.05406,0.05961,87.38117,0.17538
normal,438,10,0.11,0.0809,88.60494,-0.23365
normal,439,50,0.07801,0.12241,129.35645,0.29417
normal,440,49,0.0562,0.0508,84.31053,0.20275
normal,441,34,0.10096,0.21908,174.69547,0.55982
normal,442,17,0.0739,0.14262,130.5595,0.27549
normal,444,50,0.06772,0.06553,82.07294,0.13626
normal,445,50,0.08501,0.21142,173.09754,0.66173
normal,446,44,0.08788,0.15785,141.45016,0.48639
normal,447,31,0.03954,0.05752,82.24734,-0.20455
normal,448,21,0.08702,0.21061,161.79683,0.51987
normal,449,7,0.0413,0.1192,146.30739,-0.02501
normal,450,50,0.08898,0.14208,133.58389,0.38924
normal,451,48,0.08666,0.19685,168.32781,0.54089
normal,452,37,0.03705,0.06008,81.63824,-0.09294
normal,453,24,0.10429,0.14754,121.42649,0.13481
normal,454,11,0.1147,0.20207,186.70382,0.57753
normal,455,50,0.07621,0.07161,94.14758,0.12565
normal,456,50,0.10903,0.19859,179.09505,0.55199
normal,457,39,0.05814,0.04827,87.5834,0.32616
normal,458,27,0.08053,0.07091,94.76669,0.11188
normal,459,18,0.08245,0.16765,160.6267,0.49098
normal,460,5,0.02918,0.06384,65.71447,0.83159
normal,461,50,0.11562,0.20391,176.42386,0.52599
normal,462,48,0.04975,0.06002,86.83511,0.20266
normal,463,34,0.08267,0.06954,92.03362,-0.14011
normal,464,34,0.03864,0.05686,83.94108,0.0364
normal,465,20,0.07179,0.07346,87.62301,0.00601
normal,466,8,0.12322,0.21183,179.46291,0.86752
normal,467,50,0.0557,0.04675,85.22427,0.14315
normal,468,49,0.08869,0.20399,164.65393,0.6138
normal,469,36,0.07454,0.11249,132.2837,0.41342
normal,470,37,0.1101,0.20611,170.37511,0.59891
normal,471,24,0.09152,0.10053,104.24885,0.21938
normal,472,11,0.07178,0.05037,100.68093,0.33126
normal,473,50,0.02878,0.0407,85.52379,0.16268
normal,474,50,0.03794,0.05123,86.07526,0.08213
normal,475,39,0.04869,0.04992,86.74404,0.00122
normal,476,27,0.03983,0.03401,88.23347,0.08543
normal,477,14,0.04994,0.0619,89.53963,0.15129
normal,478,50,0.04248,0.04997,85.49307,-0.03847
normal,479,50,0.04019,0.0556,84.91925,0.00144
normal,480,50,0.04768,0.0524,84.98419,0.14556
normal,481,50,0.03863,0.04539,84.98969,-0.19021
normal,482,41,0.04034,0.04412,86.30812,-0.19655
normal,483,50,0.03096,0.03891,85.96591,-0.03419
normal,484,44,0.04603,0.05471,84.56262,0.15689
normal,485,44,0.02929,0.03936,84.63103,-0.22224
normal,486,44,0.04209,0.04422,85.57107,-0.08975
normal,487,43,0.03806,0.05385,84.77713,-0.08369
normal,488,35,0.04161,0.04324,86.64771,-0.19349
normal,489,23,0.03298,0.03708,89.5968,0.01267
normal,490,21,0.03584,0.03039,85.08686,0.02433
normal,491,8,0.02771,0.02819,86.97885,-0.51088
normal,492,50,0.04386,0.04916,84.86542,-0.07195
normal,493,50,0.04762,0.03776,85.28481,-0.17656
normal,494,39,0.03626,0.04497,84.49061,-0.44986
normal,495,27,0.04189,0.04541,84.26894,-0.2532
normal,496,15,0.03239,0.04036,81.74285,-0.40885
normal,497,13,0.03838,0.04214,79.79156,-0.44801
normal,498,50,0.03996,0.04311,86.44885,-0.13224
normal,499,50,0.02958,0.03854,85.9624,-0.35353
normal,500,50,0.04933,0.04695,85.92217,-0.25123
normal,501,37,0.04651,0.04058,88.63075,-0.13287
normal,502,24,0.02998,0.04541,84.51458,-0.48168
normal,503,11,0.03883,0.05268,86.84421,-0.4772
normal,504,13,0.04502,0.05232,91.86442,-0.31006
normal,505,50,0.03736,0.04406,85.9431,-0.30283
normal,506,50,0.04123,0.04549,86.60678,-0.22917
normal,507,38,0.03483,0.04225,87.69765,-0.37891
normal,508,27,0.03582,0.05114,88.166,0.11762
normal,509,13,0.0457,0.04343,93.15325,-0.17804
normal,510,50,0.0392,0.04476,86.77204,-0.2147
normal,511,50,0.04887,0.04692,86.41993,-0.28711
normal,512,38,0.03041,0.03471,89.3593,-0.57537
normal,513,26,0.03971,0.05665,84.96981,-0.12585
normal,514,13,0.04242,0.0372,82.27122,-0.13267
normal,515,50,0.03849,0.03641,85.87262,-0.37359
normal,516,50,0.04182,0.04144,86.32999,-0.30778
normal,517,40,0.03316,0.04104,86.6773,-0.27456
normal,518,25,0.03371,0.03446,85.66724,-0.44502
normal,519,13,0.0479,0.03777,86.03513,-0.70155
normal,520,50,0.04764,0.05403,85.46215,-0.05877
normal,521,50,0.03932,0.03156,86.12759,-0.40512
normal,522,39,0.02786,0.04177,85.96024,-0.20621
normal,523,25,0.05254,0.05052,85.71484,-0.07934
normal,524,11,0.04046,0.03325,77.89236,-0.34711
normal,525,50,0.03962,0.03259,86.26624,-0.29338
normal,526,50,0.03421,0.04415,86.16336,-0.27302
normal,527,49,0.04554,0.04926,85.87036,-0.16097
normal,528,36,0.03441,0.04367,86.72609,-0.28832
normal,529,25,0.04599,0.05169,85.97526,-0.05208
normal,530,11,0.02602,0.04875,77.61121,-0.13659
normal,532,50,0.03743,0.04299,85.15373,-0.05431
normal,533,50,0.02287,0.03976,85.36782,-0.19282
normal,534,38,0.03747,0.04629,87.9239,-0.05963
normal,535,25,0.0296,0.05043,86.47413,-0.35755
normal,536,10,0.03477,0.03657,85.16308,-0.44896
normal,537,50,0.03098,0.03989,86.76186,-0.14509
normal,538,50,0.03707,0.04774,86.78447,-0.10858
normal,539,35,0.03738,0.04244,85.82138,-0.16895
normal,540,23,0.03408,0.04513,83.38423,-0.18416
normal,541,10,0.03305,0.05021,86.3018,-0.01779
normal,542,8,0.02984,0.05056,86.74585,-0.42657
normal,543,50,0.02732,0.0395,86.12621,-0.36433
normal,544,50,0.03651,0.04266,86.03722,-0.32617
normal,545,36,0.03905,0.04092,87.82118,-0.34862
normal,546,22,0.02946,0.05202,89.15682,-0.0626
normal,547,7,0.02137,0.04447,89.60476,-0.51236
normal,548,8,0.01697,0.03367,85.31267,-0.00181
normal,549,50,0.03023,0.03803,86.07536,-0.39348
normal,550,49,0.04797,0.05395,85.41827,0.01709
normal,551,46,0.03011,0.04145,83.6527,-0.31614
normal,552,45,0.03881,0.04092,86.95942,-0.4081
normal,553,31,0.02587,0.04055,88.96591,-0.37761
normal,554,17,0.04786,0.05286,86.73648,0.07703
normal,556,50,0.03382,0.0458,85.98509,-0.2128
normal,557,50,0.03653,0.03953,86.08467,-0.40725
normal,558,45,0.02919,0.04432,83.88004,-0.33408
normal,559,30,0.044,0.05338,85.24732,-0.15634
normal,560,19,0.03922,0.03398,86.76033,-0.24845
normal,561,5,0.07061,0.14342,149.71746,-0.05183
normal,562,50,0.0614,0.04459,87.6567,0.66051
normal,563,50,0.06028,0.05087,82.51166,0.21928
normal,564,44,0.06379,0.12543,133.67616,0.28285
normal,565,30,0.05916,0.14755,146.73167,0.44931
normal,566,18,0.07333,0.04978,83.69784,0.75288
normal,568,50,0.06988,0.14244,159.0743,0.40704
normal,569,50,0.04856,0.04156,82.75986,0.18135
normal,570,44,0.11562,0.12278,122.43332,0.03074
normal,571,42,0.05142,0.05236,81.71256,0.08602
normal,572,30,0.06669,0.17226,154.16504,0.43633
normal,573,20,0.08705,0.09598,119.70905,0.40164
normal,574,8,0.04413,0.05554,81.71936,-0.02183
normal,575,50,0.07406,0.11075,121.75384,0.39508
normal,576,50,0.09573,0.17603,181.42661,0.54054
normal,577,49,0.07028,0.10078,107.54317,0.23414
normal,578,35,0.06254,0.05753,82.20484,0.14108
normal,579,35,0.10372,0.09781,104.62525,0.32914
normal,580,24,0.063,0.07012,93.54531,0.48527
normal,581,10,0.08528,0.18499,179.89384,0.76234
normal,582,50,0.06024,0.05965,92.61648,0.55656
normal,583,50,0.07839,0.05418,82.24167,0.29667
normal,584,37,0.07655,0.18619,162.99721,0.32706
normal,585,25,0.07565,0.09402,104.29764,0.16607
normal,586,11,0.07594,0.05293,78.07109,0.2998
normal,587,50,0.07595,0.17297,181.45419,0.50265
normal,588,50,0.07548,0.10124,115.37531,0.40174
normal,589,42,0.06385,0.04,83.68024,0.34669
normal,590,29,0.07116,0.18883,180.10911,0.48134
normal,591,18,0.10366,0.08837,99.61246,0.07767
normal,592,6,0.04952,0.03624,83.52412,0.49967
normal,593,50,0.09305,0.09784,112.37115,0.36163
normal,594,46,0.07479,0.05645,82.01745,-0.08442
normal,595,35,0.09299,0.19079,181.13409,0.51387
normal,596,22,0.06792,0.09126,99.49396,0.10406
normal,597,8,0.0764,0.04562,81.58422,-0.03607
normal,598,50,0.0711,0.13308,148.15716,0.34188
normal,599,44,0.06725,0.04427,84.38645,0.35414
anomaly,2,50,0.39126,0.25307,99.04866,-0.4359
anomaly,3,47,0.51522,0.29041,102.03118,-0.35674
anomaly,4,31,0.04583,0.10203,99.12725,0.18429
anomaly,5,18,0.69924,0.29793,153.57297,-0.34837
anomaly,7,50,0.55966,0.25483,149.53048,-0.58964
anomaly,8,40,0.33742,0.23024,155.85972,-0.63068
anomaly,9,25,0.33137,0.26029,94.88042,-0.64408
anomaly,10,8,0.46888,0.40081,120.20501,-0.39257
anomaly,12,50,0.35611,0.21257,63.56953,-0.08801
anomaly,13,42,0.46628,0.21457,72.74396,-0.27039
anomaly,14,28,0.83854,0.31587,112.62012,-0.49316
anomaly,15,15,0.23355,0.10858,67.97927,-0.64154
anomaly,16,50,0.34746,0.23033,199.71654,-0.68055
anomaly,17,50,0.2216,0.19469,256.75592,-0.2561
anomaly,18,36,0.37324,0.26508,296.89798,-0.15344
anomaly,19,24,0.66581,0.21562,242.08161,-0.01266
anomaly,20,10,0.03213,0.06815,207.23604,0.58332
anomaly,21,15,0.04327,0.02176,183.38302,0.1749
