model,configuration,input_label,input_kind,window_samples,precision_mean,precision_std,recall_mean,recall_std,f1_mean,f1_std,pr_auc_mean,pr_auc_std,normal_segments,anomaly_segments,tp,fn,fp,tn,oof_precision,oof_recall,oof_f1,oof_pr_auc
Logistic Regression,raw_single,단일시점,원변수 단일시점,1,0.42857142857142855,0.5248906591678238,0.3,0.2981423969999719,0.3044444444444444,0.3449458715813072,0.477190598520182,0.3056547249670064,452,13,4,9,6,446,0.4,0.3076923076923077,0.34782608695652173,0.3290626762961113
Logistic Regression,raw_window_5,원데이터 0.5초,원데이터 window,5,0.6,0.5477225575051661,0.2333333333333333,0.22360679774997896,0.3333333333333333,0.31180478223116176,0.5726841386390928,0.33754823246978644,452,13,3,10,0,452,1.0,0.23076923076923078,0.375,0.4888396416060746
Logistic Regression,raw_window_10,원데이터 1.0초,원데이터 window,10,0.36666666666666664,0.4149966532662911,0.3,0.2981423969999719,0.32666666666666666,0.3418901707988823,0.7232523616734142,0.1955873685772188,452,13,4,9,3,449,0.5714285714285714,0.3076923076923077,0.4,0.566940400117145
Logistic Regression,raw_window_15,원데이터 1.5초,원데이터 window,15,0.75,0.4330127018922193,0.6333333333333333,0.4149966532662911,0.6647619047619047,0.3903832642039379,0.9444444444444444,0.0856168611523469,452,13,9,4,1,451,0.9,0.6923076923076923,0.782608695652174,0.8421106671106671
Logistic Regression,raw_window_20,원데이터 2.0초,원데이터 window,20,0.6,0.5477225575051661,0.36666666666666664,0.4149966532662911,0.4333333333333333,0.4346134936801766,0.9833333333333332,0.03726779962499655,452,13,4,9,0,452,1.0,0.3076923076923077,0.47058823529411764,0.689545116385737
Logistic Regression,derived_5,파생 0.5초,파생변수/파생채널,5,0.7333333333333333,0.4346134936801766,0.6,0.4346134936801766,0.6333333333333333,0.4149966532662911,0.8629540598290598,0.19730964683672386,452,13,7,6,1,451,0.875,0.5384615384615384,0.6666666666666666,0.7334816754424826
Logistic Regression,derived_10,파생 1.0초,파생변수/파생채널,10,1.0,0.0,0.6666666666666666,0.33333333333333337,0.76,0.25099800796022265,0.8916666666666666,0.15478479684172258,452,13,8,5,0,452,1.0,0.6153846153846154,0.7619047619047619,0.887025072533911
Logistic Regression,derived_15,파생 1.5초,파생변수/파생채널,15,0.8,0.4472135954999579,0.6,0.4346134936801766,0.6599999999999999,0.4219004621945797,0.9733333333333334,0.05962847939999438,452,13,7,6,0,452,1.0,0.5384615384615384,0.7,0.8045031185031185
Logistic Regression,derived_20,파생 2.0초,파생변수/파생채널,20,1.0,0.0,0.8333333333333333,0.23570226039551584,0.8933333333333333,0.1534781924429512,1.0,0.0,452,13,11,2,0,452,1.0,0.8461538461538461,0.9166666666666666,1.0
