fold,part,group,label
1,train,normal_384,0
1,train,normal_494,0
1,train,normal_74,0
1,train,normal_24,0
1,train,normal_240,0
1,train,normal_18,0
1,train,normal_12,0
1,train,normal_534,0
1,train,normal_435,0
1,train,normal_350,0
1,train,normal_283,0
1,train,normal_297,0
1,train,normal_562,0
1,train,normal_122,0
1,train,anomaly_4,1
1,train,normal_97,0
1,train,normal_338,0
1,train,normal_96,0
1,train,normal_235,0
1,train,normal_200,0
1,train,normal_351,0
1,train,normal_211,0
1,train,normal_170,0
1,train,normal_575,0
1,train,normal_286,0
1,train,normal_495,0
1,train,normal_93,0
1,train,normal_252,0
1,train,normal_434,0
1,train,normal_228,0
1,train,normal_521,0
1,train,normal_253,0
1,train,normal_553,0
1,train,normal_523,0
1,train,normal_259,0
1,train,normal_161,0
1,train,normal_137,0
1,train,normal_282,0
1,train,normal_241,0
1,train,normal_445,0
1,train,normal_532,0
1,train,normal_481,0
1,train,normal_110,0
1,train,normal_302,0
1,train,normal_48,0
1,train,normal_593,0
1,train,normal_76,0
1,train,normal_357,0
1,train,normal_202,0
1,train,normal_516,0
1,train,normal_432,0
1,train,normal_38,0
1,train,normal_55,0
1,train,normal_219,0
1,train,normal_436,0
1,train,normal_501,0
1,train,normal_372,0
1,train,normal_274,0
1,train,normal_345,0
1,train,normal_176,0
1,train,normal_230,0
1,train,normal_236,0
1,train,normal_293,0
1,train,normal_378,0
1,train,normal_450,0
1,train,normal_290,0
1,train,normal_171,0
1,train,normal_584,0
1,train,normal_16,0
1,train,normal_82,0
1,train,anomaly_7,1
1,train,normal_456,0
1,train,normal_444,0
1,train,normal_414,0
1,train,normal_336,0
1,train,normal_222,0
1,train,normal_487,0
1,train,normal_306,0
1,train,normal_490,0
1,train,normal_599,0
1,train,normal_186,0
1,train,normal_539,0
1,train,anomaly_13,1
1,train,normal_533,0
1,train,normal_312,0
1,train,normal_362,0
1,train,normal_558,0
1,train,normal_324,0
1,train,normal_149,0
1,train,anomaly_18,1
1,train,normal_412,0
1,train,normal_484,0
1,train,normal_44,0
1,train,normal_546,0
1,train,normal_88,0
1,train,normal_61,0
1,train,normal_49,0
1,train,normal_6,0
1,train,normal_54,0
1,train,normal_250,0
1,train,normal_165,0
1,train,normal_318,0
1,train,normal_52,0
1,train,normal_385,0
1,train,normal_201,0
1,train,normal_505,0
1,train,anomaly_17,1
1,train,normal_273,0
1,train,normal_337,0
1,train,normal_7,0
1,train,normal_348,0
1,train,normal_402,0
1,train,normal_465,0
1,train,normal_179,0
1,train,normal_441,0
1,train,normal_354,0
1,train,anomaly_19,1
1,train,normal_455,0
1,train,normal_386,0
1,train,normal_9,0
1,train,normal_11,0
1,train,normal_439,0
1,train,normal_20,0
1,train,normal_368,0
1,train,normal_35,0
1,train,normal_429,0
1,train,normal_281,0
1,train,normal_313,0
1,train,normal_515,0
1,train,normal_196,0
1,train,normal_323,0
1,train,normal_335,0
1,train,normal_518,0
1,train,normal_21,0
1,train,normal_272,0
1,train,normal_478,0
1,train,normal_108,0
1,train,normal_128,0
1,train,normal_43,0
1,train,normal_73,0
1,train,normal_104,0
1,train,normal_69,0
1,train,normal_537,0
1,train,normal_140,0
1,train,normal_134,0
1,train,normal_109,0
1,train,normal_36,0
1,train,normal_98,0
1,train,normal_361,0
1,train,normal_111,0
1,train,normal_19,0
1,train,normal_452,0
1,train,normal_572,0
1,train,normal_457,0
1,train,normal_467,0
1,train,normal_70,0
1,train,normal_126,0
1,train,normal_29,0
1,train,normal_513,0
1,train,normal_587,0
1,train,normal_331,0
1,train,normal_193,0
1,train,normal_393,0
1,train,normal_424,0
1,train,normal_360,0
1,train,normal_517,0
1,train,normal_148,0
1,train,normal_2,0
1,train,normal_116,0
1,train,normal_205,0
1,train,normal_159,0
1,train,normal_289,0
1,train,normal_588,0
1,train,normal_418,0
1,train,normal_582,0
1,train,normal_301,0
1,train,normal_448,0
1,train,normal_489,0
1,train,normal_595,0
1,train,normal_37,0
1,train,normal_535,0
1,train,normal_578,0
1,train,normal_573,0
1,train,normal_57,0
1,train,normal_249,0
1,train,normal_570,0
1,train,normal_375,0
1,train,normal_255,0
1,train,normal_50,0
1,train,normal_396,0
1,train,normal_132,0
1,train,normal_506,0
1,train,normal_80,0
1,train,normal_28,0
1,train,normal_278,0
1,train,normal_540,0
1,train,normal_565,0
1,train,normal_341,0
1,train,normal_374,0
1,train,normal_247,0
1,train,normal_64,0
1,train,normal_120,0
1,train,normal_180,0
1,train,normal_568,0
1,train,normal_138,0
1,train,normal_483,0
1,train,normal_17,0
1,train,normal_53,0
1,train,normal_391,0
1,train,normal_594,0
1,train,normal_571,0
1,train,normal_364,0
1,train,normal_68,0
1,train,normal_373,0
1,train,normal_576,0
1,train,normal_195,0
1,train,normal_121,0
1,train,normal_431,0
1,train,normal_106,0
1,train,normal_440,0
1,train,normal_141,0
1,train,normal_512,0
1,train,normal_172,0
1,train,normal_464,0
1,train,normal_419,0
1,train,normal_75,0
1,train,normal_525,0
1,train,normal_407,0
1,train,normal_366,0
1,train,normal_399,0
1,train,normal_214,0
1,train,normal_470,0
1,train,normal_248,0
1,train,normal_510,0
1,train,normal_500,0
1,train,normal_184,0
1,train,normal_461,0
1,train,normal_563,0
1,train,normal_191,0
1,train,normal_476,0
1,train,normal_262,0
1,train,normal_60,0
1,train,normal_123,0
1,train,normal_162,0
1,train,normal_527,0
1,train,normal_342,0
1,train,normal_45,0
1,train,normal_284,0
1,train,normal_65,0
1,train,normal_72,0
1,train,normal_14,0
1,train,normal_528,0
1,train,normal_117,0
1,train,normal_30,0
1,train,normal_344,0
1,train,normal_156,0
1,train,normal_213,0
1,train,normal_277,0
1,train,normal_409,0
1,train,normal_316,0
1,train,normal_199,0
1,train,normal_217,0
1,train,normal_133,0
1,train,normal_139,0
1,train,normal_332,0
1,train,normal_85,0
1,train,normal_81,0
1,train,normal_220,0
1,train,normal_380,0
1,train,normal_92,0
1,train,normal_155,0
1,train,normal_271,0
1,train,anomaly_3,1
1,train,normal_499,0
1,train,anomaly_16,1
1,train,normal_127,0
1,train,normal_339,0
1,train,normal_129,0
1,train,normal_189,0
1,valid,normal_552,0
1,valid,normal_462,0
1,valid,normal_31,0
1,valid,normal_423,0
1,valid,normal_498,0
1,valid,normal_90,0
1,valid,normal_267,0
1,valid,normal_425,0
1,valid,normal_522,0
1,valid,normal_63,0
1,valid,normal_5,0
1,valid,normal_482,0
1,valid,normal_379,0
1,valid,normal_557,0
1,valid,normal_135,0
1,valid,normal_437,0
1,valid,normal_242,0
1,valid,normal_598,0
1,valid,normal_381,0
1,valid,normal_325,0
1,valid,anomaly_2,1
1,valid,normal_154,0
1,valid,normal_502,0
1,valid,normal_91,0
1,valid,normal_218,0
1,valid,normal_544,0
1,valid,normal_101,0
1,valid,normal_276,0
1,valid,normal_474,0
1,valid,anomaly_9,1
1,valid,normal_308,0
1,valid,normal_326,0
1,valid,normal_26,0
1,valid,normal_319,0
1,valid,normal_145,0
1,valid,normal_447,0
1,valid,normal_254,0
1,valid,normal_446,0
1,valid,normal_413,0
1,valid,normal_67,0
1,valid,normal_538,0
1,valid,normal_468,0
1,valid,normal_113,0
1,valid,normal_234,0
1,valid,normal_330,0
1,valid,normal_493,0
1,valid,normal_114,0
1,valid,normal_231,0
1,valid,normal_590,0
1,valid,normal_471,0
1,valid,normal_376,0
1,valid,normal_153,0
1,valid,normal_355,0
1,valid,normal_343,0
1,valid,normal_329,0
1,valid,normal_492,0
1,valid,normal_420,0
1,valid,normal_13,0
1,valid,normal_543,0
1,valid,normal_486,0
1,valid,normal_34,0
1,valid,normal_287,0
1,valid,normal_275,0
1,valid,normal_210,0
1,valid,normal_317,0
1,valid,normal_23,0
1,valid,anomaly_8,1
1,valid,normal_42,0
1,valid,normal_507,0
1,valid,normal_295,0
1,valid,normal_146,0
1,valid,normal_585,0
1,valid,normal_589,0
1,valid,normal_25,0
1,valid,normal_369,0
1,valid,normal_307,0
1,valid,normal_204,0
1,valid,normal_358,0
1,valid,normal_166,0
1,valid,normal_520,0
1,valid,normal_479,0
1,valid,normal_300,0
1,valid,normal_579,0
1,valid,normal_182,0
1,valid,normal_66,0
1,valid,normal_559,0
1,valid,normal_59,0
1,valid,normal_194,0
1,valid,normal_296,0
1,valid,normal_105,0
1,valid,normal_480,0
1,valid,normal_401,0
1,valid,normal_458,0
1,test,normal_1,0
1,test,normal_3,0
1,test,normal_8,0
1,test,normal_51,0
1,test,normal_56,0
1,test,normal_58,0
1,test,normal_62,0
1,test,normal_71,0
1,test,normal_77,0
1,test,normal_79,0
1,test,normal_86,0
1,test,normal_87,0
1,test,normal_95,0
1,test,normal_99,0
1,test,normal_102,0
1,test,normal_103,0
1,test,normal_115,0
1,test,normal_130,0
1,test,normal_147,0
1,test,normal_160,0
1,test,normal_167,0
1,test,normal_173,0
1,test,normal_177,0
1,test,normal_178,0
1,test,normal_183,0
1,test,normal_185,0
1,test,normal_188,0
1,test,normal_190,0
1,test,normal_206,0
1,test,normal_207,0
1,test,normal_212,0
1,test,normal_223,0
1,test,normal_224,0
1,test,normal_225,0
1,test,normal_229,0
1,test,normal_237,0
1,test,normal_243,0
1,test,normal_246,0
1,test,normal_258,0
1,test,normal_260,0
1,test,normal_265,0
1,test,normal_266,0
1,test,normal_268,0
1,test,normal_288,0
1,test,normal_294,0
1,test,normal_299,0
1,test,normal_304,0
1,test,normal_305,0
1,test,normal_310,0
1,test,normal_311,0
1,test,normal_349,0
1,test,normal_356,0
1,test,normal_363,0
1,test,normal_367,0
1,test,normal_387,0
1,test,normal_390,0
1,test,normal_392,0
1,test,normal_397,0
1,test,normal_398,0
1,test,normal_403,0
1,test,normal_404,0
1,test,normal_406,0
1,test,normal_408,0
1,test,normal_411,0
1,test,normal_421,0
1,test,normal_426,0
1,test,normal_428,0
1,test,normal_430,0
1,test,normal_451,0
1,test,normal_453,0
1,test,normal_463,0
1,test,normal_469,0
1,test,normal_473,0
1,test,normal_475,0
1,test,normal_485,0
1,test,normal_488,0
1,test,normal_508,0
1,test,normal_511,0
1,test,normal_526,0
1,test,normal_529,0
1,test,normal_545,0
1,test,normal_549,0
1,test,normal_550,0
1,test,normal_551,0
1,test,normal_556,0
1,test,normal_564,0
1,test,normal_569,0
1,test,normal_577,0
1,test,normal_580,0
1,test,normal_583,0
1,test,normal_596,0
1,test,anomaly_12,1
1,test,anomaly_14,1
2,train,normal_199,0
2,train,normal_70,0
2,train,normal_480,0
2,train,normal_87,0
2,train,normal_96,0
2,train,normal_579,0
2,train,normal_506,0
2,train,normal_62,0
2,train,normal_532,0
2,train,normal_475,0
2,train,normal_135,0
2,train,normal_14,0
2,train,normal_219,0
2,train,normal_526,0
2,train,normal_266,0
2,train,normal_212,0
2,train,normal_276,0
2,train,normal_17,0
2,train,normal_544,0
2,train,normal_243,0
2,train,normal_425,0
2,train,normal_173,0
2,train,normal_193,0
2,train,normal_537,0
2,train,normal_316,0
2,train,normal_356,0
2,train,normal_63,0
2,train,normal_476,0
2,train,normal_326,0
2,train,normal_189,0
2,train,normal_535,0
2,train,normal_73,0
2,train,normal_92,0
2,train,normal_30,0
2,train,normal_351,0
2,train,normal_596,0
2,train,normal_86,0
2,train,normal_139,0
2,train,normal_527,0
2,train,normal_457,0
2,train,normal_421,0
2,train,normal_407,0
2,train,normal_463,0
2,train,normal_106,0
2,train,normal_258,0
2,train,normal_74,0
2,train,normal_1,0
2,train,normal_51,0
2,train,normal_437,0
2,train,normal_110,0
2,train,normal_528,0
2,train,normal_50,0
2,train,normal_283,0
2,train,normal_16,0
2,train,normal_411,0
2,train,normal_310,0
2,train,normal_155,0
2,train,normal_450,0
2,train,normal_337,0
2,train,normal_375,0
2,train,normal_500,0
2,train,normal_240,0
2,train,normal_265,0
2,train,normal_522,0
2,train,normal_160,0
2,train,normal_311,0
2,train,normal_484,0
2,train,normal_104,0
2,train,normal_252,0
2,train,normal_446,0
2,train,normal_262,0
2,train,normal_24,0
2,train,normal_229,0
2,train,normal_578,0
2,train,normal_553,0
2,train,normal_412,0
2,train,normal_137,0
2,train,normal_523,0
2,train,normal_357,0
2,train,normal_342,0
2,train,normal_3,0
2,train,normal_237,0
2,train,normal_297,0
2,train,normal_295,0
2,train,normal_97,0
2,train,normal_304,0
2,train,normal_241,0
2,train,normal_77,0
2,train,normal_80,0
2,train,normal_441,0
2,train,normal_218,0
2,train,normal_520,0
2,train,normal_64,0
2,train,normal_573,0
2,train,normal_546,0
2,train,normal_404,0
2,train,normal_474,0
2,train,normal_117,0
2,train,normal_299,0
2,train,normal_85,0
2,train,normal_103,0
2,train,normal_348,0
2,train,normal_38,0
2,train,normal_95,0
2,train,normal_300,0
2,train,normal_105,0
2,train,normal_533,0
2,train,normal_99,0
2,train,normal_267,0
2,train,normal_361,0
2,train,normal_473,0
2,train,normal_349,0
2,train,normal_55,0
2,train,normal_274,0
2,train,normal_494,0
2,train,normal_556,0
2,train,normal_246,0
2,train,normal_190,0
2,train,normal_350,0
2,train,normal_129,0
2,train,normal_487,0
2,train,normal_293,0
2,train,normal_464,0
2,train,normal_230,0
2,train,normal_76,0
2,train,normal_398,0
2,train,normal_571,0
2,train,normal_134,0
2,train,normal_396,0
2,train,normal_551,0
2,train,normal_294,0
2,train,normal_56,0
2,train,normal_141,0
2,train,normal_486,0
2,train,normal_589,0
2,train,normal_569,0
2,train,normal_178,0
2,train,normal_508,0
2,train,normal_220,0
2,train,normal_481,0
2,train,normal_424,0
2,train,normal_288,0
2,train,normal_498,0
2,train,normal_19,0
2,train,normal_558,0
2,train,normal_543,0
2,train,normal_468,0
2,train,normal_306,0
2,train,normal_72,0
2,train,anomaly_4,1
2,train,normal_162,0
2,train,normal_408,0
2,train,anomaly_3,1
2,train,normal_177,0
2,train,normal_515,0
2,train,normal_401,0
2,train,normal_447,0
2,train,normal_529,0
2,train,normal_23,0
2,train,normal_428,0
2,train,normal_549,0
2,train,normal_391,0
2,train,normal_318,0
2,train,normal_599,0
2,train,normal_360,0
2,train,normal_140,0
2,train,normal_206,0
2,train,normal_213,0
2,train,normal_312,0
2,train,normal_495,0
2,train,normal_564,0
2,train,normal_253,0
2,train,normal_2,0
2,train,normal_538,0
2,train,normal_575,0
2,train,normal_362,0
2,train,normal_488,0
2,train,normal_534,0
2,train,normal_272,0
2,train,normal_259,0
2,train,normal_379,0
2,train,normal_147,0
2,train,normal_67,0
2,train,normal_431,0
2,train,normal_185,0
2,train,normal_224,0
2,train,normal_123,0
2,train,anomaly_13,1
2,train,normal_380,0
2,train,normal_563,0
2,train,normal_369,0
2,train,normal_98,0
2,train,normal_296,0
2,train,normal_521,0
2,train,normal_414,0
2,train,normal_577,0
2,train,anomaly_14,1
2,train,normal_399,0
2,train,normal_364,0
2,train,normal_583,0
2,train,normal_154,0
2,train,normal_171,0
2,train,normal_582,0
2,train,normal_194,0
2,train,normal_127,0
2,train,normal_12,0
2,train,normal_35,0
2,train,normal_60,0
2,train,normal_196,0
2,train,normal_384,0
2,train,normal_550,0
2,train,normal_418,0
2,train,normal_435,0
2,train,normal_505,0
2,train,normal_402,0
2,train,normal_81,0
2,train,normal_281,0
2,train,normal_397,0
2,train,normal_406,0
2,train,normal_31,0
2,train,normal_79,0
2,train,anomaly_8,1
2,train,normal_93,0
2,train,normal_248,0
2,train,normal_82,0
2,train,normal_273,0
2,train,normal_115,0
2,train,normal_172,0
2,train,normal_36,0
2,train,normal_451,0
2,train,normal_335,0
2,train,normal_331,0
2,train,normal_344,0
2,train,normal_284,0
2,train,normal_330,0
2,train,normal_59,0
2,train,normal_156,0
2,train,normal_68,0
2,train,normal_570,0
2,train,normal_501,0
2,train,normal_512,0
2,train,normal_8,0
2,train,normal_482,0
2,train,normal_525,0
2,train,normal_71,0
2,train,normal_336,0
2,train,normal_37,0
2,train,normal_485,0
2,train,normal_430,0
2,train,normal_436,0
2,train,normal_479,0
2,train,normal_372,0
2,train,normal_183,0
2,train,normal_587,0
2,train,normal_507,0
2,train,normal_465,0
2,train,normal_423,0
2,train,normal_540,0
2,train,normal_111,0
2,train,normal_448,0
2,train,normal_585,0
2,train,normal_374,0
2,train,anomaly_12,1
2,train,anomaly_2,1
2,train,normal_502,0
2,train,normal_153,0
2,train,normal_287,0
2,train,normal_66,0
2,train,normal_413,0
2,train,normal_133,0
2,train,normal_313,0
2,train,normal_580,0
2,train,anomaly_17,1
2,train,normal_445,0
2,train,normal_387,0
2,train,normal_493,0
2,train,normal_453,0
2,train,normal_572,0
2,train,normal_48,0
2,valid,normal_234,0
2,valid,normal_121,0
2,valid,normal_368,0
2,valid,normal_165,0
2,valid,normal_204,0
2,valid,normal_268,0
2,valid,normal_390,0
2,valid,normal_138,0
2,valid,normal_102,0
2,valid,anomaly_18,1
2,valid,normal_132,0
2,valid,normal_7,0
2,valid,normal_188,0
2,valid,normal_545,0
2,valid,anomaly_16,1
2,valid,normal_467,0
2,valid,normal_116,0
2,valid,normal_223,0
2,valid,normal_88,0
2,valid,normal_338,0
2,valid,normal_305,0
2,valid,normal_275,0
2,valid,normal_202,0
2,valid,normal_432,0
2,valid,normal_18,0
2,valid,normal_52,0
2,valid,normal_584,0
2,valid,normal_324,0
2,valid,normal_65,0
2,valid,normal_260,0
2,valid,normal_69,0
2,valid,normal_339,0
2,valid,normal_54,0
2,valid,normal_167,0
2,valid,normal_34,0
2,valid,normal_510,0
2,valid,normal_242,0
2,valid,normal_341,0
2,valid,normal_469,0
2,valid,normal_489,0
2,valid,normal_483,0
2,valid,normal_207,0
2,valid,normal_439,0
2,valid,normal_25,0
2,valid,normal_145,0
2,valid,normal_345,0
2,valid,normal_319,0
2,valid,normal_385,0
2,valid,normal_45,0
2,valid,normal_271,0
2,valid,normal_61,0
2,valid,normal_511,0
2,valid,normal_278,0
2,valid,normal_130,0
2,valid,normal_302,0
2,valid,normal_461,0
2,valid,normal_170,0
2,valid,normal_58,0
2,valid,normal_113,0
2,valid,normal_392,0
2,valid,normal_565,0
2,valid,normal_109,0
2,valid,normal_378,0
2,valid,normal_225,0
2,valid,normal_329,0
2,valid,normal_91,0
2,valid,normal_222,0
2,valid,normal_180,0
2,valid,normal_201,0
2,valid,normal_381,0
2,valid,normal_426,0
2,valid,normal_470,0
2,valid,normal_286,0
2,valid,normal_343,0
2,valid,normal_120,0
2,valid,normal_176,0
2,valid,normal_354,0
2,valid,normal_363,0
2,valid,anomaly_19,1
2,valid,normal_367,0
2,valid,normal_598,0
2,valid,normal_478,0
2,valid,normal_228,0
2,valid,normal_195,0
2,valid,normal_403,0
2,valid,normal_513,0
2,valid,normal_373,0
2,valid,normal_49,0
2,valid,normal_28,0
2,valid,normal_458,0
2,valid,normal_429,0
2,valid,normal_307,0
2,valid,normal_184,0
2,test,normal_5,0
2,test,normal_6,0
2,test,normal_9,0
2,test,normal_11,0
2,test,normal_13,0
2,test,normal_20,0
2,test,normal_21,0
2,test,normal_26,0
2,test,normal_29,0
2,test,normal_42,0
2,test,normal_43,0
2,test,normal_44,0
2,test,normal_53,0
2,test,normal_57,0
2,test,normal_75,0
2,test,normal_90,0
2,test,normal_101,0
2,test,normal_108,0
2,test,normal_114,0
2,test,normal_122,0
2,test,normal_126,0
2,test,normal_128,0
2,test,normal_146,0
2,test,normal_148,0
2,test,normal_149,0
2,test,normal_159,0
2,test,normal_161,0
2,test,normal_166,0
2,test,normal_179,0
2,test,normal_182,0
2,test,normal_186,0
2,test,normal_191,0
2,test,normal_200,0
2,test,normal_205,0
2,test,normal_210,0
2,test,normal_211,0
2,test,normal_214,0
2,test,normal_217,0
2,test,normal_231,0
2,test,normal_235,0
2,test,normal_236,0
2,test,normal_247,0
2,test,normal_249,0
2,test,normal_250,0
2,test,normal_254,0
2,test,normal_255,0
2,test,normal_277,0
2,test,normal_282,0
2,test,normal_289,0
2,test,normal_290,0
2,test,normal_301,0
2,test,normal_308,0
2,test,normal_317,0
2,test,normal_323,0
2,test,normal_325,0
2,test,normal_332,0
2,test,normal_355,0
2,test,normal_358,0
2,test,normal_366,0
2,test,normal_376,0
2,test,normal_386,0
2,test,normal_393,0
2,test,normal_409,0
2,test,normal_419,0
2,test,normal_420,0
2,test,normal_434,0
2,test,normal_440,0
2,test,normal_444,0
2,test,normal_452,0
2,test,normal_455,0
2,test,normal_456,0
2,test,normal_462,0
2,test,normal_471,0
2,test,normal_490,0
2,test,normal_492,0
2,test,normal_499,0
2,test,normal_516,0
2,test,normal_517,0
2,test,normal_518,0
2,test,normal_539,0
2,test,normal_552,0
2,test,normal_557,0
2,test,normal_559,0
2,test,normal_562,0
2,test,normal_568,0
2,test,normal_576,0
2,test,normal_588,0
2,test,normal_590,0
2,test,normal_593,0
2,test,normal_594,0
2,test,normal_595,0
2,test,anomaly_7,1
2,test,anomaly_9,1
3,train,normal_495,0
3,train,normal_145,0
3,train,normal_156,0
3,train,normal_484,0
3,train,normal_387,0
3,train,normal_213,0
3,train,normal_199,0
3,train,normal_206,0
3,train,normal_81,0
3,train,normal_453,0
3,train,normal_337,0
3,train,normal_295,0
3,train,normal_486,0
3,train,normal_304,0
3,train,normal_101,0
3,train,normal_277,0
3,train,normal_3,0
3,train,normal_502,0
3,train,normal_113,0
3,train,normal_506,0
3,train,normal_445,0
3,train,normal_72,0
3,train,normal_254,0
3,train,normal_205,0
3,train,normal_364,0
3,train,normal_42,0
3,train,normal_8,0
3,train,normal_537,0
3,train,normal_207,0
3,train,normal_194,0
3,train,normal_70,0
3,train,normal_329,0
3,train,normal_558,0
3,train,normal_593,0
3,train,normal_135,0
3,train,anomaly_7,1
3,train,normal_87,0
3,train,normal_323,0
3,train,normal_409,0
3,train,normal_50,0
3,train,normal_246,0
3,train,normal_278,0
3,train,normal_482,0
3,train,normal_413,0
3,train,normal_338,0
3,train,normal_599,0
3,train,normal_550,0
3,train,normal_462,0
3,train,normal_44,0
3,train,normal_448,0
3,train,normal_564,0
3,train,normal_446,0
3,train,normal_180,0
3,train,normal_393,0
3,train,normal_351,0
3,train,normal_354,0
3,train,normal_11,0
3,train,normal_6,0
3,train,normal_52,0
3,train,normal_77,0
3,train,normal_361,0
3,train,normal_262,0
3,train,anomaly_9,1
3,train,normal_265,0
3,train,normal_583,0
3,train,normal_275,0
3,train,normal_127,0
3,train,normal_464,0
3,train,normal_318,0
3,train,normal_115,0
3,train,anomaly_14,1
3,train,normal_470,0
3,train,normal_408,0
3,train,normal_268,0
3,train,normal_20,0
3,train,normal_549,0
3,train,normal_598,0
3,train,normal_534,0
3,train,normal_272,0
3,train,normal_516,0
3,train,normal_440,0
3,train,normal_9,0
3,train,normal_37,0
3,train,normal_202,0
3,train,normal_114,0
3,train,normal_539,0
3,train,normal_311,0
3,train,normal_455,0
3,train,normal_109,0
3,train,anomaly_18,1
3,train,normal_62,0
3,train,normal_182,0
3,train,normal_432,0
3,train,normal_99,0
3,train,normal_166,0
3,train,normal_210,0
3,train,normal_579,0
3,train,normal_288,0
3,train,normal_490,0
3,train,normal_294,0
3,train,normal_138,0
3,train,normal_31,0
3,train,normal_284,0
3,train,normal_57,0
3,train,normal_128,0
3,train,normal_98,0
3,train,normal_258,0
3,train,normal_186,0
3,train,normal_545,0
3,train,normal_302,0
3,train,normal_300,0
3,train,normal_532,0
3,train,normal_59,0
3,train,normal_61,0
3,train,normal_237,0
3,train,anomaly_19,1
3,train,normal_481,0
3,train,normal_576,0
3,train,normal_326,0
3,train,normal_467,0
3,train,normal_177,0
3,train,normal_461,0
3,train,normal_122,0
3,train,normal_423,0
3,train,normal_211,0
3,train,normal_193,0
3,train,normal_66,0
3,train,normal_324,0
3,train,normal_428,0
3,train,normal_366,0
3,train,normal_551,0
3,train,normal_13,0
3,train,normal_308,0
3,train,normal_243,0
3,train,normal_529,0
3,train,normal_344,0
3,train,normal_147,0
3,train,normal_73,0
3,train,normal_499,0
3,train,normal_16,0
3,train,normal_343,0
3,train,normal_161,0
3,train,normal_535,0
3,train,normal_43,0
3,train,normal_588,0
3,train,normal_573,0
3,train,normal_403,0
3,train,normal_104,0
3,train,normal_420,0
3,train,normal_230,0
3,train,normal_247,0
3,train,normal_105,0
3,train,normal_557,0
3,train,normal_56,0
3,train,normal_148,0
3,train,normal_58,0
3,train,normal_356,0
3,train,normal_585,0
3,train,normal_441,0
3,train,normal_185,0
3,train,normal_170,0
3,train,normal_220,0
3,train,normal_173,0
3,train,normal_299,0
3,train,normal_540,0
3,train,normal_511,0
3,train,normal_38,0
3,train,normal_469,0
3,train,normal_568,0
3,train,normal_165,0
3,train,normal_134,0
3,train,normal_355,0
3,train,normal_360,0
3,train,normal_479,0
3,train,normal_183,0
3,train,normal_132,0
3,train,normal_217,0
3,train,normal_544,0
3,train,normal_526,0
3,train,normal_569,0
3,train,normal_331,0
3,train,normal_452,0
3,train,normal_91,0
3,train,normal_162,0
3,train,normal_222,0
3,train,normal_407,0
3,train,normal_572,0
3,train,normal_69,0
3,train,normal_178,0
3,train,normal_372,0
3,train,normal_218,0
3,train,normal_339,0
3,train,anomaly_12,1
3,train,normal_397,0
3,train,normal_426,0
3,train,normal_596,0
3,train,normal_390,0
3,train,normal_225,0
3,train,anomaly_8,1
3,train,normal_34,0
3,train,normal_589,0
3,train,normal_171,0
3,train,normal_379,0
3,train,normal_488,0
3,train,normal_577,0
3,train,normal_155,0
3,train,normal_14,0
3,train,normal_505,0
3,train,normal_444,0
3,train,normal_255,0
3,train,normal_317,0
3,train,normal_404,0
3,train,normal_367,0
3,train,normal_301,0
3,train,normal_82,0
3,train,normal_102,0
3,train,normal_434,0
3,train,normal_406,0
3,train,normal_289,0
3,train,normal_139,0
3,train,normal_266,0
3,train,normal_313,0
3,train,normal_252,0
3,train,normal_402,0
3,train,normal_363,0
3,train,normal_430,0
3,train,normal_7,0
3,train,normal_35,0
3,train,normal_538,0
3,train,normal_231,0
3,train,normal_79,0
3,train,normal_51,0
3,train,normal_498,0
3,train,normal_12,0
3,train,normal_236,0
3,train,normal_594,0
3,train,normal_67,0
3,train,normal_380,0
3,train,normal_179,0
3,train,normal_214,0
3,train,normal_374,0
3,train,normal_305,0
3,train,normal_53,0
3,train,normal_525,0
3,train,normal_332,0
3,train,normal_74,0
3,train,normal_580,0
3,train,normal_176,0
3,train,normal_111,0
3,train,normal_282,0
3,train,normal_421,0
3,train,normal_184,0
3,train,normal_129,0
3,train,normal_456,0
3,train,normal_26,0
3,train,normal_141,0
3,train,normal_126,0
3,train,normal_249,0
3,train,normal_71,0
3,train,normal_64,0
3,train,normal_201,0
3,train,normal_543,0
3,train,normal_191,0
3,train,normal_234,0
3,train,anomaly_3,1
3,train,normal_108,0
3,train,normal_563,0
3,train,normal_485,0
3,train,normal_571,0
3,train,normal_419,0
3,train,normal_552,0
3,train,normal_500,0
3,train,normal_5,0
3,train,normal_21,0
3,train,normal_523,0
3,train,normal_2,0
3,train,normal_575,0
3,train,normal_188,0
3,train,normal_399,0
3,valid,normal_223,0
3,valid,normal_595,0
3,valid,normal_97,0
3,valid,normal_473,0
3,valid,normal_240,0
3,valid,normal_149,0
3,valid,normal_527,0
3,valid,normal_513,0
3,valid,normal_159,0
3,valid,normal_90,0
3,valid,normal_475,0
3,valid,normal_376,0
3,valid,normal_224,0
3,valid,normal_386,0
3,valid,normal_75,0
3,valid,normal_253,0
3,valid,normal_396,0
3,valid,normal_492,0
3,valid,normal_483,0
3,valid,normal_447,0
3,valid,normal_146,0
3,valid,normal_140,0
3,valid,normal_241,0
3,valid,normal_587,0
3,valid,normal_398,0
3,valid,normal_200,0
3,valid,normal_49,0
3,valid,normal_559,0
3,valid,normal_106,0
3,valid,normal_116,0
3,valid,normal_471,0
3,valid,normal_457,0
3,valid,normal_250,0
3,valid,normal_501,0
3,valid,normal_556,0
3,valid,normal_76,0
3,valid,normal_92,0
3,valid,normal_425,0
3,valid,normal_160,0
3,valid,normal_570,0
3,valid,normal_562,0
3,valid,normal_349,0
3,valid,normal_117,0
3,valid,normal_480,0
3,valid,normal_307,0
3,valid,normal_1,0
3,valid,normal_392,0
3,valid,normal_235,0
3,valid,normal_60,0
3,valid,normal_493,0
3,valid,normal_274,0
3,valid,normal_28,0
3,valid,normal_242,0
3,valid,normal_103,0
3,valid,normal_29,0
3,valid,normal_325,0
3,valid,normal_17,0
3,valid,normal_260,0
3,valid,normal_286,0
3,valid,normal_137,0
3,valid,normal_341,0
3,valid,normal_23,0
3,valid,normal_358,0
3,valid,normal_451,0
3,valid,normal_196,0
3,valid,normal_411,0
3,valid,anomaly_17,1
3,valid,normal_384,0
3,valid,normal_487,0
3,valid,normal_259,0
3,valid,normal_229,0
3,valid,normal_273,0
3,valid,normal_86,0
3,valid,normal_590,0
3,valid,normal_517,0
3,valid,normal_65,0
3,valid,normal_507,0
3,valid,normal_431,0
3,valid,normal_463,0
3,valid,anomaly_13,1
3,valid,normal_290,0
3,valid,normal_310,0
3,valid,normal_190,0
3,valid,normal_276,0
3,valid,normal_518,0
3,valid,normal_489,0
3,valid,normal_212,0
3,valid,normal_508,0
3,valid,normal_95,0
3,valid,normal_167,0
3,valid,normal_375,0
3,valid,normal_133,0
3,valid,normal_130,0
3,test,normal_18,0
3,test,normal_19,0
3,test,normal_24,0
3,test,normal_25,0
3,test,normal_30,0
3,test,normal_36,0
3,test,normal_45,0
3,test,normal_48,0
3,test,normal_54,0
3,test,normal_55,0
3,test,normal_63,0
3,test,normal_68,0
3,test,normal_80,0
3,test,normal_85,0
3,test,normal_88,0
3,test,normal_93,0
3,test,normal_96,0
3,test,normal_110,0
3,test,normal_120,0
3,test,normal_121,0
3,test,normal_123,0
3,test,normal_153,0
3,test,normal_154,0
3,test,normal_172,0
3,test,normal_189,0
3,test,normal_195,0
3,test,normal_204,0
3,test,normal_219,0
3,test,normal_228,0
3,test,normal_248,0
3,test,normal_267,0
3,test,normal_271,0
3,test,normal_281,0
3,test,normal_283,0
3,test,normal_287,0
3,test,normal_293,0
3,test,normal_296,0
3,test,normal_297,0
3,test,normal_306,0
3,test,normal_312,0
3,test,normal_316,0
3,test,normal_319,0
3,test,normal_330,0
3,test,normal_335,0
3,test,normal_336,0
3,test,normal_342,0
3,test,normal_345,0
3,test,normal_348,0
3,test,normal_350,0
3,test,normal_357,0
3,test,normal_362,0
3,test,normal_368,0
3,test,normal_369,0
3,test,normal_373,0
3,test,normal_378,0
3,test,normal_381,0
3,test,normal_385,0
3,test,normal_391,0
3,test,normal_401,0
3,test,normal_412,0
3,test,normal_414,0
3,test,normal_418,0
3,test,normal_424,0
3,test,normal_429,0
3,test,normal_435,0
3,test,normal_436,0
3,test,normal_437,0
3,test,normal_439,0
3,test,normal_450,0
3,test,normal_458,0
3,test,normal_465,0
3,test,normal_468,0
3,test,normal_474,0
3,test,normal_476,0
3,test,normal_478,0
3,test,normal_494,0
3,test,normal_510,0
3,test,normal_512,0
3,test,normal_515,0
3,test,normal_520,0
3,test,normal_521,0
3,test,normal_522,0
3,test,normal_528,0
3,test,normal_533,0
3,test,normal_546,0
3,test,normal_553,0
3,test,normal_565,0
3,test,normal_578,0
3,test,normal_582,0
3,test,normal_584,0
3,test,anomaly_2,1
3,test,anomaly_4,1
3,test,anomaly_16,1
4,train,normal_462,0
4,train,normal_439,0
4,train,normal_108,0
4,train,normal_116,0
4,train,normal_384,0
4,train,normal_21,0
4,train,normal_159,0
4,train,normal_141,0
4,train,normal_249,0
4,train,normal_594,0
4,train,normal_411,0
4,train,normal_559,0
4,train,normal_19,0
4,train,normal_379,0
4,train,normal_54,0
4,train,anomaly_2,1
4,train,normal_393,0
4,train,normal_484,0
4,train,normal_429,0
4,train,normal_290,0
4,train,normal_546,0
4,train,normal_172,0
4,train,normal_355,0
4,train,normal_65,0
4,train,normal_552,0
4,train,normal_378,0
4,train,normal_179,0
4,train,normal_533,0
4,train,normal_138,0
4,train,normal_372,0
4,train,normal_529,0
4,train,normal_386,0
4,train,normal_363,0
4,train,normal_331,0
4,train,normal_95,0
4,train,normal_67,0
4,train,normal_452,0
4,train,normal_436,0
4,train,normal_173,0
4,train,normal_1,0
4,train,normal_9,0
4,train,normal_458,0
4,train,normal_598,0
4,train,normal_3,0
4,train,normal_6,0
4,train,normal_115,0
4,train,normal_139,0
4,train,normal_511,0
4,train,normal_148,0
4,train,normal_595,0
4,train,normal_225,0
4,train,normal_128,0
4,train,normal_317,0
4,train,normal_223,0
4,train,normal_463,0
4,train,normal_575,0
4,train,normal_123,0
4,train,normal_277,0
4,train,normal_479,0
4,train,normal_103,0
4,train,normal_200,0
4,train,normal_523,0
4,train,normal_11,0
4,train,anomaly_7,1
4,train,normal_538,0
4,train,normal_376,0
4,train,normal_517,0
4,train,normal_368,0
4,train,normal_494,0
4,train,normal_434,0
4,train,normal_408,0
4,train,normal_358,0
4,train,normal_584,0
4,train,normal_515,0
4,train,normal_367,0
4,train,normal_319,0
4,train,normal_407,0
4,train,normal_122,0
4,train,normal_526,0
4,train,normal_373,0
4,train,normal_397,0
4,train,normal_74,0
4,train,normal_473,0
4,train,normal_217,0
4,train,normal_248,0
4,train,normal_424,0
4,train,normal_44,0
4,train,normal_390,0
4,train,normal_323,0
4,train,anomaly_13,1
4,train,normal_423,0
4,train,normal_113,0
4,train,normal_153,0
4,train,normal_345,0
4,train,normal_301,0
4,train,normal_37,0
4,train,normal_589,0
4,train,normal_80,0
4,train,normal_311,0
4,train,normal_493,0
4,train,normal_183,0
4,train,normal_195,0
4,train,normal_432,0
4,train,normal_162,0
4,train,normal_29,0
4,train,normal_430,0
4,train,normal_318,0
4,train,normal_441,0
4,train,normal_510,0
4,train,normal_550,0
4,train,normal_374,0
4,train,normal_2,0
4,train,normal_50,0
4,train,normal_207,0
4,train,normal_302,0
4,train,normal_456,0
4,train,normal_273,0
4,train,normal_254,0
4,train,normal_229,0
4,train,normal_369,0
4,train,normal_580,0
4,train,normal_403,0
4,train,normal_13,0
4,train,normal_409,0
4,train,normal_196,0
4,train,normal_435,0
4,train,normal_579,0
4,train,normal_300,0
4,train,normal_380,0
4,train,normal_469,0
4,train,normal_426,0
4,train,normal_186,0
4,train,normal_304,0
4,train,normal_62,0
4,train,normal_354,0
4,train,normal_593,0
4,train,normal_57,0
4,train,normal_588,0
4,train,normal_18,0
4,train,normal_235,0
4,train,normal_483,0
4,train,normal_101,0
4,train,anomaly_14,1
4,train,normal_51,0
4,train,normal_578,0
4,train,normal_306,0
4,train,normal_412,0
4,train,normal_161,0
4,train,normal_401,0
4,train,normal_49,0
4,train,normal_518,0
4,train,normal_545,0
4,train,normal_58,0
4,train,normal_287,0
4,train,normal_190,0
4,train,normal_564,0
4,train,normal_258,0
4,train,normal_121,0
4,train,normal_71,0
4,train,normal_60,0
4,train,normal_228,0
4,train,normal_265,0
4,train,normal_56,0
4,train,normal_199,0
4,train,normal_464,0
4,train,normal_349,0
4,train,normal_336,0
4,train,normal_145,0
4,train,normal_64,0
4,train,normal_12,0
4,train,normal_185,0
4,train,normal_385,0
4,train,normal_114,0
4,train,normal_224,0
4,train,normal_478,0
4,train,normal_283,0
4,train,normal_135,0
4,train,normal_154,0
4,train,normal_361,0
4,train,normal_549,0
4,train,normal_68,0
4,train,normal_402,0
4,train,normal_512,0
4,train,normal_281,0
4,train,normal_250,0
4,train,normal_93,0
4,train,normal_87,0
4,train,normal_576,0
4,train,normal_528,0
4,train,normal_255,0
4,train,normal_455,0
4,train,normal_160,0
4,train,normal_489,0
4,train,normal_313,0
4,train,normal_392,0
4,train,normal_43,0
4,train,normal_492,0
4,train,normal_297,0
4,train,normal_191,0
4,train,normal_259,0
4,train,normal_332,0
4,train,anomaly_16,1
4,train,normal_188,0
4,train,normal_474,0
4,train,anomaly_12,1
4,train,normal_90,0
4,train,normal_171,0
4,train,normal_243,0
4,train,normal_247,0
4,train,normal_539,0
4,train,normal_75,0
4,train,normal_507,0
4,train,normal_590,0
4,train,normal_553,0
4,train,normal_182,0
4,train,normal_406,0
4,train,normal_381,0
4,train,normal_20,0
4,train,normal_540,0
4,train,normal_102,0
4,train,normal_582,0
4,train,normal_428,0
4,train,normal_271,0
4,train,normal_480,0
4,train,normal_356,0
4,train,normal_420,0
4,train,normal_324,0
4,train,normal_77,0
4,train,normal_568,0
4,train,normal_551,0
4,train,normal_437,0
4,train,normal_476,0
4,train,normal_260,0
4,train,normal_237,0
4,train,normal_391,0
4,train,normal_14,0
4,train,normal_404,0
4,train,normal_26,0
4,train,normal_516,0
4,train,normal_508,0
4,train,normal_166,0
4,train,normal_419,0
4,train,normal_176,0
4,train,normal_289,0
4,train,normal_53,0
4,train,normal_461,0
4,train,normal_444,0
4,train,normal_471,0
4,train,normal_35,0
4,train,normal_91,0
4,train,normal_522,0
4,train,normal_312,0
4,train,normal_490,0
4,train,normal_488,0
4,train,normal_85,0
4,train,anomaly_9,1
4,train,normal_268,0
4,train,normal_5,0
4,train,normal_211,0
4,train,normal_495,0
4,train,normal_398,0
4,train,normal_241,0
4,train,normal_282,0
4,train,normal_55,0
4,train,normal_468,0
4,train,normal_562,0
4,train,normal_577,0
4,train,normal_288,0
4,train,normal_571,0
4,train,normal_534,0
4,train,normal_30,0
4,train,normal_236,0
4,train,normal_573,0
4,train,normal_210,0
4,train,normal_360,0
4,train,anomaly_3,1
4,train,normal_23,0
4,train,normal_219,0
4,train,normal_556,0
4,valid,normal_193,0
4,valid,normal_262,0
4,valid,normal_246,0
4,valid,normal_120,0
4,valid,normal_299,0
4,valid,normal_25,0
4,valid,normal_357,0
4,valid,normal_440,0
4,valid,normal_220,0
4,valid,normal_482,0
4,valid,normal_305,0
4,valid,normal_520,0
4,valid,normal_467,0
4,valid,normal_447,0
4,valid,normal_16,0
4,valid,normal_308,0
4,valid,normal_213,0
4,valid,normal_342,0
4,valid,normal_8,0
4,valid,normal_267,0
4,valid,normal_348,0
4,valid,normal_214,0
4,valid,normal_24,0
4,valid,normal_335,0
4,valid,normal_218,0
4,valid,normal_205,0
4,valid,normal_45,0
4,valid,normal_293,0
4,valid,normal_465,0
4,valid,normal_110,0
4,valid,normal_79,0
4,valid,normal_451,0
4,valid,normal_189,0
4,valid,normal_414,0
4,valid,normal_36,0
4,valid,normal_569,0
4,valid,normal_294,0
4,valid,normal_499,0
4,valid,normal_425,0
4,valid,normal_126,0
4,valid,normal_351,0
4,valid,normal_485,0
4,valid,normal_450,0
4,valid,normal_177,0
4,valid,normal_99,0
4,valid,normal_330,0
4,valid,normal_481,0
4,valid,normal_501,0
4,valid,normal_310,0
4,valid,anomaly_19,1
4,valid,normal_296,0
4,valid,normal_413,0
4,valid,normal_316,0
4,valid,normal_86,0
4,valid,normal_48,0
4,valid,normal_96,0
4,valid,normal_286,0
4,valid,normal_105,0
4,valid,normal_557,0
4,valid,normal_266,0
4,valid,normal_202,0
4,valid,normal_475,0
4,valid,normal_565,0
4,valid,normal_149,0
4,valid,normal_178,0
4,valid,normal_146,0
4,valid,normal_596,0
4,valid,normal_212,0
4,valid,normal_338,0
4,valid,normal_366,0
4,valid,normal_206,0
4,valid,normal_167,0
4,valid,normal_130,0
4,valid,normal_63,0
4,valid,normal_88,0
4,valid,normal_337,0
4,valid,normal_453,0
4,valid,normal_325,0
4,valid,normal_147,0
4,valid,normal_421,0
4,valid,normal_387,0
4,valid,normal_364,0
4,valid,normal_521,0
4,valid,normal_583,0
4,valid,normal_38,0
4,valid,normal_446,0
4,valid,normal_362,0
4,valid,normal_418,0
4,valid,anomaly_4,1
4,valid,normal_42,0
4,valid,normal_350,0
4,valid,normal_231,0
4,valid,normal_204,0
4,test,normal_7,0
4,test,normal_17,0
4,test,normal_28,0
4,test,normal_31,0
4,test,normal_34,0
4,test,normal_52,0
4,test,normal_59,0
4,test,normal_61,0
4,test,normal_66,0
4,test,normal_69,0
4,test,normal_70,0
4,test,normal_72,0
4,test,normal_73,0
4,test,normal_76,0
4,test,normal_81,0
4,test,normal_82,0
4,test,normal_92,0
4,test,normal_97,0
4,test,normal_98,0
4,test,normal_104,0
4,test,normal_106,0
4,test,normal_109,0
4,test,normal_111,0
4,test,normal_117,0
4,test,normal_127,0
4,test,normal_129,0
4,test,normal_132,0
4,test,normal_133,0
4,test,normal_134,0
4,test,normal_137,0
4,test,normal_140,0
4,test,normal_155,0
4,test,normal_156,0
4,test,normal_165,0
4,test,normal_170,0
4,test,normal_180,0
4,test,normal_184,0
4,test,normal_194,0
4,test,normal_201,0
4,test,normal_222,0
4,test,normal_230,0
4,test,normal_234,0
4,test,normal_240,0
4,test,normal_242,0
4,test,normal_252,0
4,test,normal_253,0
4,test,normal_272,0
4,test,normal_274,0
4,test,normal_275,0
4,test,normal_276,0
4,test,normal_278,0
4,test,normal_284,0
4,test,normal_295,0
4,test,normal_307,0
4,test,normal_326,0
4,test,normal_329,0
4,test,normal_339,0
4,test,normal_341,0
4,test,normal_343,0
4,test,normal_344,0
4,test,normal_375,0
4,test,normal_396,0
4,test,normal_399,0
4,test,normal_431,0
4,test,normal_445,0
4,test,normal_448,0
4,test,normal_457,0
4,test,normal_470,0
4,test,normal_486,0
4,test,normal_487,0
4,test,normal_498,0
4,test,normal_500,0
4,test,normal_502,0
4,test,normal_505,0
4,test,normal_506,0
4,test,normal_513,0
4,test,normal_525,0
4,test,normal_527,0
4,test,normal_532,0
4,test,normal_535,0
4,test,normal_537,0
4,test,normal_543,0
4,test,normal_544,0
4,test,normal_558,0
4,test,normal_563,0
4,test,normal_570,0
4,test,normal_572,0
4,test,normal_585,0
4,test,normal_587,0
4,test,normal_599,0
4,test,anomaly_8,1
4,test,anomaly_17,1
4,test,anomaly_18,1
5,train,normal_156,0
5,train,normal_528,0
5,train,normal_512,0
5,train,normal_102,0
5,train,normal_556,0
5,train,normal_490,0
5,train,normal_260,0
5,train,normal_110,0
5,train,normal_272,0
5,train,normal_596,0
5,train,normal_408,0
5,train,normal_254,0
5,train,normal_44,0
5,train,normal_115,0
5,train,normal_177,0
5,train,normal_587,0
5,train,normal_404,0
5,train,normal_366,0
5,train,normal_95,0
5,train,normal_387,0
5,train,normal_583,0
5,train,anomaly_7,1
5,train,normal_153,0
5,train,normal_11,0
5,train,normal_7,0
5,train,normal_419,0
5,train,anomaly_16,1
5,train,normal_283,0
5,train,normal_329,0
5,train,normal_551,0
5,train,normal_72,0
5,train,normal_111,0
5,train,normal_341,0
5,train,normal_20,0
5,train,normal_399,0
5,train,normal_335,0
5,train,normal_282,0
5,train,normal_56,0
5,train,normal_339,0
5,train,normal_350,0
5,train,normal_62,0
5,train,normal_255,0
5,train,normal_58,0
5,train,normal_137,0
5,train,normal_358,0
5,train,normal_93,0
5,train,normal_499,0
5,train,normal_546,0
5,train,normal_428,0
5,train,normal_1,0
5,train,normal_527,0
5,train,normal_301,0
5,train,normal_104,0
5,train,normal_274,0
5,train,normal_584,0
5,train,normal_369,0
5,train,normal_595,0
5,train,normal_440,0
5,train,normal_424,0
5,train,normal_311,0
5,train,normal_200,0
5,train,anomaly_2,1
5,train,normal_24,0
5,train,normal_189,0
5,train,normal_229,0
5,train,normal_487,0
5,train,normal_59,0
5,train,normal_473,0
5,train,normal_578,0
5,train,normal_498,0
5,train,normal_502,0
5,train,normal_101,0
5,train,normal_99,0
5,train,normal_373,0
5,train,normal_375,0
5,train,normal_529,0
5,train,normal_210,0
5,train,normal_452,0
5,train,normal_268,0
5,train,normal_81,0
5,train,normal_392,0
5,train,normal_82,0
5,train,anomaly_17,1
5,train,normal_127,0
5,train,normal_247,0
5,train,normal_128,0
5,train,normal_453,0
5,train,normal_73,0
5,train,normal_295,0
5,train,normal_250,0
5,train,normal_108,0
5,train,normal_343,0
5,train,normal_577,0
5,train,normal_237,0
5,train,normal_21,0
5,train,normal_569,0
5,train,normal_173,0
5,train,normal_288,0
5,train,normal_188,0
5,train,normal_25,0
5,train,normal_553,0
5,train,normal_299,0
5,train,normal_222,0
5,train,normal_559,0
5,train,normal_562,0
5,train,normal_235,0
5,train,normal_345,0
5,train,normal_53,0
5,train,normal_17,0
5,train,normal_248,0
5,train,normal_342,0
5,train,normal_278,0
5,train,normal_194,0
5,train,normal_289,0
5,train,normal_500,0
5,train,normal_276,0
5,train,normal_54,0
5,train,normal_518,0
5,train,normal_77,0
5,train,normal_130,0
5,train,normal_161,0
5,train,normal_265,0
5,train,normal_406,0
5,train,normal_396,0
5,train,normal_129,0
5,train,normal_106,0
5,train,normal_513,0
5,train,normal_31,0
5,train,normal_474,0
5,train,normal_140,0
5,train,normal_132,0
5,train,normal_96,0
5,train,normal_66,0
5,train,normal_414,0
5,train,normal_325,0
5,train,normal_191,0
5,train,normal_267,0
5,train,normal_436,0
5,train,normal_599,0
5,train,normal_444,0
5,train,normal_133,0
5,train,normal_69,0
5,train,normal_570,0
5,train,normal_411,0
5,train,normal_316,0
5,train,normal_391,0
5,train,normal_434,0
5,train,normal_469,0
5,train,normal_330,0
5,train,normal_97,0
5,train,normal_29,0
5,train,normal_368,0
5,train,normal_585,0
5,train,normal_167,0
5,train,normal_310,0
5,train,normal_476,0
5,train,normal_36,0
5,train,normal_114,0
5,train,normal_478,0
5,train,normal_179,0
5,train,normal_357,0
5,train,normal_381,0
5,train,normal_494,0
5,train,normal_430,0
5,train,normal_457,0
5,train,normal_307,0
5,train,normal_55,0
5,train,normal_51,0
5,train,normal_275,0
5,train,normal_390,0
5,train,normal_398,0
5,train,normal_348,0
5,train,normal_378,0
5,train,normal_349,0
5,train,anomaly_18,1
5,train,normal_184,0
5,train,normal_85,0
5,train,normal_508,0
5,train,normal_126,0
5,train,normal_223,0
5,train,normal_134,0
5,train,normal_117,0
5,train,normal_488,0
5,train,normal_92,0
5,train,normal_42,0
5,train,normal_492,0
5,train,normal_564,0
5,train,normal_86,0
5,train,normal_165,0
5,train,normal_355,0
5,train,normal_439,0
5,train,normal_568,0
5,train,normal_146,0
5,train,normal_526,0
5,train,normal_76,0
5,train,normal_186,0
5,train,normal_323,0
5,train,normal_212,0
5,train,normal_30,0
5,train,normal_147,0
5,train,normal_243,0
5,train,normal_271,0
5,train,anomaly_8,1
5,train,normal_563,0
5,train,normal_386,0
5,train,normal_6,0
5,train,normal_468,0
5,train,normal_412,0
5,train,normal_228,0
5,train,normal_549,0
5,train,normal_535,0
5,train,normal_485,0
5,train,normal_214,0
5,train,normal_426,0
5,train,normal_305,0
5,train,normal_266,0
5,train,normal_201,0
5,train,normal_435,0
5,train,normal_242,0
5,train,normal_195,0
5,train,normal_317,0
5,train,normal_511,0
5,train,normal_552,0
5,train,normal_75,0
5,train,normal_450,0
5,train,normal_284,0
5,train,normal_123,0
5,train,normal_550,0
5,train,normal_401,0
5,train,normal_88,0
5,train,normal_582,0
5,train,normal_28,0
5,train,normal_475,0
5,train,normal_246,0
5,train,normal_87,0
5,train,normal_580,0
5,train,normal_19,0
5,train,normal_149,0
5,train,normal_26,0
5,train,normal_57,0
5,train,normal_103,0
5,train,normal_206,0
5,train,normal_290,0
5,train,normal_211,0
5,train,normal_537,0
5,train,normal_363,0
5,train,normal_178,0
5,train,normal_431,0
5,train,normal_154,0
5,train,normal_393,0
5,train,normal_18,0
5,train,normal_281,0
5,train,normal_344,0
5,train,normal_572,0
5,train,normal_376,0
5,train,normal_231,0
5,train,normal_448,0
5,train,anomaly_12,1
5,train,normal_185,0
5,train,normal_225,0
5,train,normal_296,0
5,train,normal_8,0
5,train,normal_52,0
5,train,normal_249,0
5,train,normal_183,0
5,train,normal_465,0
5,train,normal_306,0
5,train,normal_304,0
5,train,normal_356,0
5,train,normal_80,0
5,train,normal_533,0
5,train,normal_182,0
5,train,normal_205,0
5,train,normal_336,0
5,train,normal_293,0
5,train,normal_190,0
5,train,normal_9,0
5,train,anomaly_9,1
5,train,normal_297,0
5,valid,normal_462,0
5,valid,normal_588,0
5,valid,normal_532,0
5,valid,normal_109,0
5,valid,normal_517,0
5,valid,normal_429,0
5,valid,normal_122,0
5,valid,normal_515,0
5,valid,normal_258,0
5,valid,normal_456,0
5,valid,normal_421,0
5,valid,normal_287,0
5,valid,normal_418,0
5,valid,normal_455,0
5,valid,normal_172,0
5,valid,normal_437,0
5,valid,normal_463,0
5,valid,normal_539,0
5,valid,normal_63,0
5,valid,normal_516,0
5,valid,normal_217,0
5,valid,normal_43,0
5,valid,normal_166,0
5,valid,normal_160,0
5,valid,normal_486,0
5,valid,normal_458,0
5,valid,normal_155,0
5,valid,normal_308,0
5,valid,normal_471,0
5,valid,normal_312,0
5,valid,normal_420,0
5,valid,normal_121,0
5,valid,normal_445,0
5,valid,normal_319,0
5,valid,normal_230,0
5,valid,normal_451,0
5,valid,normal_79,0
5,valid,normal_120,0
5,valid,normal_544,0
5,valid,normal_3,0
5,valid,normal_558,0
5,valid,normal_277,0
5,valid,normal_98,0
5,valid,normal_5,0
5,valid,normal_522,0
5,valid,normal_13,0
5,valid,normal_326,0
5,valid,normal_219,0
5,valid,normal_204,0
5,valid,normal_590,0
5,valid,normal_236,0
5,valid,normal_521,0
5,valid,normal_505,0
5,valid,normal_48,0
5,valid,normal_159,0
5,valid,normal_385,0
5,valid,normal_362,0
5,valid,normal_68,0
5,valid,normal_148,0
5,valid,normal_397,0
5,valid,normal_525,0
5,valid,normal_403,0
5,valid,normal_170,0
5,valid,normal_510,0
5,valid,normal_545,0
5,valid,normal_565,0
5,valid,normal_294,0
5,valid,normal_332,0
5,valid,normal_253,0
5,valid,normal_34,0
5,valid,normal_45,0
5,valid,normal_543,0
5,valid,normal_252,0
5,valid,normal_470,0
5,valid,anomaly_4,1
5,valid,normal_240,0
5,valid,normal_409,0
5,valid,normal_234,0
5,valid,normal_90,0
5,valid,normal_224,0
5,valid,normal_70,0
5,valid,normal_367,0
5,valid,normal_180,0
5,valid,normal_594,0
5,valid,normal_71,0
5,valid,normal_593,0
5,valid,anomaly_14,1
5,valid,normal_520,0
5,valid,normal_576,0
5,valid,normal_207,0
5,valid,normal_506,0
5,valid,normal_557,0
5,valid,normal_61,0
5,test,normal_2,0
5,test,normal_12,0
5,test,normal_14,0
5,test,normal_16,0
5,test,normal_23,0
5,test,normal_35,0
5,test,normal_37,0
5,test,normal_38,0
5,test,normal_49,0
5,test,normal_50,0
5,test,normal_60,0
5,test,normal_64,0
5,test,normal_65,0
5,test,normal_67,0
5,test,normal_74,0
5,test,normal_91,0
5,test,normal_105,0
5,test,normal_113,0
5,test,normal_116,0
5,test,normal_135,0
5,test,normal_138,0
5,test,normal_139,0
5,test,normal_141,0
5,test,normal_145,0
5,test,normal_162,0
5,test,normal_171,0
5,test,normal_176,0
5,test,normal_193,0
5,test,normal_196,0
5,test,normal_199,0
5,test,normal_202,0
5,test,normal_213,0
5,test,normal_218,0
5,test,normal_220,0
5,test,normal_241,0
5,test,normal_259,0
5,test,normal_262,0
5,test,normal_273,0
5,test,normal_286,0
5,test,normal_300,0
5,test,normal_302,0
5,test,normal_313,0
5,test,normal_318,0
5,test,normal_324,0
5,test,normal_331,0
5,test,normal_337,0
5,test,normal_338,0
5,test,normal_351,0
5,test,normal_354,0
5,test,normal_360,0
5,test,normal_361,0
5,test,normal_364,0
5,test,normal_372,0
5,test,normal_374,0
5,test,normal_379,0
5,test,normal_380,0
5,test,normal_384,0
5,test,normal_402,0
5,test,normal_407,0
5,test,normal_413,0
5,test,normal_423,0
5,test,normal_425,0
5,test,normal_432,0
5,test,normal_441,0
5,test,normal_446,0
5,test,normal_447,0
5,test,normal_461,0
5,test,normal_464,0
5,test,normal_467,0
5,test,normal_479,0
5,test,normal_480,0
5,test,normal_481,0
5,test,normal_482,0
5,test,normal_483,0
5,test,normal_484,0
5,test,normal_489,0
5,test,normal_493,0
5,test,normal_495,0
5,test,normal_501,0
5,test,normal_507,0
5,test,normal_523,0
5,test,normal_534,0
5,test,normal_538,0
5,test,normal_540,0
5,test,normal_571,0
5,test,normal_573,0
5,test,normal_575,0
5,test,normal_579,0
5,test,normal_589,0
5,test,normal_598,0
5,test,anomaly_3,1
5,test,anomaly_13,1
5,test,anomaly_19,1
