구분,segment_id,TimeStamp,경과초,AI0_Vibration,AI1_Vibration,AI2_Current
정상,5,2022-07-12 00:00:32.752,0.0,-0.043644,-0.027867,58.613784
정상,5,2022-07-12 00:00:32.852,0.1,-0.01316,-0.066775,17.58981
정상,5,2022-07-12 00:00:32.952,0.2,-0.009346,0.035722,-22.138717
정상,5,2022-07-12 00:00:33.052,0.3,0.036135,-0.032749,-76.5133
정상,5,2022-07-12 00:00:33.152,0.4,0.066823,-0.014289,-104.15877
정상,5,2022-07-12 00:00:33.252,0.5,-0.020881,0.026322,-108.13714
정상,5,2022-07-12 00:00:33.352,0.6,-0.062173,-0.086382,-108.30737
정상,5,2022-07-12 00:00:33.452,0.7,-0.036469,0.01976,-91.560375
정상,5,2022-07-12 00:00:33.552,0.8,-0.033085,0.072813,-69.346317
정상,5,2022-07-12 00:00:33.652,0.9,0.047659,-0.044216,-30.608896
정상,5,2022-07-12 00:00:33.752,1.0,0.065881,-0.030637,7.634641
정상,5,2022-07-12 00:00:33.852,1.1,-0.034675,-0.041253,58.809645
정상,5,2022-07-12 00:00:33.952,1.2,-0.01584,-0.004673,101.09378
정상,5,2022-07-12 00:00:34.052,1.3,-0.029872,0.006726,107.80622
정상,5,2022-07-12 00:00:34.152,1.4,-0.083278,-0.019273,111.29559
정상,5,2022-07-12 00:00:34.252,1.5,0.022716,0.10408,99.122298
정상,5,2022-07-12 00:00:34.352,1.6,0.011624,0.03268,79.534421
정상,5,2022-07-12 00:00:34.452,1.7,-0.028056,-0.093955,45.624619
정상,5,2022-07-12 00:00:34.552,1.8,0.008036,0.049948,5.942226
정상,5,2022-07-12 00:00:34.652,1.9,-0.030781,0.060098,-38.492684
정상,5,2022-07-12 00:00:34.752,2.0,0.013111,-0.073178,-90.70171
정상,5,2022-07-12 00:00:34.852,2.1,0.001088,-0.021998,-105.96777
정상,5,2022-07-12 00:00:34.952,2.2,-0.049094,-0.001437,-110.00527
정상,5,2022-07-12 00:00:35.052,2.3,-0.002874,-0.020624,-104.38098
정상,5,2022-07-12 00:00:35.152,2.4,-0.008982,0.04527,-85.868369
정상,5,2022-07-12 00:00:35.252,2.5,-0.00024,0.005614,-58.43497
정상,5,2022-07-12 00:00:35.352,2.6,0.016165,-0.038471,-17.731669
정상,5,2022-07-12 00:00:35.452,2.7,-0.046233,-0.023076,21.420362
정상,5,2022-07-12 00:00:35.552,2.8,-0.066578,-0.06371,76.268324
정상,5,2022-07-12 00:00:35.652,2.9,-0.030713,-0.012892,105.09123
정상,5,2022-07-12 00:00:35.752,3.0,0.009841,0.047711,108.90807
정상,5,2022-07-12 00:00:35.852,3.1,0.051235,-0.008692,109.5704
정상,5,2022-07-12 00:00:35.952,3.2,0.033876,0.017864,93.602907
정상,5,2022-07-12 00:00:36.052,3.3,-0.012298,-0.007182,71.555861
정상,5,2022-07-12 00:00:36.152,3.4,-0.042316,-0.067331,32.342199
정상,5,2022-07-12 00:00:36.252,3.5,-0.045313,0.042568,-5.83613
정상,5,2022-07-12 00:00:36.352,3.6,-0.013024,-0.00163,-56.937224
정상,5,2022-07-12 00:00:36.452,3.7,0.067187,-0.095669,-99.654329
정상,5,2022-07-12 00:00:36.552,3.8,0.065279,0.030806,-106.13002
정상,5,2022-07-12 00:00:36.652,3.9,-0.010106,0.041115,-110.31391
정상,5,2022-07-12 00:00:36.752,4.0,0.026281,0.003059,-98.714125
정상,5,2022-07-12 00:00:36.852,4.1,-0.016703,0.079432,-79.239974
정상,5,2022-07-12 00:00:36.952,4.2,-0.043485,0.033315,-45.080906
정상,5,2022-07-12 00:00:37.052,4.3,0.042323,0.007759,-5.251766
정상,5,2022-07-12 00:00:37.152,4.4,0.012407,0.007294,38.985257
정상,5,2022-07-12 00:00:37.252,4.5,0.029267,-0.051176,91.815959
정상,5,2022-07-12 00:00:37.352,4.6,0.078846,0.076923,106.75336
정상,5,2022-07-12 00:00:37.452,4.7,0.043174,0.100686,110.48616
정상,5,2022-07-12 00:00:37.552,4.8,0.040472,-0.025018,104.99324
정상,5,2022-07-12 00:00:37.652,4.9,0.039791,0.026583,86.765657
이상,2,2022-07-17 10:51:16.724,0.0,0.31553783,0.20531456,34.570698
이상,2,2022-07-17 10:51:16.824,0.1,-0.30299289,0.30915396,70.333489
이상,2,2022-07-17 10:51:16.924,0.2,-0.20851951,0.24723456,151.39582
이상,2,2022-07-17 10:51:17.024,0.3,-0.10328419,0.25261634,147.81954
이상,2,2022-07-17 10:51:17.124,0.4,-0.0030048799,0.26231512,110.86465
이상,2,2022-07-17 10:51:17.224,0.5,-0.034705724,0.16326723,32.186512
이상,2,2022-07-17 10:51:17.324,0.6,0.10219733,0.18943541,185.96651
이상,2,2022-07-17 10:51:17.424,0.7,-0.25183223,0.061985622,-107.28837
이상,2,2022-07-17 10:51:17.524,0.8,-0.72065593,0.18661143,103.71209
이상,2,2022-07-17 10:51:17.624,0.9,-1.0084029,0.18383373,-59.604652
이상,2,2022-07-17 10:51:17.724,1.0,-0.55159947,-0.03054626,-98.943722
이상,2,2022-07-17 10:51:17.824,1.1,0.05619137,-0.41095125,-58.412559
이상,2,2022-07-17 10:51:17.924,1.2,0.77666812,-0.63460179,-41.723256000000006
이상,2,2022-07-17 10:51:18.024,1.3,1.0141485,-0.27726322,-4.7683722
이상,2,2022-07-17 10:51:18.124,1.4,0.66565997,0.22642502,19.073489
이상,2,2022-07-17 10:51:18.224,1.5,0.14287199,0.35294891,-10.728837
이상,2,2022-07-17 10:51:18.324,1.6,-0.35207842,0.27173613,20.265582
이상,2,2022-07-17 10:51:18.424,1.7,-0.78304213,0.2774304,11.92093
이상,2,2022-07-17 10:51:18.524,1.8,-0.7427538,0.2534728,-183.58233
이상,2,2022-07-17 10:51:18.624,1.9,-0.38071073,-0.2854227,-141.85907
이상,2,2022-07-17 10:51:18.724,2.0,0.44957103,-0.61829442,-84.638606
이상,2,2022-07-17 10:51:18.824,2.1,0.97580285,-0.31235474,-54.83628
이상,2,2022-07-17 10:51:18.924,2.2,0.45143644,0.37491583,-183.58233
이상,2,2022-07-17 10:51:19.024,2.3,0.51206762,-0.44267481,181.19814
이상,2,2022-07-17 10:51:19.124,2.4,-0.29843423,-0.03294202,87.022792
이상,2,2022-07-17 10:51:19.224,2.5,-0.22486664,-0.05416822,25.033954
이상,2,2022-07-17 10:51:19.324,2.6,-0.15277812,-0.070301984,76.293954
이상,2,2022-07-17 10:51:19.424,2.7,-0.17111207,0.029069965,125.16977
이상,2,2022-07-17 10:51:19.524,2.8,0.088731095,0.21633274,95.367443
이상,2,2022-07-17 10:51:19.624,2.9,-0.027553166,0.26119247,128.74605
이상,2,2022-07-17 10:51:19.724,3.0,0.020693488,0.26979174,72.717675
이상,2,2022-07-17 10:51:19.824,3.1,0.015770585,0.27914331,95.367443
이상,2,2022-07-17 10:51:19.924,3.2,0.039844242,0.25953743,27.41814
이상,2,2022-07-17 10:51:20.024,3.3,0.071567162,0.21963125,90.599071
이상,2,2022-07-17 10:51:20.124,3.4,0.063531572,0.24368143,47.683722
이상,2,2022-07-17 10:51:20.224,3.5,0.083741964,-0.17587745,69.141396
이상,2,2022-07-17 10:51:20.324,3.6,0.11077378,-0.18301843,72.717675
이상,2,2022-07-17 10:51:20.424,3.7,0.040837653,-0.097257176,119.2093
이상,2,2022-07-17 10:51:20.524,3.8,0.14821433,-0.16974338,60.796745
이상,2,2022-07-17 10:51:20.624,3.9,0.1271761,-0.17331966,-7.1525582000000005
이상,2,2022-07-17 10:51:20.724,4.0,0.10451529,-0.13157325,135.89861
이상,2,2022-07-17 10:51:20.824,4.1,0.074194182,-0.12804327,85.83069900000001
이상,2,2022-07-17 10:51:20.924,4.2,0.092991723,-0.1683661,79.870234
이상,2,2022-07-17 10:51:21.024,4.3,0.091578872,-0.14827413,94.17535
이상,2,2022-07-17 10:51:21.124,4.4,0.062107683,-0.16543795,67.949303
이상,2,2022-07-17 10:51:21.224,4.5,0.066324161,-0.15020694,44.107442000000006
이상,2,2022-07-17 10:51:21.324,4.6,0.041444737,-0.14007994,95.367443
이상,2,2022-07-17 10:51:21.424,4.7,0.07252746,-0.13643421,132.32233
이상,2,2022-07-17 10:51:21.524,4.8,0.094316271,-0.13323987,181.19814
이상,2,2022-07-17 10:51:21.624,4.9,0.10750656,-0.15582019,57.220466
